-- MySQL dump 10.13  Distrib 5.6.30, for linux-glibc2.5 (x86_64)
--
-- Host: localhost    Database: service_platform
-- ------------------------------------------------------
-- Server version	5.6.30

/*!40101 SET @OLD_CHARACTER_SET_CLIENT=@@CHARACTER_SET_CLIENT */;
/*!40101 SET @OLD_CHARACTER_SET_RESULTS=@@CHARACTER_SET_RESULTS */;
/*!40101 SET @OLD_COLLATION_CONNECTION=@@COLLATION_CONNECTION */;
/*!40101 SET NAMES utf8 */;
/*!40103 SET @OLD_TIME_ZONE=@@TIME_ZONE */;
/*!40103 SET TIME_ZONE='+00:00' */;
/*!40014 SET @OLD_UNIQUE_CHECKS=@@UNIQUE_CHECKS, UNIQUE_CHECKS=0 */;
/*!40014 SET @OLD_FOREIGN_KEY_CHECKS=@@FOREIGN_KEY_CHECKS, FOREIGN_KEY_CHECKS=0 */;
/*!40101 SET @OLD_SQL_MODE=@@SQL_MODE, SQL_MODE='NO_AUTO_VALUE_ON_ZERO' */;
/*!40111 SET @OLD_SQL_NOTES=@@SQL_NOTES, SQL_NOTES=0 */;

--
-- Table structure for table `common_address`
--

DROP TABLE IF EXISTS `common_address`;
/*!40101 SET @saved_cs_client     = @@character_set_client */;
/*!40101 SET character_set_client = utf8 */;
CREATE TABLE `common_address` (
  `id` bigint(20) NOT NULL AUTO_INCREMENT,
  `city` varchar(255) COLLATE utf8_unicode_ci DEFAULT NULL,
  `district` varchar(255) COLLATE utf8_unicode_ci DEFAULT NULL,
  `province` varchar(255) COLLATE utf8_unicode_ci DEFAULT NULL,
  `street` varchar(255) COLLATE utf8_unicode_ci DEFAULT NULL,
  PRIMARY KEY (`id`)
) ENGINE=InnoDB AUTO_INCREMENT=156 DEFAULT CHARSET=utf8 COLLATE=utf8_unicode_ci;
/*!40101 SET character_set_client = @saved_cs_client */;

--
-- Dumping data for table `common_address`
--

LOCK TABLES `common_address` WRITE;
/*!40000 ALTER TABLE `common_address` DISABLE KEYS */;
INSERT INTO `common_address` VALUES (1,'市辖区','东城区','北京','test'),(2,'北京市','东城区','北京市','五道口'),(3,'市辖区','东城区','北京','asdfasf'),(4,'市辖区','大兴区','北京','星光影视园4#楼'),(5,'市辖区','大兴区','北京','星光影视园'),(6,'市辖区','大兴区','北京','星光影视园'),(7,'鄂尔多斯市','鄂托克旗','内蒙古自治区','嘎嘎街'),(9,'市辖区','塘沽区','天津','44'),(10,'南宁市','西乡塘区','广西','1'),(11,'宝鸡市','凤翔县','陕西','123'),(12,'市','永川市','重庆','1'),(13,'孝感市','大悟县','湖北','对方水电费'),(14,'那曲地区','安多县','西藏','1111'),(15,'攀枝花市','东　区','四川','11'),(16,'市辖区','南开区','天津','111'),(17,'安顺市','平坝县','贵州','dsfg'),(18,'德阳市','罗江县','四川','123'),(19,'自贡市','贡井区','四川','1'),(20,'广州市','海珠区','广东','1'),(21,'市辖区','大兴区','北京','星光影视园'),(22,'市辖区','大兴区','北京','星光影视园'),(23,'市辖区','大兴区','北京','星光影视园'),(24,'市辖区','大兴区','北京','星光影视园'),(25,'市辖区','东城区','北京','东大街'),(26,'北京市','丰台区','北京市','楚河汉界'),(27,'市辖区','大兴区','北京','星光影视园4#楼'),(28,'市辖区','大兴区','北京','星光影视园4#楼'),(29,'市辖区','大兴区','北京','星光影视园4#楼'),(30,'北京市','东城区','北京市','在'),(31,'北京市','东城区','北京市','带回家飞飞哥'),(32,'海北藏族自治州','海晏县','青海','1'),(33,'大同市','矿　区','山西','3232'),(34,'北京市','东城区','北京市','在'),(35,'北京市','西城区','北京市','我们'),(36,'北京市','朝阳区','北京市','楚河汉界'),(37,'北京市','西城区','北京市','大兴'),(38,'北京市','丰台区','北京市','楚河汉界'),(39,'北京市','门头沟区','北京市','楚河汉界'),(40,'北京市','西城区','北京市','大兴'),(41,'北京市','西城区','北京市','大兴'),(42,'北京市','西城区','北京市','大兴'),(43,'北京市','西城区','北京市','大兴'),(44,'北京市','东城区','北京市','五道口'),(45,'北京市','海淀区','北京市','五道口'),(46,'市辖区','东城区','北京','asdf'),(47,'市辖区','东城区','北京','五道口'),(48,'北京市','大兴区','北京市','星光影视园'),(49,'北京市','东城区','北京市','五道口'),(50,'北京市','东城区','北京市','五道口'),(51,'市辖区','东城区','北京','adfafs'),(52,'石家庄市','井陉矿区','河北省','DJ法芙娜'),(53,'北京市','石景山区','北京市','DJ法芙娜'),(54,'长春市','南关区','吉林省','DJ法芙娜'),(55,'北京市','丰台区','北京市','呵呵v吃饭'),(56,'乌海市','海南区','内蒙古自治区','郭_皇家宝贝'),(57,'北京市','石景山区','北京市','除菌'),(58,'天津市','和平区','天津市','小宝贝都好都好徐'),(59,'博尔塔拉蒙古自治州','温泉县','新疆','亚历山大路'),(60,'北京市','西城区','北京市','嘎嘎嘎'),(61,'天津市','和平区','天津市','呵呵'),(62,'太原市','小店区','山西省','呵呵'),(63,'北京市','海淀区','北京市','呵呵'),(64,'通化市','柳河县','吉林省','阶段性'),(65,'海东地区','互助土族自治县','青海省','i'),(66,'北京市','石景山区','北京市','许那你下班'),(67,'北京市','大兴区','北京市','嘎嘎嘎'),(68,'北京市','海淀区','北京市','五道口'),(69,'北京市','东城区','北京市','五道口'),(70,'北京市','东城区','北京市','五道口'),(71,'北京市','东城区','北京市','五道口'),(72,'市辖区','大兴区','北京','大兴'),(73,'北京市','房山区','北京市','长安街'),(74,'咸阳市','秦都区','陕西省','体育场十字向南100米路西'),(75,'临汾市','襄汾县','山西省','襄汾县南贾镇大柴村'),(76,'北京市','东城区','北京市','星光影视园'),(77,'北京市','东城区','北京市','长安街3'),(78,'市辖区','海淀区','北京','知春路卫星大厦'),(79,'北京市','东城区','北京市','星光影视园'),(80,'安顺市','普定县','贵州','皇后大道'),(81,'市辖区','东城区','北京','大兴区星光影视园'),(82,'北京市','东城区','北京市','星光影视园'),(83,'北京市','东城区','北京市','星光影视园'),(84,'北京市','东城区','北京市','星光影视园'),(85,'北京市','东城区','北京市','星光影视园'),(86,'北京市','东城区','北京市','星光影视园'),(87,'北京市','东城区','北京市','星光影视园'),(88,'北京市','东城区','北京市','星光影视园'),(89,'北京市','东城区','北京市','星光影视园'),(90,'西安市','未央区','陕西省','太元路西南角'),(91,'抚州市','临川区','江西','五道口'),(92,'临汾市','襄汾县','山西省','大兴区'),(93,'临汾市','襄汾县','山西省','史各庄'),(94,'临汾市','襄汾县','山西省','史各庄嘎嘎'),(95,'临汾市','襄汾县','山西省','史各庄'),(96,'临汾市','襄汾县','山西省','史各庄才吃饭'),(97,'济南市','高新区(历下区)','山东省','孙村新区'),(98,'北京市','东城区','北京市','星光影视园'),(99,'北京市','东城区','北京市','星光影视园'),(100,'北京市','东城区','北京市','星光影视园'),(101,'临汾市','襄汾县','山西省','史各庄'),(102,'菏泽市','郓城县','山东省','山东省郓城县汽车站南200米路西'),(103,'长沙市','长沙县','湖南省','泉塘公园东门正对面泉天商业楼三楼'),(104,'深圳市','盐田区','广东省','深圳盐田区大梅沙万科东海岸海涛阁'),(105,'嘉兴市',' 海盐县','浙江省','秀水路166号'),(106,'太原市','万柏林区','山西省','和平北路彭西二巷口'),(107,'清远市','英德市','广东省','教育路和英州大道交界处英州阁二楼'),(108,'兰州市','城关区','甘肃省','雁滩路3583号'),(109,'清远市','英德市','广东省','教育路与英洲大道交汇处英洲阁二楼'),(110,'长春市','绿园区','吉林省','西安大路2389号'),(111,'深圳市','宝安区','广东省','龙华新区和平路康乐商务大厦3楼'),(112,'台州市','玉环县','浙江省','玉城街道珠城东路22号'),(113,'成都市','成华区','四川省','建设路10号万科钻石广场B座702、706室'),(114,'台州市','路桥区','浙江省','蓬街镇蓬街居三区25号'),(115,'宁波市','鄞州区','浙江省','南部商务区侨商大厦'),(116,'南充市','南部县','四川省','金利路37号2楼'),(117,'武汉市','江岸区','湖北省','百步亭新益街116号'),(118,'北京市','东城区','北京市','星光影视园'),(119,'宜春市','袁州区','江西省','灵泉街道平安路562号'),(120,'日照市','东港区','山东省','威海路'),(121,'市辖区','东城区','北京','东四十条12号'),(122,'北京市','东城区','北京市','星光影视园'),(123,'济宁市','邹城市','山东省','宏河路666号'),(124,'哈尔滨市','香坊区','黑龙江省','菜艺街10号\n'),(125,'信阳市','负忧','河南省','信阳市浉河区北京路金杯财富大厦斜对面三更老汤隔壁新星教育'),(126,'重庆市','长寿区','重庆市','晏家街道晏长路9号'),(127,'临汾市','吉县','山西省','柳卜湾'),(128,'濮阳市','华龙区','河南省','南海路与扶余路交叉口北30米'),(129,'南宁市','兴宁区','广西壮族自治区','广西南宁市人民解放路口，'),(130,'南阳市','邓州市','河南省','三贤路'),(131,'南宁市','横县','广西壮族自治区','横州镇柳明路017号'),(132,'邯郸市','武安市','河北省','向阳路夜宴对面农行三楼'),(133,'保定市','定州市','河北省',NULL),(134,'朔州市','朔城区','山西省','朔州市古北东街'),(135,'长沙市','芙蓉区','湖南省','湖南省长沙市芙蓉区马王堆银港水晶城B1栋2单元204'),(136,'郑州市','新郑市','河南省','龙湖镇'),(137,'临汾市','尧都区','山西省','解放东路立交桥头市二幼旁'),(138,'荆门市','沙洋县','湖北省','汉津大道84号'),(139,'北京市','东城区','北京市','新疆乌鲁木齐'),(140,'乌鲁木齐市','新市区','新 疆维吾尔自治区','金阳卫星花园'),(141,'江门市','新会区','广东省','中心南路37号106座'),(142,'驻马店市','西平县','河南省','南大街378号'),(143,'白城市','洮北区','吉林省','文化东路21——3'),(144,'白城市','洮北区','吉林省','文化东路21——3'),(145,'徐州市','邳州市','江苏省','青年东路直线画室'),(146,'嘉兴市',' 桐乡市 ','浙江省','浙江省桐乡市'),(147,'晋城市','高平市','山西省','康乐西街安平巷17号水墨书法'),(148,'三明市','沙县','福建省','政府广场'),(149,'抚州市','临川区','江西','五道口'),(150,'市辖区','东城区','北京','adfafs'),(151,'市辖区','大兴区','北京','星光影视园'),(152,'市辖区','东城区','北京','xdd'),(153,'市辖区','东城区','北京','发爱迪生地方'),(154,'昌吉回族自治州','昌吉市','新疆维吾尔自治区','建设路艺园小区对面优泽教育'),(155,'市辖区','东城区','北京','你告诉');
/*!40000 ALTER TABLE `common_address` ENABLE KEYS */;
UNLOCK TABLES;

--
-- Table structure for table `common_album`
--

DROP TABLE IF EXISTS `common_album`;
/*!40101 SET @saved_cs_client     = @@character_set_client */;
/*!40101 SET character_set_client = utf8 */;
CREATE TABLE `common_album` (
  `id` bigint(20) NOT NULL AUTO_INCREMENT,
  `create_time` datetime DEFAULT NULL,
  `_desc` varchar(255) COLLATE utf8_unicode_ci DEFAULT NULL,
  `name` varchar(255) COLLATE utf8_unicode_ci NOT NULL,
  `update_time` datetime DEFAULT NULL,
  PRIMARY KEY (`id`),
  UNIQUE KEY `UK_hu9p9olowluy5kd290od2x4iy` (`name`)
) ENGINE=InnoDB AUTO_INCREMENT=5 DEFAULT CHARSET=utf8 COLLATE=utf8_unicode_ci;
/*!40101 SET character_set_client = @saved_cs_client */;

--
-- Dumping data for table `common_album`
--

LOCK TABLES `common_album` WRITE;
/*!40000 ALTER TABLE `common_album` DISABLE KEYS */;
INSERT INTO `common_album` VALUES (1,'2016-08-16 09:55:43','HomeBanner','HomeBanner','2016-08-19 18:48:51'),(2,'2016-08-16 09:55:52','ArticleBanner','ArticleBanner','2016-08-16 09:55:52'),(3,'2016-08-16 09:56:00','ProductBanner','ProductBanner','2016-08-16 09:56:00'),(4,'2016-08-16 09:56:08','NoticeBanner','NoticeBanner','2016-08-16 09:56:08');
/*!40000 ALTER TABLE `common_album` ENABLE KEYS */;
UNLOCK TABLES;

--
-- Table structure for table `common_album_picture`
--

DROP TABLE IF EXISTS `common_album_picture`;
/*!40101 SET @saved_cs_client     = @@character_set_client */;
/*!40101 SET character_set_client = utf8 */;
CREATE TABLE `common_album_picture` (
  `album_id` bigint(20) NOT NULL,
  `picture_id` bigint(20) NOT NULL,
  KEY `FK57n1vn9uk3k1ujw7p52jyepk9` (`picture_id`),
  KEY `FKbvwpfyj7ylmwti7ylyr4vytjg` (`album_id`),
  CONSTRAINT `FK57n1vn9uk3k1ujw7p52jyepk9` FOREIGN KEY (`picture_id`) REFERENCES `common_picture` (`id`),
  CONSTRAINT `FKbvwpfyj7ylmwti7ylyr4vytjg` FOREIGN KEY (`album_id`) REFERENCES `common_album` (`id`)
) ENGINE=InnoDB DEFAULT CHARSET=utf8 COLLATE=utf8_unicode_ci;
/*!40101 SET character_set_client = @saved_cs_client */;

--
-- Dumping data for table `common_album_picture`
--

LOCK TABLES `common_album_picture` WRITE;
/*!40000 ALTER TABLE `common_album_picture` DISABLE KEYS */;
INSERT INTO `common_album_picture` VALUES (1,1),(1,2),(1,3),(1,4),(2,5),(2,6),(3,7),(3,8),(1,9),(1,10),(1,11),(1,12),(2,13),(2,14),(3,15),(3,16),(2,17);
/*!40000 ALTER TABLE `common_album_picture` ENABLE KEYS */;
UNLOCK TABLES;

--
-- Table structure for table `common_attachment`
--

DROP TABLE IF EXISTS `common_attachment`;
/*!40101 SET @saved_cs_client     = @@character_set_client */;
/*!40101 SET character_set_client = utf8 */;
CREATE TABLE `common_attachment` (
  `id` bigint(20) NOT NULL AUTO_INCREMENT,
  `create_time` datetime DEFAULT NULL,
  `_desc` varchar(255) COLLATE utf8_unicode_ci DEFAULT NULL,
  `_index` int(11) DEFAULT NULL,
  `name` varchar(255) COLLATE utf8_unicode_ci DEFAULT NULL,
  `thumb` varchar(255) COLLATE utf8_unicode_ci DEFAULT NULL,
  `type` int(11) NOT NULL,
  `url` varchar(255) COLLATE utf8_unicode_ci DEFAULT NULL,
  `download` bit(1) NOT NULL DEFAULT b'0',
  PRIMARY KEY (`id`)
) ENGINE=InnoDB AUTO_INCREMENT=12 DEFAULT CHARSET=utf8 COLLATE=utf8_unicode_ci;
/*!40101 SET character_set_client = @saved_cs_client */;

--
-- Dumping data for table `common_attachment`
--

LOCK TABLES `common_attachment` WRITE;
/*!40000 ALTER TABLE `common_attachment` DISABLE KEYS */;
INSERT INTO `common_attachment` VALUES (1,'2016-08-16 17:10:15','视频',1,'视频','',3,'1f139b94e9','\0'),(3,'2016-08-19 17:57:38','呼和浩特',0,'呼和浩特',NULL,1,'/Uploads/img/2016081917572457b6d8049c3919962.jpg','\0'),(4,'2016-08-19 18:01:12','呼和浩特',0,'呼和浩特',NULL,1,'/Uploads/img/2016081918011157b6d8e73bd7a5105.jpg','\0'),(5,'2016-08-22 10:49:33','峰会图',0,'峰会图',NULL,1,'/Uploads/img/2016082210492157ba6831aa48c2122.png','\0'),(6,'2016-08-22 10:57:11','峰会图',0,'峰会图','/Uploads/img/2016082210570357ba69ff7866c7860.png',1,NULL,'\0'),(7,'2016-08-22 11:08:49','峰会图#1',0,'峰会图#1','/Uploads/img/2016082211083057ba6cae4d66c566.jpg',1,NULL,'\0'),(8,'2016-08-25 15:00:57','语音',1,'关于邀约，德飞老师的语音讲解','/Uploads/img/57be97a93b757.jpg',2,'/Uploads/music/2016082514501957be952bf38837841.mp3','\0'),(9,'2016-08-30 12:25:51','邀约，语音',1,'如何做到邀约家长到校语音','/Uploads/img/57c50acfb90bc.jpg',2,'/Uploads/music/2016083012221557c509f71be4d3130.mp3','\0'),(10,'2016-08-31 00:43:28','我们去做咨询，必须要懂的几件事——咨询师具备的素质，咨询的常识与咨询话术。',1,'如何做好咨询？','/Uploads/img/57c5b7b04fed2.jpg',2,'/Uploads/music/2016083100432157c5b7a903eac9820.mp3','\0'),(11,'2016-08-31 00:52:37','如何做好咨询音频文件',1,'如何做好咨询？','/Uploads/img/57c5b9d582776.jpg',2,'/Uploads/music/2016083100523057c5b9ceaac554458.mp3','\0');
/*!40000 ALTER TABLE `common_attachment` ENABLE KEYS */;
UNLOCK TABLES;

--
-- Table structure for table `common_attachment_mapping`
--

DROP TABLE IF EXISTS `common_attachment_mapping`;
/*!40101 SET @saved_cs_client     = @@character_set_client */;
/*!40101 SET character_set_client = utf8 */;
CREATE TABLE `common_attachment_mapping` (
  `id` bigint(20) NOT NULL AUTO_INCREMENT,
  `attachment_id` bigint(20) NOT NULL,
  `source_id` bigint(20) NOT NULL,
  `source_type` bigint(20) NOT NULL,
  PRIMARY KEY (`id`)
) ENGINE=InnoDB AUTO_INCREMENT=12 DEFAULT CHARSET=utf8 COLLATE=utf8_unicode_ci;
/*!40101 SET character_set_client = @saved_cs_client */;

--
-- Dumping data for table `common_attachment_mapping`
--

LOCK TABLES `common_attachment_mapping` WRITE;
/*!40000 ALTER TABLE `common_attachment_mapping` DISABLE KEYS */;
INSERT INTO `common_attachment_mapping` VALUES (1,1,29,1),(3,3,3,2),(4,4,7,2),(5,5,8,2),(6,6,9,2),(7,7,10,2),(8,8,32,1),(9,9,33,1),(10,10,34,1),(11,11,35,1);
/*!40000 ALTER TABLE `common_attachment_mapping` ENABLE KEYS */;
UNLOCK TABLES;

--
-- Table structure for table `common_permission`
--

DROP TABLE IF EXISTS `common_permission`;
/*!40101 SET @saved_cs_client     = @@character_set_client */;
/*!40101 SET character_set_client = utf8 */;
CREATE TABLE `common_permission` (
  `id` int(11) NOT NULL AUTO_INCREMENT,
  `allow` bit(1) NOT NULL,
  `permission_name` varchar(255) COLLATE utf8_unicode_ci DEFAULT NULL,
  `target_id` int(11) DEFAULT NULL,
  `type` int(11) NOT NULL,
  PRIMARY KEY (`id`)
) ENGINE=InnoDB DEFAULT CHARSET=utf8 COLLATE=utf8_unicode_ci;
/*!40101 SET character_set_client = @saved_cs_client */;

--
-- Dumping data for table `common_permission`
--

LOCK TABLES `common_permission` WRITE;
/*!40000 ALTER TABLE `common_permission` DISABLE KEYS */;
/*!40000 ALTER TABLE `common_permission` ENABLE KEYS */;
UNLOCK TABLES;

--
-- Table structure for table `common_picture`
--

DROP TABLE IF EXISTS `common_picture`;
/*!40101 SET @saved_cs_client     = @@character_set_client */;
/*!40101 SET character_set_client = utf8 */;
CREATE TABLE `common_picture` (
  `id` bigint(20) NOT NULL AUTO_INCREMENT,
  `create_time` datetime DEFAULT NULL,
  `_index` int(11) NOT NULL DEFAULT '1' COMMENT 'picture show order',
  `target_id` varchar(255) COLLATE utf8_unicode_ci DEFAULT NULL,
  `target_type` int(11) DEFAULT NULL,
  `name` varchar(255) COLLATE utf8_unicode_ci DEFAULT NULL,
  `thumb` varchar(255) COLLATE utf8_unicode_ci NOT NULL,
  `device_type` tinyint(4) unsigned NOT NULL DEFAULT '1' COMMENT 'banner设备类型，1：pc端，2：app端',
  PRIMARY KEY (`id`)
) ENGINE=InnoDB AUTO_INCREMENT=18 DEFAULT CHARSET=utf8 COLLATE=utf8_unicode_ci;
/*!40101 SET character_set_client = @saved_cs_client */;

--
-- Dumping data for table `common_picture`
--

LOCK TABLES `common_picture` WRITE;
/*!40000 ALTER TABLE `common_picture` DISABLE KEYS */;
INSERT INTO `common_picture` VALUES (1,'2016-08-16 16:02:56',1,'30',1,'PC1','/Uploads/img/pc/57b2c8b0a321c.png',1),(2,'2016-08-16 16:03:11',2,'29',1,'pc2','/Uploads/img/pc/57b2c8bf56083.png',1),(3,'2016-08-16 16:03:26',3,'28',1,'pc3','/Uploads/img/pc/57b2c8ce7fa9b.png',1),(4,'2016-08-16 16:03:39',4,'31',1,'pc4','/Uploads/img/pc/57b432a5a2e8f.png',1),(5,'2016-08-16 16:04:03',1,'31',1,'pc1','/Uploads/img/pc/57b2c8f3cc0af.png',1),(6,'2016-08-16 16:04:17',2,'28',1,'pc2','/Uploads/img/pc/57b2c90177ad4.png',1),(7,'2016-08-16 16:04:33',1,'1',3,'pc1','/Uploads/img/pc/57b2c911c8059.png',1),(8,'2016-08-16 16:04:50',2,'1',3,'pc2','/Uploads/img/pc/57b2c922d3320.png',1),(9,'2016-08-16 16:05:13',1,'12',1,'app1','/Uploads/img/app/57b2c939f275b.png',2),(10,'2016-08-16 16:05:27',2,'25',1,'app2','/Uploads/img/app/57b2c94700ca0.png',2),(11,'2016-08-16 16:05:40',3,'22',1,'app3','/Uploads/img/app/57b2c9543076f.png',2),(12,'2016-08-16 16:05:51',4,'21',1,'app4','/Uploads/img/pc/57b2c95f9c9cf.png',2),(13,'2016-08-16 16:06:37',1,'28',1,'app1','/Uploads/img/app/57b2c98ddef68.png',2),(14,'2016-08-16 16:06:53',2,'31',1,'app2','/Uploads/img/app/57b2cbfb6c099.png',2),(15,'2016-08-16 16:07:08',1,'1',3,'app1','/Uploads/img/app/57b2c9acdad10.png',2),(16,'2016-08-16 16:07:19',2,'1',3,'app2','/Uploads/img/app/57b2cc07b28d0.png',2),(17,'2016-08-17 17:46:53',3,'29',1,'pc1','/Uploads/img/pc/57b4328d16003.png',1);
/*!40000 ALTER TABLE `common_picture` ENABLE KEYS */;
UNLOCK TABLES;

--
-- Table structure for table `crm_contact`
--

DROP TABLE IF EXISTS `crm_contact`;
/*!40101 SET @saved_cs_client     = @@character_set_client */;
/*!40101 SET character_set_client = utf8 */;
CREATE TABLE `crm_contact` (
  `id` bigint(20) NOT NULL AUTO_INCREMENT,
  `birthday` datetime DEFAULT NULL,
  `create_time` datetime DEFAULT NULL,
  `education` varchar(255) COLLATE utf8_unicode_ci DEFAULT NULL,
  `email` varchar(255) COLLATE utf8_unicode_ci DEFAULT NULL,
  `is_main` bit(1) NOT NULL,
  `job_position` varchar(255) COLLATE utf8_unicode_ci DEFAULT NULL,
  `name` varchar(255) COLLATE utf8_unicode_ci DEFAULT NULL,
  `phone` varchar(255) COLLATE utf8_unicode_ci DEFAULT NULL,
  `phone2` varchar(255) COLLATE utf8_unicode_ci DEFAULT NULL,
  `portrait` varchar(255) COLLATE utf8_unicode_ci DEFAULT NULL,
  `relation_ship` varchar(255) COLLATE utf8_unicode_ci DEFAULT NULL,
  `tel` varchar(255) COLLATE utf8_unicode_ci DEFAULT NULL,
  `trait` varchar(255) COLLATE utf8_unicode_ci DEFAULT NULL,
  `updata_time` datetime DEFAULT NULL,
  `user_id` bigint(20) NOT NULL,
  `wechat` varchar(255) COLLATE utf8_unicode_ci DEFAULT NULL,
  `work_experience` varchar(255) COLLATE utf8_unicode_ci DEFAULT NULL,
  `address_id` bigint(20) DEFAULT NULL,
  PRIMARY KEY (`id`),
  UNIQUE KEY `UK_6974ge45s9oc98n6h9spkvjer` (`address_id`),
  KEY `FKlexogb5cqgu07geqgf2b2ko15` (`user_id`),
  CONSTRAINT `FKlexogb5cqgu07geqgf2b2ko15` FOREIGN KEY (`user_id`) REFERENCES `crm_customer` (`user_id`),
  CONSTRAINT `FKq8okhtlxg1ld2q8v7qbpuw8jt` FOREIGN KEY (`address_id`) REFERENCES `common_address` (`id`)
) ENGINE=InnoDB AUTO_INCREMENT=148 DEFAULT CHARSET=utf8 COLLATE=utf8_unicode_ci;
/*!40101 SET character_set_client = @saved_cs_client */;

--
-- Dumping data for table `crm_contact`
--

LOCK TABLES `crm_contact` WRITE;
/*!40000 ALTER TABLE `crm_contact` DISABLE KEYS */;
INSERT INTO `crm_contact` VALUES (30,NULL,'2016-08-18 16:13:06',NULL,NULL,'',NULL,NULL,'18611239957',NULL,NULL,NULL,NULL,NULL,'2016-08-18 16:13:06',38,NULL,NULL,NULL),(31,NULL,'2016-08-18 20:07:53',NULL,NULL,'',NULL,'负责人姓名','18688882222',NULL,NULL,NULL,NULL,NULL,'2016-08-18 20:07:53',42,NULL,NULL,47),(33,NULL,'2016-08-18 23:57:40',NULL,NULL,'',NULL,NULL,'18732835488',NULL,NULL,NULL,NULL,NULL,'2016-08-18 23:57:40',32,NULL,NULL,NULL),(34,'2016-08-22 00:00:00','2016-08-19 09:25:35',NULL,'123456@qq.com','',NULL,'测试','15110081322',NULL,'/resources/upload/image/2016/7/fe0018883bf2fbff7c130902fe5ed293',NULL,'32156465465','性格','2016-08-25 17:02:44',48,'123456',NULL,NULL),(35,'2016-08-08 00:00:00','2016-08-19 11:26:29',NULL,'18910103387@qq.com','',NULL,'你猜','18910103366',NULL,'/resources/upload/image/2016/7/4c9b394ec75f3092f1e03a205b199b8d',NULL,'18910103387','18910103387','2016-08-19 11:26:29',43,'18910103387',NULL,NULL),(36,NULL,'2016-08-19 11:32:15',NULL,'','\0','','189101033','',NULL,'/resources/upload/image/2016/7/5f3388d17899532ff4369075e160b566',NULL,NULL,NULL,'2016-08-19 11:32:15',43,NULL,NULL,NULL),(37,NULL,'2016-08-19 11:32:15',NULL,'','\0','','189101033','',NULL,'/resources/upload/image/2016/7/46b8f28e62c9075ebc48cefca82ec8f0',NULL,NULL,NULL,'2016-08-19 11:32:15',43,NULL,NULL,NULL),(38,NULL,'2016-08-19 11:32:15',NULL,'','\0','','189101033','',NULL,'/resources/upload/image/2016/7/7309670d46e6ca95ce387f9607cc3180',NULL,NULL,NULL,'2016-08-19 11:32:15',43,NULL,NULL,NULL),(39,NULL,'2016-08-19 11:34:27',NULL,'','',NULL,'你干啥呢','',NULL,NULL,NULL,'','','2016-08-31 23:13:38',41,'',NULL,NULL),(40,NULL,'2016-08-19 11:34:27',NULL,'','\0','','','',NULL,NULL,NULL,NULL,NULL,'2016-08-19 11:34:27',41,NULL,NULL,NULL),(41,NULL,'2016-08-19 11:34:27',NULL,'','\0','','','',NULL,NULL,NULL,NULL,NULL,'2016-08-19 11:34:27',41,NULL,NULL,NULL),(42,NULL,'2016-08-19 11:34:27',NULL,'','\0','','','',NULL,NULL,NULL,NULL,NULL,'2016-08-19 11:34:27',41,NULL,NULL,NULL),(43,NULL,'2016-08-19 11:42:36',NULL,NULL,'',NULL,'个红包','13261053210',NULL,NULL,NULL,NULL,NULL,'2016-08-19 11:42:36',49,NULL,NULL,NULL),(44,NULL,'2016-08-19 14:56:20',NULL,NULL,'',NULL,'点解呵呵','15810344249',NULL,NULL,NULL,NULL,NULL,'2016-08-19 15:50:11',52,NULL,NULL,NULL),(45,NULL,'2016-08-19 15:44:34',NULL,NULL,'',NULL,NULL,'13121782698',NULL,NULL,NULL,NULL,NULL,'2016-08-19 15:44:34',55,NULL,NULL,NULL),(46,NULL,'2016-08-19 16:07:38',NULL,'','',NULL,'诗诗','18193107457',NULL,NULL,NULL,'','','2016-08-25 11:40:58',56,'',NULL,NULL),(47,NULL,NULL,NULL,NULL,'',NULL,'校长','15090067066',NULL,NULL,NULL,NULL,NULL,'2016-08-19 16:44:55',57,NULL,NULL,59),(48,NULL,'2016-08-19 19:08:49',NULL,NULL,'',NULL,'石冬冬','13693752275',NULL,NULL,NULL,NULL,NULL,'2016-08-20 22:28:58',62,NULL,NULL,NULL),(49,NULL,'2016-08-19 19:27:27',NULL,NULL,'',NULL,NULL,'15628785158',NULL,NULL,NULL,NULL,NULL,'2016-08-19 19:27:27',63,NULL,NULL,NULL),(50,NULL,'2016-08-19 19:28:28',NULL,NULL,'',NULL,'李雅凯','18611239323',NULL,NULL,NULL,NULL,NULL,'2016-08-20 22:26:12',78,NULL,NULL,NULL),(51,NULL,'2016-08-20 13:45:18',NULL,'','\0','','','',NULL,NULL,NULL,NULL,NULL,'2016-08-20 13:45:18',56,NULL,NULL,NULL),(52,NULL,'2016-08-20 13:45:18',NULL,'','\0','','','',NULL,NULL,NULL,NULL,NULL,'2016-08-20 13:45:18',56,NULL,NULL,NULL),(53,NULL,'2016-08-20 13:45:18',NULL,'','\0','','','',NULL,NULL,NULL,NULL,NULL,'2016-08-20 13:45:18',56,NULL,NULL,NULL),(54,NULL,'2016-08-20 21:36:14',NULL,NULL,'',NULL,NULL,'18611239602',NULL,NULL,NULL,NULL,NULL,'2016-08-20 21:36:14',79,NULL,NULL,NULL),(55,NULL,'2016-08-20 21:56:21',NULL,NULL,'',NULL,'王龙','18610321292',NULL,NULL,NULL,NULL,NULL,'2016-08-20 21:56:21',98,NULL,NULL,NULL),(56,NULL,'2016-08-21 16:39:28',NULL,NULL,'',NULL,'刘彬','18510732683',NULL,NULL,NULL,NULL,NULL,'2016-08-21 16:39:28',103,NULL,NULL,NULL),(57,NULL,'2016-08-22 09:06:57',NULL,'','',NULL,'梦辉','15810153479',NULL,NULL,NULL,'','','2016-08-22 09:06:57',45,'',NULL,NULL),(58,NULL,'2016-08-22 09:06:57',NULL,'','\0','','','',NULL,NULL,NULL,NULL,NULL,'2016-08-22 09:06:57',45,NULL,NULL,NULL),(59,NULL,'2016-08-22 09:06:57',NULL,'','\0','','','',NULL,NULL,NULL,NULL,NULL,'2016-08-22 09:06:57',45,NULL,NULL,NULL),(60,NULL,'2016-08-22 09:06:57',NULL,'','\0','','','',NULL,NULL,NULL,NULL,NULL,'2016-08-22 09:06:57',45,NULL,NULL,NULL),(61,NULL,NULL,NULL,NULL,'',NULL,'李','13911927204',NULL,NULL,NULL,NULL,NULL,NULL,24,NULL,NULL,80),(62,NULL,'2016-08-22 15:38:06',NULL,'','',NULL,'','',NULL,NULL,NULL,'','','2016-08-22 15:38:06',110,'',NULL,NULL),(63,NULL,'2016-08-22 15:38:06',NULL,'','\0','','','',NULL,NULL,NULL,NULL,NULL,'2016-08-22 15:38:06',110,NULL,NULL,NULL),(64,NULL,'2016-08-22 15:38:06',NULL,'','\0','','','',NULL,NULL,NULL,NULL,NULL,'2016-08-22 15:38:06',110,NULL,NULL,NULL),(65,NULL,'2016-08-22 15:38:06',NULL,'','\0','','','',NULL,NULL,NULL,NULL,NULL,'2016-08-22 15:38:06',110,NULL,NULL,NULL),(66,NULL,'2016-08-22 15:58:25',NULL,'123456@qq.com','\0','植物','联系人','15110081322',NULL,'/resources/upload/image/2016/7/7b1b3a339ca2f2763999ee7f84476ecd',NULL,NULL,NULL,'2016-08-22 15:58:25',48,NULL,NULL,NULL),(67,NULL,'2016-08-22 15:58:25',NULL,'123456@qq.com','\0','','联系人','15110081322',NULL,'/resources/upload/image/2016/7/c4f380c6cfbe079355b3cd891c0b3ed0',NULL,NULL,NULL,'2016-08-22 15:58:25',48,NULL,NULL,NULL),(68,NULL,'2016-08-22 15:58:25',NULL,'','\0','','','',NULL,'/resources/upload/image/2016/7/9152b7e56def4974f8be2808f3ae249a',NULL,NULL,NULL,'2016-08-22 15:58:25',48,NULL,NULL,NULL),(69,NULL,'2016-08-22 19:46:12',NULL,NULL,'',NULL,'苍蓓','17791834607',NULL,NULL,NULL,NULL,NULL,'2016-08-22 19:46:12',115,NULL,NULL,NULL),(70,NULL,'2016-08-24 21:51:50',NULL,NULL,'',NULL,'崔洪涛','15966616715',NULL,NULL,NULL,NULL,NULL,'2016-08-24 21:51:50',119,NULL,NULL,NULL),(71,NULL,'2016-08-25 13:58:44',NULL,NULL,'',NULL,'段春园','15853089998',NULL,NULL,NULL,NULL,NULL,'2016-08-25 13:58:44',121,NULL,NULL,NULL),(72,NULL,'2016-08-25 14:44:34',NULL,NULL,'',NULL,'尹华铁','18570028760',NULL,NULL,NULL,NULL,NULL,'2016-08-25 14:45:32',125,NULL,NULL,NULL),(73,NULL,'2016-08-25 14:48:45',NULL,NULL,'',NULL,'张德','18678290824',NULL,NULL,NULL,NULL,NULL,'2016-08-25 14:48:45',126,NULL,NULL,NULL),(74,NULL,'2016-08-25 14:49:57',NULL,NULL,'',NULL,'姚爱梅','13651522613',NULL,NULL,NULL,NULL,NULL,'2016-08-25 14:49:57',128,NULL,NULL,NULL),(75,NULL,'2016-08-25 14:51:51',NULL,NULL,'',NULL,NULL,'18611614933',NULL,NULL,NULL,NULL,NULL,'2016-08-25 14:51:51',93,NULL,NULL,NULL),(76,NULL,'2016-08-25 14:59:12',NULL,NULL,'',NULL,'任亚','18967332402',NULL,NULL,NULL,NULL,NULL,'2016-08-25 14:59:12',118,NULL,NULL,NULL),(77,NULL,'2016-08-25 15:03:03',NULL,NULL,'',NULL,'富曦莹','13904366544',NULL,NULL,NULL,NULL,NULL,'2016-08-25 15:03:03',131,NULL,NULL,NULL),(78,NULL,'2016-08-25 15:08:58',NULL,NULL,'',NULL,NULL,'18404984248',NULL,NULL,NULL,NULL,NULL,'2016-08-25 15:08:58',142,NULL,NULL,NULL),(79,NULL,'2016-08-25 15:09:41',NULL,NULL,'',NULL,'韩海倍','15935158270',NULL,NULL,NULL,NULL,NULL,'2016-08-25 15:09:41',140,NULL,NULL,NULL),(80,NULL,'2016-08-25 15:12:15',NULL,NULL,'',NULL,'叶昌林','18125982855',NULL,NULL,NULL,NULL,NULL,'2016-08-25 15:12:15',143,NULL,NULL,NULL),(81,NULL,'2016-08-25 15:13:00',NULL,NULL,'',NULL,NULL,'13241618697',NULL,NULL,NULL,NULL,NULL,'2016-08-25 15:13:00',145,NULL,NULL,NULL),(82,NULL,'2016-08-25 15:15:30',NULL,NULL,'',NULL,'陈冠宇','13669396223',NULL,NULL,NULL,NULL,NULL,'2016-08-25 15:15:30',147,NULL,NULL,NULL),(83,NULL,'2016-08-25 15:16:53',NULL,NULL,'',NULL,'臧义峰','13526082601',NULL,NULL,NULL,NULL,NULL,'2016-08-25 15:16:53',124,NULL,NULL,NULL),(84,NULL,'2016-08-25 15:18:06',NULL,NULL,'',NULL,'陈洁','13579228424',NULL,NULL,NULL,NULL,NULL,'2016-08-25 15:18:06',151,NULL,NULL,NULL),(85,NULL,'2016-08-25 15:18:26',NULL,NULL,'',NULL,'叶昌林','18998610154',NULL,NULL,NULL,NULL,NULL,'2016-08-25 15:18:26',146,NULL,NULL,NULL),(86,NULL,'2016-08-25 15:19:48',NULL,NULL,'',NULL,'徐月阳','18943653286',NULL,NULL,NULL,NULL,NULL,'2016-08-25 15:19:48',148,NULL,NULL,NULL),(87,NULL,'2016-08-25 15:27:19',NULL,NULL,'',NULL,'王俊松','17727986668',NULL,NULL,NULL,NULL,NULL,'2016-08-25 15:27:19',153,NULL,NULL,NULL),(88,NULL,'2016-08-25 15:27:45',NULL,NULL,'',NULL,'胡伟','15009971765',NULL,NULL,NULL,NULL,NULL,'2016-08-25 15:27:45',152,NULL,NULL,NULL),(89,NULL,'2016-08-25 15:30:58',NULL,NULL,'',NULL,'程建根','13736225636',NULL,NULL,NULL,NULL,NULL,'2016-08-25 15:30:58',157,NULL,NULL,NULL),(90,NULL,'2016-08-25 15:36:44',NULL,NULL,'',NULL,'张栖','15528210703',NULL,NULL,NULL,NULL,NULL,'2016-08-25 15:36:44',160,NULL,NULL,NULL),(91,NULL,'2016-08-25 15:36:49',NULL,NULL,'',NULL,'黄勇强','15958635908',NULL,NULL,NULL,NULL,NULL,'2016-08-25 15:36:49',158,NULL,NULL,NULL),(92,NULL,'2016-08-25 15:37:34',NULL,NULL,'',NULL,'朱范文','13989184586',NULL,NULL,NULL,NULL,NULL,'2016-08-25 15:39:10',161,NULL,NULL,NULL),(93,NULL,'2016-08-25 15:38:51',NULL,NULL,'',NULL,'翁邦裕','13857113651',NULL,NULL,NULL,NULL,NULL,'2016-08-25 15:38:51',159,NULL,NULL,NULL),(94,NULL,'2016-08-25 15:40:48',NULL,NULL,'',NULL,'孙秦','18062512120',NULL,NULL,NULL,NULL,NULL,'2016-08-25 15:40:48',164,NULL,NULL,NULL),(95,NULL,'2016-08-25 15:45:48',NULL,NULL,'',NULL,'陈健','18720628907',NULL,NULL,NULL,NULL,NULL,'2016-08-25 15:45:48',165,NULL,NULL,NULL),(96,NULL,'2016-08-25 15:48:33',NULL,NULL,'',NULL,'丁阳','18963397176',NULL,NULL,NULL,NULL,NULL,'2016-08-25 15:48:33',167,NULL,NULL,NULL),(97,NULL,'2016-08-25 16:49:17',NULL,NULL,'',NULL,'刘珮','15884946103',NULL,NULL,NULL,NULL,NULL,'2016-08-25 16:49:17',178,NULL,NULL,NULL),(98,NULL,'2016-08-25 16:52:38',NULL,'','',NULL,'','',NULL,NULL,NULL,'','','2016-08-25 16:52:38',50,'',NULL,NULL),(99,NULL,'2016-08-25 16:52:38',NULL,'','\0','','','',NULL,NULL,NULL,NULL,NULL,'2016-08-25 16:52:38',50,NULL,NULL,NULL),(100,NULL,'2016-08-25 16:52:38',NULL,'','\0','','','',NULL,NULL,NULL,NULL,NULL,'2016-08-25 16:52:38',50,NULL,NULL,NULL),(101,NULL,'2016-08-25 16:52:38',NULL,'','\0','','','',NULL,NULL,NULL,NULL,NULL,'2016-08-25 16:52:38',50,NULL,NULL,NULL),(102,NULL,'2016-08-25 17:05:40',NULL,NULL,'',NULL,'王杰','18009471299',NULL,NULL,NULL,NULL,NULL,'2016-08-25 17:05:40',180,NULL,NULL,NULL),(103,NULL,'2016-08-25 17:50:29',NULL,NULL,'',NULL,'连瑛','15059388800',NULL,NULL,NULL,NULL,NULL,'2016-08-25 17:50:29',192,NULL,NULL,NULL),(104,NULL,'2016-08-25 18:45:03',NULL,NULL,'',NULL,'孙国丽','13963727101',NULL,NULL,NULL,NULL,NULL,'2016-08-25 18:45:03',195,NULL,NULL,NULL),(105,NULL,'2016-08-25 20:31:05',NULL,NULL,'',NULL,'王阜微','15945188589',NULL,NULL,NULL,NULL,NULL,'2016-08-25 20:31:05',130,NULL,NULL,NULL),(106,NULL,'2016-08-25 20:35:30',NULL,NULL,'',NULL,'石兆辉','15837604586',NULL,NULL,NULL,NULL,NULL,'2016-08-25 20:35:30',198,NULL,NULL,NULL),(107,NULL,'2016-08-25 21:23:06',NULL,NULL,'',NULL,'周永利','13658305682',NULL,NULL,NULL,NULL,NULL,'2016-08-25 21:26:57',202,NULL,NULL,NULL),(108,NULL,'2016-08-25 21:57:41',NULL,NULL,'',NULL,'张秀红','13753772199',NULL,NULL,NULL,NULL,NULL,'2016-08-25 21:57:41',204,NULL,NULL,NULL),(109,NULL,'2016-08-25 22:14:31',NULL,NULL,'',NULL,'程志高','18972963733',NULL,NULL,NULL,NULL,NULL,'2016-08-25 22:14:31',206,NULL,NULL,NULL),(110,NULL,'2016-08-25 22:31:55',NULL,NULL,'',NULL,'董留忠','13030304168',NULL,NULL,NULL,NULL,NULL,'2016-08-25 22:31:55',207,NULL,NULL,NULL),(111,NULL,'2016-08-26 11:55:38',NULL,NULL,'',NULL,'陶金环','13768448313',NULL,NULL,NULL,NULL,NULL,'2016-08-26 11:55:38',213,NULL,NULL,NULL),(112,NULL,'2016-08-26 12:15:47',NULL,NULL,'',NULL,'程老师','15692098708',NULL,NULL,NULL,NULL,NULL,'2016-08-26 12:16:07',219,NULL,NULL,NULL),(113,NULL,'2016-08-26 13:06:34',NULL,NULL,'',NULL,'谢江宁','15997531431',NULL,NULL,NULL,NULL,NULL,'2016-08-26 13:06:34',226,NULL,NULL,NULL),(114,NULL,'2016-08-26 13:34:38',NULL,NULL,'',NULL,'张学刚','13811713451',NULL,NULL,NULL,NULL,NULL,'2016-08-26 13:34:38',228,NULL,NULL,NULL),(115,NULL,'2016-08-26 13:41:25',NULL,NULL,'',NULL,'黄建源','18074718818',NULL,NULL,NULL,NULL,NULL,'2016-08-26 13:41:25',229,NULL,NULL,NULL),(116,NULL,'2016-08-26 15:34:30',NULL,NULL,'',NULL,'唐漫兮','13607328885',NULL,NULL,NULL,NULL,NULL,'2016-08-26 15:34:30',239,NULL,NULL,NULL),(117,NULL,'2016-08-26 16:06:07',NULL,NULL,'',NULL,'高旭鹏','18103102009',NULL,NULL,NULL,NULL,NULL,'2016-08-26 16:06:07',240,NULL,NULL,NULL),(118,NULL,'2016-08-26 17:47:02',NULL,NULL,'',NULL,'张婵','18632229276',NULL,NULL,NULL,NULL,NULL,'2016-08-26 17:47:02',242,NULL,NULL,NULL),(119,NULL,'2016-08-26 19:44:15',NULL,NULL,'',NULL,'王东','13903493053',NULL,NULL,NULL,NULL,NULL,'2016-08-26 19:44:15',244,NULL,NULL,NULL),(120,NULL,'2016-08-26 21:10:04',NULL,NULL,'',NULL,'熊和会','13507483635',NULL,NULL,NULL,NULL,NULL,'2016-08-26 21:10:04',246,NULL,NULL,NULL),(121,NULL,'2016-08-26 21:20:51',NULL,NULL,'',NULL,'张蕾、何长文','15380708699',NULL,NULL,NULL,NULL,NULL,'2016-08-26 21:20:51',247,NULL,NULL,NULL),(122,NULL,'2016-08-27 11:17:31',NULL,NULL,'',NULL,'翟巨泽','18137886032',NULL,NULL,NULL,NULL,NULL,'2016-08-27 11:17:31',261,NULL,NULL,NULL),(123,NULL,'2016-08-27 14:06:08',NULL,NULL,'',NULL,'牛丽娜','18635565779',NULL,NULL,NULL,NULL,NULL,'2016-08-27 14:06:08',263,NULL,NULL,NULL),(124,NULL,'2016-08-27 15:05:13',NULL,NULL,'',NULL,'牛艳玲','13753790894',NULL,NULL,NULL,NULL,NULL,'2016-08-27 15:05:13',264,NULL,NULL,NULL),(125,NULL,'2016-08-27 17:12:22',NULL,NULL,'',NULL,'李亚平','13797977747',NULL,NULL,NULL,NULL,NULL,'2016-08-27 17:12:22',266,NULL,NULL,NULL),(126,NULL,'2016-08-27 21:22:10',NULL,NULL,'',NULL,'王林','15875040166',NULL,NULL,NULL,NULL,NULL,'2016-08-27 21:22:10',267,NULL,NULL,NULL),(127,NULL,'2016-08-27 21:24:14',NULL,NULL,'',NULL,'王林','15697500125',NULL,NULL,NULL,NULL,NULL,'2016-08-27 21:24:14',269,NULL,NULL,NULL),(128,NULL,'2016-08-27 22:09:52',NULL,NULL,'',NULL,'刘秋蓉','13986962568',NULL,NULL,NULL,NULL,NULL,'2016-08-27 22:09:52',276,NULL,NULL,NULL),(129,NULL,'2016-08-27 23:31:15',NULL,NULL,'',NULL,'胥更新','15939615899',NULL,NULL,NULL,NULL,NULL,'2016-08-27 23:31:15',282,NULL,NULL,NULL),(130,NULL,'2016-08-27 23:32:11',NULL,NULL,'',NULL,'钞老师','13513986277',NULL,NULL,NULL,NULL,NULL,'2016-08-27 23:32:11',283,NULL,NULL,NULL),(131,NULL,'2016-08-28 09:07:21',NULL,NULL,'',NULL,'刘威','13204366115',NULL,NULL,NULL,NULL,NULL,'2016-08-28 09:07:21',290,NULL,NULL,NULL),(132,NULL,'2016-08-28 09:35:37',NULL,NULL,'',NULL,'于宗浩','15852129198',NULL,NULL,NULL,NULL,NULL,'2016-08-28 09:35:37',292,NULL,NULL,NULL),(133,NULL,'2016-08-28 09:37:16',NULL,NULL,'',NULL,'赵宇洪','15990327277',NULL,NULL,NULL,NULL,NULL,'2016-08-28 09:37:16',293,NULL,NULL,NULL),(134,NULL,'2016-08-28 13:44:18',NULL,NULL,'',NULL,'卫晋津','18635627980',NULL,NULL,NULL,NULL,NULL,'2016-08-28 13:44:18',295,NULL,NULL,NULL),(135,NULL,'2016-08-28 20:51:49',NULL,NULL,'',NULL,'邓兆德','18950971289',NULL,NULL,NULL,NULL,NULL,'2016-08-28 20:52:48',301,NULL,NULL,NULL),(136,NULL,'2016-08-30 07:26:33',NULL,NULL,'',NULL,'白娜','18635843841',NULL,NULL,NULL,NULL,NULL,'2016-08-30 07:26:33',312,NULL,NULL,NULL),(137,NULL,'2016-08-30 09:20:54',NULL,NULL,'',NULL,'杨婷','13593741314',NULL,NULL,NULL,NULL,NULL,'2016-08-30 09:20:54',313,NULL,NULL,NULL),(138,NULL,'2016-08-30 15:24:22',NULL,'','',NULL,'杨光','18811213065',NULL,NULL,NULL,'','','2016-08-30 15:24:22',109,'',NULL,152),(139,NULL,'2016-08-30 15:24:22',NULL,'','\0','','','',NULL,NULL,NULL,NULL,NULL,'2016-08-30 15:24:22',109,NULL,NULL,NULL),(140,NULL,'2016-08-30 15:24:22',NULL,'','\0','','','',NULL,NULL,NULL,NULL,NULL,'2016-08-30 15:24:22',109,NULL,NULL,NULL),(141,NULL,'2016-08-30 15:24:22',NULL,'','\0','','','',NULL,NULL,NULL,NULL,NULL,'2016-08-30 15:24:22',109,NULL,NULL,NULL),(142,NULL,'2016-08-30 15:50:32',NULL,'','',NULL,'','',NULL,NULL,NULL,'','','2016-08-30 15:50:32',303,'',NULL,NULL),(143,NULL,'2016-08-30 15:50:32',NULL,'','\0','','','',NULL,NULL,NULL,NULL,NULL,'2016-08-30 15:50:32',303,NULL,NULL,NULL),(144,NULL,'2016-08-30 15:50:32',NULL,'','\0','','','',NULL,NULL,NULL,NULL,NULL,'2016-08-30 15:50:32',303,NULL,NULL,NULL),(145,NULL,'2016-08-30 15:50:32',NULL,'','\0','','','',NULL,NULL,NULL,NULL,NULL,'2016-08-30 15:50:32',303,NULL,NULL,NULL),(146,NULL,'2016-08-30 23:12:44',NULL,NULL,'',NULL,'刘一鸣','13140681233',NULL,NULL,NULL,NULL,NULL,'2016-08-30 23:12:44',315,NULL,NULL,NULL),(147,NULL,'2016-08-31 01:25:37',NULL,NULL,'',NULL,'孙健','15894787099',NULL,NULL,NULL,NULL,NULL,'2016-08-31 01:25:37',154,NULL,NULL,NULL);
/*!40000 ALTER TABLE `crm_contact` ENABLE KEYS */;
UNLOCK TABLES;

--
-- Table structure for table `crm_customer`
--

DROP TABLE IF EXISTS `crm_customer`;
/*!40101 SET @saved_cs_client     = @@character_set_client */;
/*!40101 SET character_set_client = utf8 */;
CREATE TABLE `crm_customer` (
  `user_id` bigint(20) NOT NULL,
  `course_set` varchar(255) COLLATE utf8_unicode_ci DEFAULT NULL,
  `create_time` date DEFAULT NULL,
  `employee_num` varchar(255) COLLATE utf8_unicode_ci DEFAULT NULL,
  `full_payment` tinyint(4) NOT NULL DEFAULT '1' COMMENT ' ',
  `member_begin_time` datetime DEFAULT NULL,
  `member_end_time` datetime DEFAULT NULL,
  `problems` varchar(255) COLLATE utf8_unicode_ci DEFAULT NULL,
  `school_area` varchar(255) COLLATE utf8_unicode_ci DEFAULT NULL,
  `school_category` varchar(50) COLLATE utf8_unicode_ci DEFAULT NULL,
  `service_require` varchar(255) COLLATE utf8_unicode_ci DEFAULT NULL,
  `setup_time` varchar(255) COLLATE utf8_unicode_ci DEFAULT NULL,
  `strength` varchar(255) COLLATE utf8_unicode_ci DEFAULT NULL,
  `stu_num` varchar(255) COLLATE utf8_unicode_ci DEFAULT NULL,
  `sub_school_num` int(11) NOT NULL DEFAULT '1',
  `update_time` datetime DEFAULT NULL,
  `weakness` varchar(255) COLLATE utf8_unicode_ci DEFAULT NULL,
  `constructor_id` bigint(20) DEFAULT NULL,
  PRIMARY KEY (`user_id`),
  KEY `FKs46mcbo1agv7m9y7h2ikgbefm` (`constructor_id`),
  CONSTRAINT `FKao90luxvom7gnr630cs9oj8pg` FOREIGN KEY (`constructor_id`) REFERENCES `employee` (`user_id`),
  CONSTRAINT `FKs46mcbo1agv7m9y7h2ikgbefm` FOREIGN KEY (`constructor_id`) REFERENCES `employee` (`user_id`)
) ENGINE=InnoDB DEFAULT CHARSET=utf8 COLLATE=utf8_unicode_ci;
/*!40101 SET character_set_client = @saved_cs_client */;

--
-- Dumping data for table `crm_customer`
--

LOCK TABLES `crm_customer` WRITE;
/*!40000 ALTER TABLE `crm_customer` DISABLE KEYS */;
INSERT INTO `crm_customer` VALUES (24,NULL,'2016-08-22',NULL,1,NULL,NULL,NULL,NULL,NULL,NULL,NULL,NULL,NULL,1,'2016-08-22 09:28:22',NULL,37),(32,NULL,'2016-08-18',NULL,1,NULL,NULL,NULL,NULL,'其他',NULL,NULL,NULL,NULL,0,'2016-08-18 23:57:40',NULL,NULL),(38,NULL,'2016-08-18',NULL,1,NULL,NULL,NULL,NULL,'其他',NULL,NULL,NULL,NULL,0,'2016-08-18 16:13:06',NULL,NULL),(41,NULL,'2016-08-19','10人以下',1,NULL,NULL,'','300平米以下','早期教育','','2016年',NULL,'200人以下',0,'2016-08-29 23:07:49',NULL,NULL),(42,NULL,'2016-08-18',NULL,1,NULL,NULL,NULL,NULL,'其他',NULL,NULL,NULL,NULL,0,'2016-08-18 22:54:04',NULL,18),(43,NULL,'2016-08-19','10人以下',1,NULL,NULL,'~~','300平米以下','早期教育','!!!','2016年',NULL,'200人以下',0,'2016-08-29 22:41:17',NULL,NULL),(45,NULL,'2016-08-22','10人以下',1,NULL,NULL,'','300平米以下','中小学文化课','','2016年',NULL,'200人以下',0,'2016-08-22 09:06:56',NULL,NULL),(48,NULL,'2016-08-19','51人以上',1,NULL,NULL,'运营难题','501平米以上','艺术素质','服务需求','2000年以前',NULL,'801人以上',0,'2016-08-22 17:01:01',NULL,NULL),(49,NULL,'2016-08-19',NULL,1,NULL,NULL,NULL,NULL,'其他',NULL,NULL,NULL,NULL,0,'2016-08-19 11:42:36',NULL,NULL),(50,NULL,'2016-08-25','10人以下',1,NULL,NULL,'','300平米以下','中小学文化课','','2016年',NULL,'200人以下',0,'2016-08-25 16:52:38',NULL,NULL),(52,NULL,'2016-08-19',NULL,1,NULL,NULL,NULL,NULL,'其他',NULL,NULL,NULL,NULL,0,'2016-08-19 14:56:20',NULL,NULL),(55,NULL,'2016-08-19',NULL,1,NULL,NULL,NULL,NULL,'其他',NULL,NULL,NULL,NULL,0,'2016-08-19 15:44:34',NULL,NULL),(56,NULL,'2016-08-19','10人以下',1,NULL,NULL,'','300平米以下','早期教育','','2016年',NULL,'200人以下',0,'2016-08-20 13:45:18',NULL,NULL),(57,NULL,'2016-08-19',NULL,1,NULL,NULL,NULL,NULL,NULL,NULL,NULL,NULL,NULL,1,'2016-08-19 16:33:11',NULL,37),(62,NULL,'2016-08-19',NULL,1,NULL,NULL,NULL,NULL,'其他',NULL,NULL,NULL,NULL,0,'2016-08-19 19:08:49',NULL,NULL),(63,NULL,'2016-08-19',NULL,1,NULL,NULL,NULL,NULL,'其他',NULL,NULL,NULL,NULL,0,'2016-08-19 19:27:27',NULL,NULL),(78,NULL,'2016-08-19',NULL,1,NULL,NULL,NULL,NULL,'其他',NULL,NULL,NULL,NULL,0,'2016-08-19 19:28:28',NULL,NULL),(79,NULL,'2016-08-20',NULL,1,NULL,NULL,NULL,NULL,'其他',NULL,NULL,NULL,NULL,0,'2016-08-20 21:36:14',NULL,NULL),(93,NULL,'2016-08-25',NULL,1,NULL,NULL,NULL,NULL,'其他',NULL,NULL,NULL,NULL,0,'2016-08-25 14:51:51',NULL,NULL),(98,NULL,'2016-08-20',NULL,1,NULL,NULL,NULL,NULL,'其他',NULL,NULL,NULL,NULL,0,'2016-08-20 21:56:21',NULL,NULL),(103,NULL,'2016-08-21',NULL,1,NULL,NULL,NULL,NULL,'其他',NULL,NULL,NULL,NULL,0,'2016-08-21 16:39:28',NULL,NULL),(109,NULL,'2016-08-30','10人以下',1,NULL,NULL,'','300平米以下','艺术素质','','2016年',NULL,'200人以下',0,'2016-08-30 15:25:39',NULL,18),(110,NULL,'2016-08-22','10人以下',1,NULL,NULL,'','300平米以下','全脑开发','','2016年',NULL,'200人以下',0,'2016-08-22 15:38:06',NULL,NULL),(115,NULL,'2016-08-22',NULL,1,NULL,NULL,NULL,NULL,'其他',NULL,NULL,NULL,NULL,0,'2016-08-22 19:46:12',NULL,NULL),(118,NULL,'2016-08-25',NULL,1,NULL,NULL,NULL,NULL,'其他',NULL,NULL,NULL,NULL,0,'2016-08-25 14:59:12',NULL,NULL),(119,NULL,'2016-08-24',NULL,1,NULL,NULL,NULL,NULL,'其他',NULL,NULL,NULL,NULL,0,'2016-08-24 21:51:50',NULL,NULL),(121,NULL,'2016-08-25',NULL,1,NULL,NULL,NULL,NULL,'其他',NULL,NULL,NULL,NULL,0,'2016-08-25 13:58:44',NULL,NULL),(124,NULL,'2016-08-25',NULL,1,NULL,NULL,NULL,NULL,'其他',NULL,NULL,NULL,NULL,0,'2016-08-25 15:16:53',NULL,NULL),(125,NULL,'2016-08-25',NULL,1,NULL,NULL,NULL,NULL,'其他',NULL,NULL,NULL,NULL,0,'2016-08-25 14:44:34',NULL,NULL),(126,NULL,'2016-08-25',NULL,1,NULL,NULL,NULL,NULL,'其他',NULL,NULL,NULL,NULL,0,'2016-08-25 14:48:45',NULL,NULL),(128,NULL,'2016-08-25',NULL,1,NULL,NULL,NULL,NULL,'其他',NULL,NULL,NULL,NULL,0,'2016-08-25 14:49:57',NULL,NULL),(130,NULL,'2016-08-25',NULL,1,NULL,NULL,NULL,NULL,'其他',NULL,NULL,NULL,NULL,0,'2016-08-25 20:31:05',NULL,NULL),(131,NULL,'2016-08-25',NULL,1,NULL,NULL,NULL,NULL,'其他',NULL,NULL,NULL,NULL,0,'2016-08-25 15:03:03',NULL,NULL),(140,NULL,'2016-08-25',NULL,1,NULL,NULL,NULL,NULL,'其他',NULL,NULL,NULL,NULL,0,'2016-08-25 15:09:41',NULL,NULL),(142,NULL,'2016-08-25',NULL,1,NULL,NULL,NULL,NULL,'其他',NULL,NULL,NULL,NULL,0,'2016-08-25 15:08:58',NULL,NULL),(143,NULL,'2016-08-25',NULL,1,NULL,NULL,NULL,NULL,'其他',NULL,NULL,NULL,NULL,0,'2016-08-25 15:12:15',NULL,NULL),(145,NULL,'2016-08-25',NULL,1,NULL,NULL,NULL,NULL,'其他',NULL,NULL,NULL,NULL,0,'2016-08-25 15:13:00',NULL,NULL),(146,NULL,'2016-08-25',NULL,1,NULL,NULL,NULL,NULL,'其他',NULL,NULL,NULL,NULL,0,'2016-08-25 15:18:26',NULL,NULL),(147,NULL,'2016-08-25',NULL,1,NULL,NULL,NULL,NULL,'其他',NULL,NULL,NULL,NULL,0,'2016-08-25 15:15:30',NULL,NULL),(148,NULL,'2016-08-25',NULL,1,NULL,NULL,NULL,NULL,'其他',NULL,NULL,NULL,NULL,0,'2016-08-25 15:19:48',NULL,NULL),(151,NULL,'2016-08-25',NULL,1,NULL,NULL,NULL,NULL,'其他',NULL,NULL,NULL,NULL,0,'2016-08-25 15:18:06',NULL,NULL),(152,NULL,'2016-08-25',NULL,1,NULL,NULL,NULL,NULL,'其他',NULL,NULL,NULL,NULL,0,'2016-08-25 15:27:45',NULL,NULL),(153,NULL,'2016-08-25',NULL,1,NULL,NULL,NULL,NULL,'其他',NULL,NULL,NULL,NULL,0,'2016-08-25 15:27:19',NULL,NULL),(154,NULL,'2016-08-31',NULL,1,NULL,NULL,NULL,NULL,'其他',NULL,NULL,NULL,NULL,0,'2016-08-31 01:25:37',NULL,NULL),(157,NULL,'2016-08-25',NULL,1,NULL,NULL,NULL,NULL,'其他',NULL,NULL,NULL,NULL,0,'2016-08-25 15:30:58',NULL,NULL),(158,NULL,'2016-08-25',NULL,1,NULL,NULL,NULL,NULL,'其他',NULL,NULL,NULL,NULL,0,'2016-08-25 15:36:49',NULL,NULL),(159,NULL,'2016-08-25',NULL,1,NULL,NULL,NULL,NULL,'其他',NULL,NULL,NULL,NULL,0,'2016-08-25 15:38:51',NULL,NULL),(160,NULL,'2016-08-25',NULL,1,NULL,NULL,NULL,NULL,'其他',NULL,NULL,NULL,NULL,0,'2016-08-25 15:36:44',NULL,NULL),(161,NULL,'2016-08-25',NULL,1,NULL,NULL,NULL,NULL,'其他',NULL,NULL,NULL,NULL,0,'2016-08-25 15:37:34',NULL,NULL),(164,NULL,'2016-08-25',NULL,1,NULL,NULL,NULL,NULL,'其他',NULL,NULL,NULL,NULL,0,'2016-08-25 15:40:48',NULL,NULL),(165,NULL,'2016-08-25',NULL,1,NULL,NULL,NULL,NULL,'其他',NULL,NULL,NULL,NULL,0,'2016-08-25 15:45:48',NULL,NULL),(167,NULL,'2016-08-25',NULL,1,NULL,NULL,NULL,NULL,'其他',NULL,NULL,NULL,NULL,0,'2016-08-25 15:48:33',NULL,NULL),(178,NULL,'2016-08-25',NULL,1,NULL,NULL,NULL,NULL,'其他',NULL,NULL,NULL,NULL,0,'2016-08-25 16:49:17',NULL,NULL),(180,NULL,'2016-08-25',NULL,1,NULL,NULL,NULL,NULL,'其他',NULL,NULL,NULL,NULL,0,'2016-08-25 17:05:40',NULL,NULL),(192,NULL,'2016-08-25',NULL,1,NULL,NULL,NULL,NULL,'其他',NULL,NULL,NULL,NULL,0,'2016-08-25 17:50:29',NULL,NULL),(195,NULL,'2016-08-25',NULL,1,NULL,NULL,NULL,NULL,'其他',NULL,NULL,NULL,NULL,0,'2016-08-25 18:45:03',NULL,NULL),(198,NULL,'2016-08-25',NULL,1,NULL,NULL,NULL,NULL,'其他',NULL,NULL,NULL,NULL,0,'2016-08-25 20:35:30',NULL,NULL),(202,NULL,'2016-08-25',NULL,1,NULL,NULL,NULL,NULL,'其他',NULL,NULL,NULL,NULL,0,'2016-08-25 21:23:06',NULL,NULL),(204,NULL,'2016-08-25',NULL,1,NULL,NULL,NULL,NULL,'其他',NULL,NULL,NULL,NULL,0,'2016-08-25 21:57:41',NULL,NULL),(206,NULL,'2016-08-25',NULL,1,NULL,NULL,NULL,NULL,'其他',NULL,NULL,NULL,NULL,0,'2016-08-25 22:14:31',NULL,NULL),(207,NULL,'2016-08-25',NULL,1,NULL,NULL,NULL,NULL,'其他',NULL,NULL,NULL,NULL,0,'2016-08-25 22:31:55',NULL,NULL),(213,NULL,'2016-08-26',NULL,1,NULL,NULL,NULL,NULL,'其他',NULL,NULL,NULL,NULL,0,'2016-08-26 11:55:38',NULL,NULL),(219,NULL,'2016-08-26',NULL,1,NULL,NULL,NULL,NULL,'其他',NULL,NULL,NULL,NULL,0,'2016-08-26 12:15:47',NULL,NULL),(226,NULL,'2016-08-26',NULL,1,NULL,NULL,NULL,NULL,'其他',NULL,NULL,NULL,NULL,0,'2016-08-26 13:06:34',NULL,NULL),(228,NULL,'2016-08-26',NULL,1,NULL,NULL,NULL,NULL,'其他',NULL,NULL,NULL,NULL,0,'2016-08-26 13:34:38',NULL,NULL),(229,NULL,'2016-08-26',NULL,1,NULL,NULL,NULL,NULL,'其他',NULL,NULL,NULL,NULL,0,'2016-08-26 13:41:25',NULL,NULL),(239,NULL,'2016-08-26',NULL,1,NULL,NULL,NULL,NULL,'其他',NULL,NULL,NULL,NULL,0,'2016-08-26 15:34:30',NULL,NULL),(240,NULL,'2016-08-26',NULL,1,NULL,NULL,NULL,NULL,'其他',NULL,NULL,NULL,NULL,0,'2016-08-26 16:06:07',NULL,NULL),(242,NULL,'2016-08-26',NULL,1,NULL,NULL,NULL,NULL,'其他',NULL,NULL,NULL,NULL,0,'2016-08-26 17:47:02',NULL,NULL),(244,NULL,'2016-08-26',NULL,1,NULL,NULL,NULL,NULL,'其他',NULL,NULL,NULL,NULL,0,'2016-08-26 19:44:15',NULL,NULL),(246,NULL,'2016-08-26',NULL,1,NULL,NULL,NULL,NULL,'其他',NULL,NULL,NULL,NULL,0,'2016-08-26 21:10:04',NULL,NULL),(247,NULL,'2016-08-26',NULL,1,NULL,NULL,NULL,NULL,'其他',NULL,NULL,NULL,NULL,0,'2016-08-26 21:20:51',NULL,NULL),(261,NULL,'2016-08-27',NULL,1,NULL,NULL,NULL,NULL,'其他',NULL,NULL,NULL,NULL,0,'2016-08-27 11:17:31',NULL,NULL),(263,NULL,'2016-08-27',NULL,1,NULL,NULL,NULL,NULL,'其他',NULL,NULL,NULL,NULL,0,'2016-08-27 14:06:08',NULL,NULL),(264,NULL,'2016-08-27',NULL,1,NULL,NULL,NULL,NULL,'其他',NULL,NULL,NULL,NULL,0,'2016-08-27 15:05:13',NULL,NULL),(266,NULL,'2016-08-27',NULL,1,NULL,NULL,NULL,NULL,'其他',NULL,NULL,NULL,NULL,0,'2016-08-27 17:12:22',NULL,NULL),(267,NULL,'2016-08-27',NULL,1,NULL,NULL,NULL,NULL,'其他',NULL,NULL,NULL,NULL,0,'2016-08-27 21:22:10',NULL,NULL),(269,NULL,'2016-08-27',NULL,1,NULL,NULL,NULL,NULL,'其他',NULL,NULL,NULL,NULL,0,'2016-08-27 21:24:14',NULL,NULL),(276,NULL,'2016-08-27',NULL,1,NULL,NULL,NULL,NULL,'其他',NULL,NULL,NULL,NULL,0,'2016-08-27 22:09:52',NULL,NULL),(282,NULL,'2016-08-27',NULL,1,NULL,NULL,NULL,NULL,'其他',NULL,NULL,NULL,NULL,0,'2016-08-27 23:31:15',NULL,NULL),(283,NULL,'2016-08-27',NULL,1,NULL,NULL,NULL,NULL,'其他',NULL,NULL,NULL,NULL,0,'2016-08-27 23:32:11',NULL,NULL),(290,NULL,'2016-08-28',NULL,1,NULL,NULL,NULL,NULL,'其他',NULL,NULL,NULL,NULL,0,'2016-08-28 09:07:21',NULL,NULL),(292,NULL,'2016-08-28',NULL,1,NULL,NULL,NULL,NULL,'其他',NULL,NULL,NULL,NULL,0,'2016-08-28 09:35:36',NULL,NULL),(293,NULL,'2016-08-28',NULL,1,NULL,NULL,NULL,NULL,'其他',NULL,NULL,NULL,NULL,0,'2016-08-28 09:37:16',NULL,NULL),(295,NULL,'2016-08-28',NULL,1,NULL,NULL,NULL,NULL,'其他',NULL,NULL,NULL,NULL,0,'2016-08-28 13:44:18',NULL,NULL),(301,NULL,'2016-08-28',NULL,1,NULL,NULL,NULL,NULL,'其他',NULL,NULL,NULL,NULL,0,'2016-08-28 20:51:49',NULL,NULL),(303,NULL,'2016-08-30','10人以下',1,NULL,NULL,'','300平米以下','早期教育','','2016年',NULL,'200人以下',0,'2016-08-30 15:50:32',NULL,NULL),(312,NULL,'2016-08-30',NULL,1,NULL,NULL,NULL,NULL,'其他',NULL,NULL,NULL,NULL,0,'2016-08-30 07:26:33',NULL,NULL),(313,NULL,'2016-08-30',NULL,1,NULL,NULL,NULL,NULL,'其他',NULL,NULL,NULL,NULL,0,'2016-08-30 09:20:54',NULL,NULL),(315,NULL,'2016-08-30',NULL,1,NULL,NULL,NULL,NULL,'其他',NULL,NULL,NULL,NULL,0,'2016-08-30 23:12:44',NULL,NULL);
/*!40000 ALTER TABLE `crm_customer` ENABLE KEYS */;
UNLOCK TABLES;

--
-- Table structure for table `crm_customer_annua_operation`
--

DROP TABLE IF EXISTS `crm_customer_annua_operation`;
/*!40101 SET @saved_cs_client     = @@character_set_client */;
/*!40101 SET character_set_client = utf8 */;
CREATE TABLE `crm_customer_annua_operation` (
  `id` bigint(20) NOT NULL AUTO_INCREMENT,
  `activities_organized` varchar(255) COLLATE utf8_unicode_ci DEFAULT NULL,
  `activity_promotion` varchar(255) COLLATE utf8_unicode_ci DEFAULT NULL,
  `advic_cost` varchar(255) COLLATE utf8_unicode_ci DEFAULT NULL,
  `channel_info` varchar(255) COLLATE utf8_unicode_ci DEFAULT NULL,
  `competition_strength` varchar(255) COLLATE utf8_unicode_ci DEFAULT NULL,
  `competition_weakness` varchar(255) COLLATE utf8_unicode_ci DEFAULT NULL,
  `course` varchar(255) COLLATE utf8_unicode_ci DEFAULT NULL,
  `create_time` datetime DEFAULT NULL,
  `current_competitive_situation` varchar(255) COLLATE utf8_unicode_ci DEFAULT NULL,
  `current_market_capacity` varchar(255) COLLATE utf8_unicode_ci DEFAULT NULL,
  `current_market_share` varchar(255) COLLATE utf8_unicode_ci DEFAULT NULL,
  `current_sale_condition` varchar(255) COLLATE utf8_unicode_ci DEFAULT NULL,
  `customer_id` bigint(20) DEFAULT NULL,
  `_desc` varchar(255) COLLATE utf8_unicode_ci DEFAULT NULL,
  `employees_nun` varchar(11) COLLATE utf8_unicode_ci DEFAULT '0',
  `founding_time` varchar(255) COLLATE utf8_unicode_ci DEFAULT NULL,
  `industry_status` varchar(255) COLLATE utf8_unicode_ci DEFAULT NULL,
  `industry_trends` varchar(255) COLLATE utf8_unicode_ci DEFAULT NULL,
  `local_school_distribution` varchar(255) COLLATE utf8_unicode_ci DEFAULT NULL,
  `parent_feedback` varchar(255) COLLATE utf8_unicode_ci DEFAULT NULL,
  `past_advic_cost` varchar(255) COLLATE utf8_unicode_ci DEFAULT NULL,
  `propaganda` varchar(255) COLLATE utf8_unicode_ci DEFAULT NULL,
  `school_culture` varchar(255) COLLATE utf8_unicode_ci DEFAULT NULL,
  `schools_distribution` varchar(255) COLLATE utf8_unicode_ci DEFAULT NULL,
  `standard_charge` varchar(255) COLLATE utf8_unicode_ci DEFAULT NULL,
  `strength` varchar(255) COLLATE utf8_unicode_ci DEFAULT NULL,
  `student_feedback` varchar(255) COLLATE utf8_unicode_ci DEFAULT NULL,
  `target_customer_incomelevel` varchar(255) COLLATE utf8_unicode_ci DEFAULT NULL,
  `target_goal` varchar(255) COLLATE utf8_unicode_ci DEFAULT NULL,
  `target_share` varchar(255) COLLATE utf8_unicode_ci DEFAULT NULL,
  `trademark` varchar(255) COLLATE utf8_unicode_ci DEFAULT NULL,
  `training` varchar(255) COLLATE utf8_unicode_ci DEFAULT NULL,
  `updata_time` datetime DEFAULT NULL,
  `version` int(11) NOT NULL,
  `weakness` varchar(255) COLLATE utf8_unicode_ci DEFAULT NULL,
  PRIMARY KEY (`id`),
  UNIQUE KEY `UKqn5v42cnlwdlnerre9wo1p8yd` (`customer_id`,`version`)
) ENGINE=InnoDB AUTO_INCREMENT=4 DEFAULT CHARSET=utf8 COLLATE=utf8_unicode_ci;
/*!40101 SET character_set_client = @saved_cs_client */;

--
-- Dumping data for table `crm_customer_annua_operation`
--

LOCK TABLES `crm_customer_annua_operation` WRITE;
/*!40000 ALTER TABLE `crm_customer_annua_operation` DISABLE KEYS */;
INSERT INTO `crm_customer_annua_operation` VALUES (1,' 的啊AS的啊的啊',NULL,' 大叔大叔das','是的萨达 撒旦啊萨达',' 的啊的sa',' 的啊ASd',' 的啊萨达撒旦sa','2016-08-17 16:56:06',' 萨达是撒dsa',' 撒的啊d',' 的萨达大叔as',' 的啊撒dsa',23,NULL,'萨达 的啊撒a','2016-08-15','撒大叔撒旦撒旦as',' 萨达撒大叔 ','大叔ASAS',' 的啊撒的sa',' 阿斯达大叔订单a',' 萨达撒的ASasd',NULL,' 撒旦撒',' 撒大叔ASds',' 萨达撒旦的啊a',' 的啊萨达AS',' 撒的啊的啊的啊',' 萨达撒的啊',NULL,' 的啊撒萨达as','撒旦撒AS阿斯达','2016-08-17 16:56:14',2016,' 撒的啊ds'),(2,'举办活动',NULL,'','招生渠道','','','课程设置','2016-08-22 18:04:50','','','','',48,NULL,'','2016-08-22','品牌','行业走势','学校分布','学生反馈','','宣传',NULL,'周边学校','收费标准','','家长反馈','','',NULL,'商标注册','','2016-08-22 18:04:50',2016,''),(3,'',NULL,'','','','','``','2016-08-22 23:46:41','','','','',43,NULL,'','','~~','','','','','',NULL,'','','','','','',NULL,'','','2016-08-22 23:46:58',2016,'');
/*!40000 ALTER TABLE `crm_customer_annua_operation` ENABLE KEYS */;
UNLOCK TABLES;

--
-- Table structure for table `crm_finance`
--

DROP TABLE IF EXISTS `crm_finance`;
/*!40101 SET @saved_cs_client     = @@character_set_client */;
/*!40101 SET character_set_client = utf8 */;
CREATE TABLE `crm_finance` (
  `id` bigint(20) NOT NULL AUTO_INCREMENT,
  `address` varchar(255) COLLATE utf8_unicode_ci DEFAULT NULL,
  `course_record` varchar(255) COLLATE utf8_unicode_ci DEFAULT NULL,
  `create_time` datetime DEFAULT NULL,
  `end_service_time` datetime DEFAULT NULL,
  `invoice_no` varchar(255) COLLATE utf8_unicode_ci DEFAULT NULL,
  `money` int(11) NOT NULL,
  `name` varchar(255) COLLATE utf8_unicode_ci DEFAULT NULL,
  `note` varchar(255) COLLATE utf8_unicode_ci DEFAULT NULL,
  `pay_method` int(11) NOT NULL,
  `pay_money` int(11) NOT NULL,
  `pay_time` datetime DEFAULT NULL,
  `start_service_time` datetime DEFAULT NULL,
  `update_time` datetime DEFAULT NULL,
  `user_id` bigint(20) NOT NULL,
  PRIMARY KEY (`id`)
) ENGINE=InnoDB DEFAULT CHARSET=utf8 COLLATE=utf8_unicode_ci;
/*!40101 SET character_set_client = @saved_cs_client */;

--
-- Dumping data for table `crm_finance`
--

LOCK TABLES `crm_finance` WRITE;
/*!40000 ALTER TABLE `crm_finance` DISABLE KEYS */;
/*!40000 ALTER TABLE `crm_finance` ENABLE KEYS */;
UNLOCK TABLES;

--
-- Table structure for table `crm_operation_log`
--

DROP TABLE IF EXISTS `crm_operation_log`;
/*!40101 SET @saved_cs_client     = @@character_set_client */;
/*!40101 SET character_set_client = utf8 */;
CREATE TABLE `crm_operation_log` (
  `id` bigint(20) NOT NULL AUTO_INCREMENT,
  `create_time` datetime DEFAULT NULL,
  `log_content` varchar(255) COLLATE utf8_unicode_ci DEFAULT NULL,
  `log_type` int(11) DEFAULT NULL,
  `operated_id` bigint(20) DEFAULT NULL,
  `operator_id` bigint(20) DEFAULT NULL,
  `update_time` datetime DEFAULT NULL,
  PRIMARY KEY (`id`)
) ENGINE=InnoDB DEFAULT CHARSET=utf8 COLLATE=utf8_unicode_ci;
/*!40101 SET character_set_client = @saved_cs_client */;

--
-- Dumping data for table `crm_operation_log`
--

LOCK TABLES `crm_operation_log` WRITE;
/*!40000 ALTER TABLE `crm_operation_log` DISABLE KEYS */;
/*!40000 ALTER TABLE `crm_operation_log` ENABLE KEYS */;
UNLOCK TABLES;

--
-- Table structure for table `crm_service_log`
--

DROP TABLE IF EXISTS `crm_service_log`;
/*!40101 SET @saved_cs_client     = @@character_set_client */;
/*!40101 SET character_set_client = utf8 */;
CREATE TABLE `crm_service_log` (
  `id` bigint(20) NOT NULL AUTO_INCREMENT,
  `contact_channel` varchar(255) COLLATE utf8_unicode_ci DEFAULT NULL,
  `contact_frequency` int(11) NOT NULL,
  `create_time` datetime DEFAULT NULL,
  `customer_id` bigint(20) NOT NULL,
  `employee_id` bigint(20) NOT NULL,
  `issue_content` varchar(255) COLLATE utf8_unicode_ci DEFAULT NULL,
  `issue_type` varchar(255) COLLATE utf8_unicode_ci DEFAULT NULL,
  `review_content` varchar(255) COLLATE utf8_unicode_ci DEFAULT NULL,
  `review_score` int(11) NOT NULL,
  `satisfaction_index` varchar(20) COLLATE utf8_unicode_ci NOT NULL DEFAULT '' COMMENT 'æ»¡æ„åº¦,å¿ è¯šåº¦, A, B, C, D',
  `title` varchar(255) COLLATE utf8_unicode_ci DEFAULT NULL,
  `update_time` datetime DEFAULT NULL,
  PRIMARY KEY (`id`)
) ENGINE=InnoDB DEFAULT CHARSET=utf8 COLLATE=utf8_unicode_ci;
/*!40101 SET character_set_client = @saved_cs_client */;

--
-- Dumping data for table `crm_service_log`
--

LOCK TABLES `crm_service_log` WRITE;
/*!40000 ALTER TABLE `crm_service_log` DISABLE KEYS */;
/*!40000 ALTER TABLE `crm_service_log` ENABLE KEYS */;
UNLOCK TABLES;

--
-- Table structure for table `crm_service_type`
--

DROP TABLE IF EXISTS `crm_service_type`;
/*!40101 SET @saved_cs_client     = @@character_set_client */;
/*!40101 SET character_set_client = utf8 */;
CREATE TABLE `crm_service_type` (
  `id` int(11) unsigned NOT NULL AUTO_INCREMENT,
  `name` varchar(255) NOT NULL DEFAULT '' COMMENT 'æœåŠ¡åç§°',
  PRIMARY KEY (`id`)
) ENGINE=InnoDB AUTO_INCREMENT=10 DEFAULT CHARSET=utf8 COMMENT='ä¼šå‘˜æœåŠ¡ç±»åž‹è¡¨';
/*!40101 SET character_set_client = @saved_cs_client */;

--
-- Dumping data for table `crm_service_type`
--

LOCK TABLES `crm_service_type` WRITE;
/*!40000 ALTER TABLE `crm_service_type` DISABLE KEYS */;
/*!40000 ALTER TABLE `crm_service_type` ENABLE KEYS */;
UNLOCK TABLES;

--
-- Table structure for table `employee`
--

DROP TABLE IF EXISTS `employee`;
/*!40101 SET @saved_cs_client     = @@character_set_client */;
/*!40101 SET character_set_client = utf8 */;
CREATE TABLE `employee` (
  `user_id` bigint(20) NOT NULL,
  `birthday` datetime DEFAULT NULL COMMENT '生日',
  `business_expertise` varchar(255) COLLATE utf8_unicode_ci DEFAULT NULL COMMENT '业务专长',
  `card_number` varchar(255) COLLATE utf8_unicode_ci DEFAULT NULL COMMENT '工号',
  `create_time` datetime DEFAULT NULL,
  `degree` varchar(255) COLLATE utf8_unicode_ci DEFAULT NULL COMMENT '学历',
  `department` varchar(255) COLLATE utf8_unicode_ci DEFAULT NULL COMMENT '部门',
  `entry_time` datetime DEFAULT NULL COMMENT '入职时间',
  `gender` tinyint(4) NOT NULL DEFAULT '1' COMMENT ' 1 2',
  `graduated_school` varchar(255) COLLATE utf8_unicode_ci DEFAULT NULL COMMENT '毕业院校',
  `job_position` varchar(255) COLLATE utf8_unicode_ci DEFAULT NULL COMMENT '职位',
  `major` varchar(255) COLLATE utf8_unicode_ci DEFAULT NULL COMMENT '专业',
  `marry` tinyint(4) NOT NULL DEFAULT '1',
  `nation` varchar(255) COLLATE utf8_unicode_ci DEFAULT NULL COMMENT '民族',
  `native_place` varchar(255) COLLATE utf8_unicode_ci DEFAULT NULL COMMENT '籍贯',
  `residence_type` varchar(255) COLLATE utf8_unicode_ci DEFAULT NULL COMMENT '户口性质',
  `updata_time` datetime DEFAULT NULL,
  PRIMARY KEY (`user_id`)
) ENGINE=InnoDB DEFAULT CHARSET=utf8 COLLATE=utf8_unicode_ci;
/*!40101 SET character_set_client = @saved_cs_client */;

--
-- Dumping data for table `employee`
--

LOCK TABLES `employee` WRITE;
/*!40000 ALTER TABLE `employee` DISABLE KEYS */;
INSERT INTO `employee` VALUES (17,'2016-08-02 00:00:00','1','1','2016-08-17 15:27:10','','科技部','2016-08-02 00:00:00',1,'1','1','1',1,'1','1','1',NULL),(18,NULL,NULL,NULL,'2016-08-17 15:31:53',NULL,'科技部',NULL,1,NULL,NULL,NULL,1,NULL,NULL,NULL,NULL),(34,NULL,NULL,NULL,'2016-08-18 10:25:12',NULL,'科技部',NULL,1,NULL,NULL,NULL,1,NULL,NULL,NULL,NULL),(37,NULL,NULL,NULL,'2016-08-18 11:46:10',NULL,'科技部',NULL,1,NULL,NULL,NULL,1,NULL,NULL,NULL,NULL);
/*!40000 ALTER TABLE `employee` ENABLE KEYS */;
UNLOCK TABLES;

--
-- Table structure for table `info_article`
--

DROP TABLE IF EXISTS `info_article`;
/*!40101 SET @saved_cs_client     = @@character_set_client */;
/*!40101 SET character_set_client = utf8 */;
CREATE TABLE `info_article` (
  `id` bigint(20) NOT NULL AUTO_INCREMENT,
  `collect_num` int(11) DEFAULT '0',
  `content` text COLLATE utf8_unicode_ci NOT NULL COMMENT '内容详情',
  `create_time` datetime DEFAULT NULL,
  `creator_id` bigint(20) NOT NULL,
  `_desc` varchar(255) COLLATE utf8_unicode_ci DEFAULT NULL,
  `false_collect_num` int(11) DEFAULT '0',
  `false_praise_num` int(11) DEFAULT '0',
  `false_read_num` int(11) DEFAULT '0',
  `full_payment` tinyint(4) NOT NULL DEFAULT '1' COMMENT 'article ',
  `_index` int(11) NOT NULL DEFAULT '1',
  `permission` int(11) NOT NULL,
  `praise_num` int(11) DEFAULT '0',
  `read_num` int(11) DEFAULT '0',
  `status` int(11) DEFAULT '0',
  `thumb` varchar(255) COLLATE utf8_unicode_ci DEFAULT NULL,
  `title` varchar(255) COLLATE utf8_unicode_ci NOT NULL,
  `update_time` datetime DEFAULT NULL,
  PRIMARY KEY (`id`)
) ENGINE=InnoDB AUTO_INCREMENT=41 DEFAULT CHARSET=utf8 COLLATE=utf8_unicode_ci;
/*!40101 SET character_set_client = @saved_cs_client */;

--
-- Dumping data for table `info_article`
--

LOCK TABLES `info_article` WRITE;
/*!40000 ALTER TABLE `info_article` DISABLE KEYS */;
INSERT INTO `info_article` VALUES (2,0,'&lt;p&gt;&amp;nbsp;&amp;nbsp; 《三打白骨精》中当唐僧知道白骨精是因为千年怨气而不能投胎转世，而选择自己死亡帮助其投胎转世；孙悟空只知道白骨精是千年妖怪，乱杀众生当诛；沙悟净只知道白骨精所变人形，到处杀人，可能是妖怪；猪八戒见白骨精所变人形美若天仙，便动色心。&lt;br/&gt;&amp;nbsp;&amp;nbsp; 这是一个非常有意思的师徒四人组。&lt;br/&gt;&amp;nbsp;&amp;nbsp; 唐僧的信念是成佛，佛度众生，所以只要是有生命的唐僧都愿度之。即便是个妖怪作恶多端，唐僧也愿意度化他，因为他的信念是成佛，如果在取经的路上不去帮助每一个众生（妖怪也是众生），即使成佛也是没有意义！所以他知道如果度不了白骨精，即使去往西天也不可能成佛，如果度了每一个生命即使不去西天，他也可以成佛，佛不在西天，佛在心中！此乃心相！&lt;br/&gt;&amp;nbsp;&amp;nbsp; 孙悟空的信念是保护唐僧，善恶明辨，他有火眼金睛可以看透世间真假善恶，活在真相里。所以看到白骨精害人以及很多妖怪害人便杀之！看到老虎吃人便杀之！他的心理只有真相，所以他的所作所为和唐僧不同，他崇尚的是真假和善恶，此乃真相！&lt;br/&gt;&amp;nbsp;&amp;nbsp; 沙僧看到的是白骨精杀人，知道其不是好人，却连白骨精是妖怪也看不出来，可以说只能看到表面的真假善恶，而表面的真假善恶却不是真正的真假善恶，此乃表象！&lt;br/&gt;&amp;nbsp;&amp;nbsp; 猪八戒看到的是白骨精变成的女人很漂亮，动了色心，却不知道白骨精的所有漂亮都是妖怪骷髅幻化而来，看到的和真假善恶都无关，此乃假象！&lt;br/&gt;&amp;nbsp;&amp;nbsp; 师徒四人活在不同的状态里，代表着人性的四种状态，人的四种状态其实代表人的四种境界。而不同状态里的人表现、作为、成就都是不同的！&lt;br/&gt;&amp;nbsp;&amp;nbsp; 再举个例子给大家看：一个人父母得了重病，卧床不起，选择去巧言令色的骗人钱财，那么我们就用心相、真相、表象、假象来分析四种人不同的态度。&lt;br/&gt;&amp;nbsp;&amp;nbsp; 心相：活在心相中的人因为心地善良，即使发现这个人骗了他的钱，而有感于这个人是无可奈何而为之，体谅其亲人生命垂危会原谅此人的欺骗，甚至还会额外帮助。&lt;br/&gt;&amp;nbsp;&amp;nbsp; 真相：活在真相中的人因为知道了事情的原委，选择此人应该承担错误带来的后果，但是心里有可能已经原谅（这就相当于我们经常会说我原谅你了，但是我和你却不能成为朋友了，真正的原谅是不会有任何的怪罪，法官就是活在真相里，犯罪法律必须处罚，但是我的心有可能是体谅你的，但是世间很多事情我们扮演的根本不是法官的角色）。&lt;br/&gt;&amp;nbsp;&amp;nbsp; 表象：此人骗了我们必须受到相应的处罚。&lt;br/&gt;&amp;nbsp;&amp;nbsp; 假象：此人巧言令色会让很多人同情之、可怜之，甚至谬赞之。&lt;br/&gt;&amp;nbsp;&amp;nbsp; 这四种人在生活中到处都是，我们要有一双慧眼来辨别、来识人，因为这四种人能担当的责任、位置是不同的。从德和行上评价这四种人：&lt;br/&gt;&amp;nbsp;&amp;nbsp; 1、心相：活在心相里都是大彻大悟，大慈大悲之人，也是大能之人，也是可以感化有能力的人的人！这种人是圣人、是领袖、是伟人！&lt;br/&gt;&amp;nbsp;&amp;nbsp; 2、真相：活在真相里的是有智慧的人，是有能力的人。在社会上是可以担当领导之人，在团队中是高层或中层之人，但绝不是核心之人，原因很简单：因为所有的领袖都是活在心相里的，都是品质大于能力，都是让品质驾驭能力，而活在真相里的人是能力至上之人，因能力高超往往会忽视了自己的人品，往往忽视了心相，我们称之为是高能中德之人，高能小德之人或中能中德。&lt;br/&gt;&amp;nbsp;&amp;nbsp; 3、表象：表象之人有可能是有德行之人，但绝不是大德，最多只能是中德。不思考、不进取，喜欢用嘴巴说、用眼睛看、用耳朵听，总是活在事情的表象里，人云亦云没有主见，我们称之为小能中德，小能小德或中能小德之人。&lt;br/&gt;&amp;nbsp;&amp;nbsp; 4、假象：无智慧、无知识、无见识、无思维、无品行之人连普通人都不能称之，只能说是庸人、莽人。此种人最会用嘴巴说，堪称只说不做之人或者不说不做之人，当然也有可能被活在表象里的人认为是大善之人、大德之人，这种人在团队中千万不能存在！&lt;br/&gt;&amp;nbsp;&amp;nbsp; 心相中人至善至美，有信念，有道德永远为别人考虑。他和真相之人相似之处是：看到一个人饿了都会拿出食物来帮助，最大的区别是心相之人会问一问你有没有忌口，吃什么？我给你拿。真相之人是看到别人饿了拿出一样东西就给别人吃，也不管适不适合！&lt;br/&gt;&amp;nbsp;&amp;nbsp; 真相之人比心相之人最大的差别是做事用心却不在对方上用心，只活在自己世界里，只会以己度人。比如自己会一样东西就认为别人会了，自己懂了就认为别人懂了，从来不设身处地的为别人着想，以自己的思维要求别人。&lt;br/&gt;&amp;nbsp;&amp;nbsp; 表象和假象之人就不做评价了，碌碌无为，无大作为，甚至表面努力而从不用心！&lt;br/&gt;一个有能力的人也认真做事，但是总是活在自己的世界里，此乃无心之人！纵有万般本领，千般变化谓之无心，也是庸人！&lt;br/&gt;&amp;nbsp;&amp;nbsp; 一个没有能力的人，但用心做事总是会积累很多经验，知道自己不足便努力学习，终会启开悟性，做到大能！&lt;br/&gt;&amp;nbsp;&amp;nbsp; 所以世间事皆为有心、无心，皆为用心、不用心，没有能与不能之说！用心则排除万难，心向往之，不用心万般本领只是其炫耀之工具，不可成不世之功勋！&lt;br/&gt;&amp;nbsp;&amp;nbsp; 人才与领袖之间的间隔就是用心与否，庸人与人才之间的间隔就是努力与否！&lt;br/&gt;&amp;nbsp;&amp;nbsp; 活在心相里：无为而胜有为！&lt;br/&gt;&amp;nbsp;&amp;nbsp; 活在真相里：有为却有坎坷和障碍，谓是：德不厚，则位必虚！&lt;br/&gt;&amp;nbsp;&amp;nbsp; 希望各位读者能深刻的理解这四种“相”来反思自己，不要碌碌无为终身，自以为是终身！是以为：国之士是乃心之诚也，心之诚则谓之赤也，是为赤诚，此乃赤子之心！大善、大美、大诚、大信！&lt;/p&gt;','2016-08-16 14:16:22',17,'《三打白骨精》中当唐僧知道白骨精是因为千年怨气而不能投胎转世',0,0,107,1,0,1,0,49,0,'/Uploads/img/57b2afb663c99.jpg','心相','2016-08-31 14:18:56'),(3,0,'&lt;p&gt;&amp;nbsp;&amp;nbsp; 现在的社会是人人都有机会的社会，只要你真是个英雄，请你就不要抱怨，英雄无用武之地。殊不知，是真英雄太少，而不是用武之地太少！&lt;br/&gt;&amp;nbsp;&amp;nbsp; 也许，你有能力，可惜你却没有做成事，如果是这样的话，请你反思一下，为什么呢？有可能，是因为你无礼无德。成功一定是有礼有德有能力，如果你有能力了，就更应该有礼有德，因为有了能力就离成功很近了，为什么还无礼无德，让自己空有一身能力不去成功呢？&lt;br/&gt;&amp;nbsp;&amp;nbsp; 如果你没有能力，无礼无德也就算了，反正你这辈子也成功不了了。可惜的是就怕你有能力，不就亏了吗？&lt;br/&gt;&amp;nbsp;&amp;nbsp; 也许你不认为我说的是错的，那就看一看，我说得有没有道理吧！&lt;br/&gt;&amp;nbsp;&amp;nbsp; 一、无礼&lt;br/&gt;&amp;nbsp;&amp;nbsp; 1、一个没有礼的人是不会让人喜欢上你的，除非你有能力、有权利、有地位，让别人恭维你，那可不是真正的尊重，那是假相，你的位置不会稳的，你会过得提心吊胆的。有礼才会让更多人喜欢我们，我们让多少人喜欢，我们就拥有多少人脉，就拥有了多少资源，就利用这些人脉和资源成就我们自己。&lt;br/&gt;&amp;nbsp;&amp;nbsp; 2、无礼的另外一层意思就是无约束力，如果我们没有办法约束自己的行为，总是放纵自己你会发现，无论我们有多大的能力，我们会挑剔抱怨、指责、不合作、非议别人，这都是我们不能约束自己的情绪、心理，自己的行为，于是在这种不能约束自己的情况下，我们就没办法付出自己的能力，一个没有付出自己能力的地方，你觉得我们还能成功吗？人这一辈子最怕的就是我喜欢、我认为、我觉得，这都是一种评判，这种评判都是基于我们自己的思维、见识、知识、智慧，可是我们现在拥有的这些东西，还没有让我们真正成功，就说明我们现在拥有的这些东西，是有些狭隘的，或者说是渺小的。这个社会却是很大的，宇宙是无限的，别人的世界是未知的，我们用我们渺小的东西来评判很大的、无限的、和未知的，你觉得科学吗？你觉得一定会正确吗？如果不正确，我们却去评判了，然后，我们就不选择了，你会发现，我们就没有在这个地方付出行为和能力，请问你怎么可能收获呢？你将永远和成功无缘了。任何成功都是“借假修真”，借助一种事件来修炼自己的能力，当我们的能力修炼到一种程度，当我们的智慧修炼到一种程度，我们就成功了。所以，在我们弱小的时候，就不要挑剔，很多在生命中出现的事情，只要是不违反法律和道德的，我们都应该去体验，因为那本身就是一种修炼啊！如果，你不去做，也许你认为会没有什么，这就相当于当年父母让我们好好学习的时候，我们不认为学习很重要，今天我们的生活因为当年不好好学习和别人有了天壤之别的时候，你真得不后悔吗？你真得不内疚吗？&lt;br/&gt;&amp;nbsp;&amp;nbsp; 佛祖不知道经历了多少难，他成功了，克制了自己的欲望，承担了作为佛应该承担的一切责任，所以他成功了。如果有任何地方该他承担的，他都不去承担，请问他还怎么成为佛祖呢？一个人必须经历坎坷、困难、小成就、波折、进步、发展等，初始期、发展期、稳定期、衰退期，再到发展才能真正的大成。只经历其中的一项那是和成功无缘的，那种体验都会带来的成功都是短暂的。&lt;br/&gt;&amp;nbsp;&amp;nbsp; 所以，一个人不经历困难，成功、坎坷、顺利、快乐、孤独、人生百态，怎么可能炼就金刚不坏！&lt;br/&gt;&amp;nbsp;&amp;nbsp; 二、 无德：&lt;br/&gt;&amp;nbsp;&amp;nbsp; 1、不承担责任，无论你承担了多少次责任，只要你一次不承担责任，你就废了。比如说，有一次别人把一件事情交给你做，你答应了，却不去做，你就失信了别人，也许这个人是你的朋友，也许这个人是你的领导，也许这个人是你的父母，也许这个人是你生命中出现的形形色色的人，请你不要忘记了，我们所有的成功都是因为别人给了机会，以及我们自己努力而争取到的机会。你不承担责任，就等于撂挑子，你要记住，小事情都撂挑子，别人还怎么能相信你呢？哪怕只撂一次挑子，别人怎么敢相信你呢？因为在人生发展过程中你撂过一次挑子，谁也不知道你会不会撂第二次挑子。小事情你都办不好，你觉得别人还敢相信你大的事情吗？特别是那个和别人身家性命息息相关的事情，或者重大的事情，所以你看看，你还能成为一个优秀的领袖吗？你还能成为一个在高位的领导者吗？对呀，小事情你都完不成，小事情你都撂挑子，谁还敢把大事情交给你，谁还敢把人生交给你？所以你失去了朋友的信任，失去了同事的信任，失去了朋友的信任，失去了领导的信任，越是大事，越是关于身家性命，越是关系重大的事情，越是需要信任。你做了让别人不信任的事情，还期待着别人给你机会吗？别人不给你机会，你就没有办法成就自己，领导不给你机会，你就不能成为大的领导，员工不给你机会，你就成不了大的老板，你看看你还能干啥？&lt;/p&gt;&lt;p&gt;&amp;nbsp;&amp;nbsp; 2、第一条如果做不到，你就已经废了，你觉得还需要我写第二条吗？&lt;br/&gt;&amp;nbsp;&amp;nbsp; 3、第二条都没写，还需要写第三条吗？就一条不承担责任你就已经废了。生命中没有大事，都是小事，以小见大，看一看自己吧！&lt;/p&gt;','2016-08-16 14:18:50',17,'现在的社会是人人都有机会的社会，只要你真是个英雄，请你就不要抱怨',0,0,59,1,0,1,0,31,0,'/Uploads/img/57b2b04a6acb1.jpg','无礼无德让你一事无成','2016-08-29 12:43:31'),(4,1,'&lt;p&gt;&amp;nbsp;&amp;nbsp; 不知何时崇尚自由已经变成了这个时代人类时时追求的主题&lt;br/&gt;&amp;nbsp;&amp;nbsp; 恋爱自由、工作自由、生活自由、学习自由等等自由，我们会发现因我们可以掌握的自由度越来越多，但是人类的幸福感并没有加强。物质如此发达，我们很多人却说空虚、寂寞、孤独，为什么会这样呢？&lt;br/&gt;&amp;nbsp;&amp;nbsp; 自由不应该是快乐的吗？可是这个时代的人享受了这么多的自由，却并没有真正的幸福感，很多人认为幸福感来自于外界给我们的，相比较我们的父辈，我们从外界获得的东西还少吗？物质、赞美、机会、见识等等，可是获得了这些以后，我们真正幸福了吗&lt;/p&gt;&lt;p&gt;&amp;nbsp;&amp;nbsp; 恋爱自由：不爱就分开，对的！但是我们考虑到责任了吗？我们有没有伤害过对方，如果伤害了，哪一天发现自己内心是内疚的，请问你还觉得你有自由吗？&lt;br/&gt;&amp;nbsp;&amp;nbsp; 工作自由：不喜欢就离开，对的！但是我们考虑到责任了吗？我们离开了工作，撂挑子了，但是对老板、对同事、对客户，甚至对于我们自己的成长负责了吗？如果哪一天，我们发现了对别人的不负责任，此刻你内心还能坦然吗？那么你还自由吗？&lt;br/&gt;&amp;nbsp;&amp;nbsp; 生活自由：想怎么样就怎么样，注意身边人的感受了吗？打扰到身边人了吗？如果哪一天我们自己被生活中特别崇尚自由的人打扰到你开心吗？你还有自由吗？&lt;br/&gt;&amp;nbsp;&amp;nbsp; 学习自由：不想学就不学，学不会就不学，如果哪一天发现你的生命碌碌无为，没有负责生命的成长，你还开心吗？当初所谓的自由你以为这是真的自由吗&lt;br/&gt;……&lt;br/&gt;……&lt;br/&gt;&amp;nbsp;&amp;nbsp; 太多太多了&lt;/p&gt;&lt;p&gt;&amp;nbsp;&amp;nbsp; 所有不承担责任的自由，都是放纵！放纵≠自由！&lt;br/&gt;&amp;nbsp;&amp;nbsp; 每个人都不是独立的个体，生于这个社会，吸收了这个社会的一切营养以及来自于这个社会的不公等等。这一切都表明我们是融于这个社会的，是和这个社会分不开的，也就是说，我们不是孤立的，和这个社会是融为一体的。那么，我们就要有责任为这个社会上的一切负责！同时也要为自己负责，因为我们也属于社会的一分子。就像眼睛它认为和鼻子无关一样，但是它们俩却息息相关的。所以，不论我们愿不愿意，不论我们承不承认，只要我们与这个社会上的任何物体或人发生链接，就必须要承担责任！即使不是我们主动发生链接的，是被动发生链接的，我们也要承担责任！因为，我们也会不自然的让更多的人被动的接受我们和他发生链接&lt;br/&gt;&amp;nbsp;&amp;nbsp; 父母：我们和父母发生的链接是被动的，但是如果没有他们，我们有生命吗？你看一看有多少人是真正的孝顺父母？很多人会说我孝顺，但是你真的孝顺吗？&lt;br/&gt;&amp;nbsp;&amp;nbsp; 因为孝顺父母没有标准，所以很多人认为是仁者见仁，智者见智，只要尽力就好。真是这样子的吗？生命在于传承，我们传承了父母的生命，就自然的应该让父母的生命得到升华，无论父母愿不愿意，这都是我们责任。无论我们愿不愿意，这都是我们必须要承担的责任！我们给予父母的孝顺，应该是尽最大努力做到最好，而不是说我们能力范围内的最好。比如说我给父母钱，他不愿意花，我就不给了，他是不愿意花吗？这个世界上还有人不愿意享受的吗？无非就是你无能，让父母对你未来的生活有担心，所以不愿意花你辛苦挣的钱，如果你真的有能力，已经成功了，父母还会帮你省那些小钱吗？为什么我们拿父母的善良来掩饰我们的无能呢？你还觉得你负责任吗？当父母离开我们的时候，你会不会内疚你当初那些所谓的自由，而忘记对父母的孝顺！&lt;br/&gt;&amp;nbsp;&amp;nbsp; 爱人：我们和爱人在一起，并不是和爱人一个人在一起，而是和爱人的所有社会关系在一起，我们的爱人不是一个孤立的人，他的那些社会关系，都是他应该承担责任的，如果我们只去爱我们自己的爱人，那么请问他的父母、他的哥哥姐姐以及他很多的朋友和社会关系，你以为和你没有关系，你不用承担责任。但是，你真的以为你活得快乐吗？更不要说我们对爱人，又有几个人真正尽到了责任？陪了你一辈子，无论他好不好都陪了你一辈子，就是因为他不优秀，才在你身边的，如果他优秀，当初他选择你吗？你还觉得不承担责任你会幸福吗？你的家庭的幸福真的只来自于你的快乐吗？你会说我现在还没有结婚呢，可是不久你不就要结婚了吗？也许你会说我这辈子单身，看吧，说这样话的人没有一个不是懦夫的，逃避传承生命的责任，无论你的生命有多长，你都将没有承担生命最起码的责任，你是最失败的。&lt;br/&gt;&amp;nbsp;&amp;nbsp; 朋友：有的朋友也许是同事，有的朋友也许是自己，无论如何你们生命中都发生了链接，无论他对你好，还是对你坏，都是我们自己让别人这样对我们的。好人也有朋友，坏人也有朋友，你做到了为朋友承担责任了吗？有的人视友谊为粪土，有的人视同学为粪土，有的人视同事为粪土，不屑一顾。我想问的是，你生命中到底能出现多少人，你都不在乎，以后你难道要脱离这个社会吗？也许你认为他们不重要，谁重要你联系谁，谁重要你和谁相处，可是我想问你，你认为重要的人，万一不认为你重要怎么办？所有的关系都是我们吸引来的，都是我们能力感召来的，如果你很垃圾，凭什么让你认为很重要的人重视你呢？如果你真的很牛，你身边为什么总是出现你看不上的人呢？你很牛，出现的人应该很牛才对，物以类聚，人以群分，请正视自己到底是什么货色。&lt;br/&gt;&amp;nbsp;&amp;nbsp; 领导：父母养育了你，领导成就了你，很多人说我都看不上我的领导，凭什么说他成就了我，这就相当于很多人不喜欢自己父母一样，而父母却生了自己，养了自己，无论你喜不喜欢你的领导，但在此刻他给了你机会在这里工作，无论怎样对你，至少给了你机会。有几个领导想弄死下属，辞掉下属做不到呢？如果别人给了你机会，你没有抓住，如果别人给了你机会，你没有重视，请问你的人生，有多少机会呢？你的人生能抓住几次机会呢？也许你认为你的领导不如你，一个团队是“木桶原理”，你以为你是某个地方的长板，你拿你的长板来比较别人的短板，一个团队的形成，就是因为不同的长板在一起 ，才组成了一个承载更大容量的木桶啊！你有什么值得骄傲的呢？你能留下就说明你还有些长板，选择用你是别人给你的机会，他之所以现在还能当你的领导，也许在你长板的地方，他是短板，请你不要忘记了一个领导所具备的综合素质，可不是某一个地方。活在自我世界里的你，看不懂只能说你目光短浅，还能证明什么呢？如果你不目光短浅，他真的不如你，你为什么还跟着他干呢？你不配合工作，你挑战他，你以为是自由，其实是别人为了团队的和谐，容忍了你。为了目标的实现，而包容了你；你真的以为别人离不开你，让你滚蛋是分分钟钟的事，大不了，此事因为你暂时的离开而不干，换一批人再来完成，而不是没有你就永远干不成了，你真的以为你很重要，你如果真得很重要，你还是现在的你吗？&lt;br/&gt;……&lt;br/&gt;……&lt;br/&gt;&amp;nbsp;&amp;nbsp; 自由害了你，不敢承担责任害了你，目光短浅害了你，你以为是自由，其实无非就是没有智慧、没有品德、没有修养、没有胸怀下的放纵。&lt;br/&gt;&amp;nbsp;&amp;nbsp; 所有不承担责任的自由都是放纵，所有的放纵和自由都无关系，也许你不信，生命只有一次，你一定会有相信的那一天的，只是怕到那一天，无能的你除了后悔，什么也做不到！&lt;/p&gt;','2016-08-16 14:20:51',17,'不知何时崇尚自由已经变成了这个时代人类时时追求的主题。',1,0,96,1,0,1,0,38,0,'/Uploads/img/57b2b0c3f2adf.jpg','放纵等于自由吗','2016-08-28 12:45:30'),(5,0,'&lt;p&gt;&amp;nbsp;&amp;nbsp; 相传有一个人此生发愿必须修建一座庙宇并在庙宇中立一座大佛，以实现自己的功德，一天晚上，佛祖因此人的前程而托梦给他：你若积功德那所有功德必须是你付出了之后，别人感恩于你的善行而也乐于向善好施，捐助给你的才能修建此愿。否则是侮我玷我，我也不能让你得圆满。&lt;br/&gt;&amp;nbsp;&amp;nbsp; 随后，此人便行脚天下，悲天悯人，施善行于天下其名扬海内。得其佛法点化者，纷纷乐捐物资，以修建此人的发愿。&lt;br/&gt;&amp;nbsp;&amp;nbsp; 有一天，一个乞丐见到此人说：我也愿意捐助我的一切，但是我身无分文，只有我手里的这根拐杖可以捐助给你，但是这根拐杖是我在茅厕里捡起的搅屎棍，此人不好当面拒绝，就让乞丐把搅屎棍放在了院子里。此后，他便忘记此事，便开始修建庙宇和大佛，经过无数个日夜庙宇终于修建成功，大佛也修建成功。正在准备塑金身的时候，此人发现大佛的耳朵后面有一个窟窿，于是此人就在所有人乐捐的物资中找，能有把这个窟窿填实的物料，发现没有合适的。于是此人又出去广施佛法，让别人乐捐，但是所捐物资，没有一个合适的不是大了就是小了，始终没有办法把这个窟窿堵起来。于是这个人日夜悲伤不已。有一天他静下心来，仔细思考有没有在这些年所有乐捐的物资中丢失了什么。他一下子想起了这根搅屎棍，想起了曾经有一个乞丐捐助了搅屎棍，但是此人碍于这个棍子是搅屎棍，怕玷污佛祖而不愿使用。日夜悲愤不已，有一天他在佛祖面前呆了很久很久，在心中默默的向佛祖忏悔，如果用这根搅屎棍来堵这个窟窿，请佛祖原谅他，玷污佛的纯净。当他无可奈何的把这根搅屎棍放在这个窟窿的时候，他又想到这根搅屎棍竟然与这个窟窿完美结合，于是大佛成功了。接受并塑于金身，接受天下善男信女香火甚众。&lt;br/&gt;&amp;nbsp;&amp;nbsp; 但是，此人心结无法释怀，为什么？因为总是担心佛祖怪罪于他，用一根搅屎棍玷污了佛的纯洁。有一日，佛祖又托梦于他：你觉得善男信女来拜的是什么？答曰：是佛。佛祖又问：那这个庙宇里和佛身上的所有东西，是否都属于佛。此人恍然大悟。对的，佛祖身上的每一个东西都是佛，所以那根搅屎棍以前是根搅屎棍，但因为他让佛祖得以圆满，它亦是佛的一部分，而不再是过去的搅屎棍。有可能这根搅屎棍只占有佛的亿万分之一，但是就是这亿万分之一，却无法让佛得到圆满，不圆满的佛还是佛吗？不圆满就和佛无关，虽然只是亿万分之一，但是他让佛得了圆满，所以这亿万分之一的作用，甚至会大于之外的所有东西。因为没有它就没有圆满，而它让佛圆满了以后，它亦是佛的一部分，它就是佛，佛就是它，共同接受善男信女的虔诚和庇佑天下众人。所以让你得到圆满的不是那亿万分之外的东西，而是这亿万分之一。&lt;br/&gt;此人随大彻大悟：接纳才能圆满！&lt;br/&gt;&amp;nbsp;&amp;nbsp; 这根搅屎棍是什么？我们的同事、我们的客户、我们的困难、我们身边遇到形形色色的事件，如果圆满是我们的目标。请问大家我们什么都不接纳，指责和抱怨然后逃避你所面对的而本应该承担的。请问，你的目标还能得到圆满吗？&lt;br/&gt;&amp;nbsp;&amp;nbsp; 你不接纳同事就没有了团队，没有了团队就没有一群人一起实现伟大的梦想。&lt;br/&gt;&amp;nbsp;&amp;nbsp; 你不接纳客户，你就少了一个客户，离目标就越来越远。天下有多少是你喜欢的客户呢！&lt;br/&gt;&amp;nbsp;&amp;nbsp; 你不接纳学习，学习中的困难你不接纳，不去付出和挑战，你就发现你就考不上好大学。&lt;br/&gt;&amp;nbsp;&amp;nbsp; 你不接纳你挑剔，你会发现失去的不是别人，是你自己。因为困难、同事、客户、敌人等等一切你讨厌的，都是你实现目标的路上应该面对的。你不接纳你就不会付出承担，于是你就不挑战，你的能力就得不到提升，你的胸怀得不到提升，你的层次得不到提升，你的结果得不到积累，试问以你现在的你，可以实现目标吗？如果不可以请问你逃避了这么多，而从此不再挑战自己，请问你又怎么能进步呢？&lt;br/&gt;&amp;nbsp;&amp;nbsp; 也许你会说我挑剔这个我不一定挑剔那个，但我告诉你，挑剔的习惯和不接纳的习惯是在你的心，在你的潜意识里，一旦你养成习惯，你就发现你就拥有了挑剔不接纳，指责逃避等恶习，这才是真相。那时候你会发现，你离成功将越来越远。人生无非是重复现在的自己，不再进步，不再创新，离我们伟大的梦想将失之交臂。如果这根搅屎棍他代表的就是你实现目标的路上最关键也是你最难以接受的，困难、挑战、付出、障碍等等一切，请问你逃避了你还能实现梦想吗？&lt;br/&gt;&amp;nbsp;&amp;nbsp; 梦想和目标的储存部分就是有：委屈、痛苦、讨厌、困难等等一切，你不愿意接纳！&lt;br/&gt;接纳是成功的第一步，挑剔是离开目标的最好方法。你拒绝的不是搅屎棍，你拒绝的是成长和圆满！&lt;br/&gt;&amp;nbsp;&amp;nbsp; 我爱你们！张德飞&lt;/p&gt;','2016-08-16 14:22:56',17,'相传有一个人此生发愿必须修建一座庙宇并在庙宇中立一座大佛，以实现自己的功德',0,0,71,1,0,1,0,29,0,'/Uploads/img/57b2b1408a7ea.jpg','一根搅屎棍和佛祖的故事','2016-08-28 09:13:47'),(6,0,'&lt;p&gt;&amp;nbsp;&amp;nbsp; 随着年龄的增长，我们取得了一点成就，然后呢？就用这些成就证明我们自己行，于是我们就觉得站在了一个高度上，来评判一件事情的对与错，评判一件事情的好与坏，甚至评判一个人有没有用。这里面有一个最大的问题就是，如果我们能保证我们一直赢的话，那么这种固执和偏见也是可以的；如果我们现在保证我们未来还能赢的话，我们还有多少能力和心态接受新生事物？因为环境在变，我们的思维、能力和知识体系都要变，不能世界在变，我们一直用不变的东西应对万变，这是不科学的，甚至也是不可以的！&lt;br/&gt;&amp;nbsp;&amp;nbsp; 随着年龄的增长，我们取得的成就不令我们满意，总感觉付出并没有得到什么，受到了委屈、欺骗、曲折。于是，我们的心就疲软了，不再像一开始追随目标、渴望成功那样全力以赴了，觉得命运就是如此，或者我也就是这个样子了，给自己贴上无数不可能的标签。我想说的是，如果你内心里还有一点点渴望成功，那么就不能因为我们之前受到了不是正能量的干扰，而放弃了对成功的追求。什么样的行为导致什么样的结果，如果我们现在的结果让我们不满意，那我们就去学习新的方法，付出新的行为让我们和之前不一样，那么我们未来的结果就会和现在不一样。关键是，你的心还在渴望吗？如果你真的还渴望，那么当下、立马，就去改变！寻找一切可以改变的方法，然后付出代价，你至少应该为自己努力一次！放下质疑，放下干扰，放下不开心的经历，再来一次！&lt;br/&gt;&amp;nbsp;&amp;nbsp; 如果恰好看到这篇文章的你是一个校长，你想让学校有所改变，你只需要做三件事就可以了：第一，营销；第二，教学；第三，管理。因为学校所有的问题都是从这三个板块当中衍生出来的。下面我们就谈一谈这三件事。&lt;br/&gt;&amp;nbsp;&amp;nbsp; 一、营销：它不是单纯的一个方案的问题，它需要做以下几件事：&lt;br/&gt;&amp;nbsp;&amp;nbsp; 1.分析对手。（我们想赢，我们必须要让消费者知道：a.我们好；b.我们比对手好。否则消费者就不知道该怎么选择。）&lt;br/&gt;&amp;nbsp;&amp;nbsp; 2.塑造价值。（我们不要光说我们好，因为我们说我们好的时候，消费者会觉得这些东西不一定和我有关系，你要告诉消费者，我们的好和他之间的关系是什么，选择了我们的好，他会和以前有什么不同，或者改变了他什么状态，或者让他得到了什么。）&lt;br/&gt;&amp;nbsp;&amp;nbsp; 3.宣传工具。无论我们的策划和方案有多好，如果消费者看不到、看不全、看不明白、看的人少，这都是无效的。我们应该通过一种先进的宣传工具，比如现在流行的自媒体营销，让更多的人更方便地了解我们，更多的人知道我们，我们才有机会让他们购买，方便传播才能减少我们的成本和人力。&lt;br/&gt;&amp;nbsp;&amp;nbsp; 4.怎样让消费者接受我们说的话？我们说的无论有多好，好到了这个世界上只有我们，但是消费者如果不相信怎么办？因为他不相信，你说的一句话都是无效的。&lt;br/&gt;&amp;nbsp;&amp;nbsp; 5.等等！还有很多，不一一说明。&lt;br/&gt;&amp;nbsp;&amp;nbsp; 二、教学：它不单单提高孩子的成绩，它应该是一个体系，包含：a.知识。b.解决一切影响孩子学习知识的矛盾，比如：孩子性格、孩子习惯、孩子成长环境。c.除知识之外，孩子还能得到什么（因为消费者是贪婪的，一个需求被满足，另外不满足的需求就会成为他渴望解决的问题，你不解决他当下渴望的，他就觉得你不好，家长对孩子的成长绝对不只是学科知识这么简单。d.服务。怎样让我们的教学成果和学校的理念在课外、在孩子回家后、在家长的交流中一直产生作用！&lt;br/&gt;&amp;nbsp;&amp;nbsp; 1.差异化：现在的教学都是同质化，大同小异，所以很难能让家长选择我们而不选择对手。在同质化时代，价格没有最低，只有更低，因为同质化而降低了学校的利润，老板赚不到，就不会就更多的福利给团队，直接影响到团队的收入，从而影响到执行力，让管理显得更无力。&lt;br/&gt;&amp;nbsp;&amp;nbsp; 2.等等！还有很多，不一一说明。&lt;br/&gt;&amp;nbsp;&amp;nbsp; 三、管理：这是所有企业家和老板都在研究的课题，都知道一流的方案、三流的执行等于三流的结果，所以，我们都想通过一种有效的管理体系让我们的员工执行力爆棚。那么请你考虑几个问题：&lt;br/&gt;&amp;nbsp;&amp;nbsp; 1.执行力的源动力从哪里来？你会说是激起一个人的欲望和对目标的渴望，它是打鸡血能解决的吗？打鸡血能让一个人持之以恒地有欲望吗？一个人如果没有持之以恒的内在驱动力，就没有办法持之以恒地保持对目标追求的激情。所以你会发现，打完鸡血之后，他并没有发现，我获得比之前得到的本质性的区别，无非就是之前赚3块，现在赚4块5、5块，没有从本质上改变他的生活状态和生命状态。这种热情下降了，然后你很难再一次地点燃。这里大家可以思考一个问题：毛主席为什么在如此艰苦的条件下，号召动员所有人民和他一起奔向未来？那个时候毛主席并没有太大的影响力，他的智慧并没有完全展现出来，他的领导力也是薄弱的。可是，为什么他就调动了所有人的积极性呢？难道你不想知道吗？难道你不想获得这种引发人原始驱动力的密码吗？&lt;br/&gt;&amp;nbsp;&amp;nbsp; 2.绩效体系：你真的以为优化了绩效体系就可以让老师的执行力爆棚吗？如果你优化了绩效体系和以前并没有本质的区别，这就相当于一个坏人、一个不被接受的人，只是稍微做了一点点改变，就期望所有人对他的误解、认知得到本质上的改变，你觉得可能吗？作为一个真的内心渴望成功的人，怎么允许我们现在存在的这些问题等到明天？所有成功的人都是在同样的时间内创造了更大的价值，他才能成功，所以成功最大的能力就是用好和管理好时间，那么怎样让我们的时间高效？就是今天的事情不要拖到明天，让同等时间产出更多。“工欲善其事，必先利其器！磨刀不误砍柴工。”这些道理所有人都懂，都懂的事情为什么做不到？无非就是我们的目标感不强，我们渴望成功的欲望不高，或者是我们渴望成功的欲望被很多事情干扰了、阻碍了。&lt;br/&gt;&amp;nbsp;&amp;nbsp; 结果等于欲望减去干扰！所有人生下来的欲望都是很强烈的，之所以没有得到结果，是我们受到的干扰太多，谁的抗干扰能力强，谁就能够让自己的欲望和结果等同。这些问题都在天地人和沈阳千人大会给你解决！年前只有一次，也许你不相信天地人和教育集团，不要忘记了，它可是今年教育咨询行业发展最快的一个公司！自己发展得快，才能让别人发展得快，自己陷入了瓶颈，怎么带领别人发展？年前的机会只有这一次，万一真的对你有帮助呢？成功就是寻找一切可能性！&lt;/p&gt;','2016-08-16 14:24:13',17,'随着年龄的增长，我们取得了一点成就，然后呢？就用这些成就证明我们自己行',8,0,166,1,0,1,0,34,0,'/Uploads/img/57b2b18d8be35.jpg','这些道理，长大的你还听得进去吗？','2016-08-31 20:53:20'),(7,1,'&lt;p&gt;&amp;nbsp;&amp;nbsp; 非要证明自己的勇气，那就做好心理准备再阅读吧！高血压，心脏病者慎入，我是不会提供医药费的。&lt;br/&gt;&amp;nbsp;&amp;nbsp; 愚蠢和智慧是选择以后产生的，你信吗？ 怎么样，这句话“逼格”够高是不是？不好理解吧？在下面的故事里慢慢体会！&lt;br/&gt;&amp;nbsp;&amp;nbsp; 亲，你是否阅读过《在荒岛上买鞋子》的故事？呵呵，不要乱猜，老生常谈可不是我的风格，之所以我来讨论，是因为你还真被骗了，不信，来吧！请听题：&lt;br/&gt;&amp;nbsp;&amp;nbsp; 1、还记得那两个业务员吗？&lt;br/&gt;&amp;nbsp;&amp;nbsp; 2、还记得当初大家是怎么评价他们的吗？&lt;br/&gt;&amp;nbsp;&amp;nbsp; 3、如果是你，那两个业务员你会选择哪一个呢？&lt;br/&gt;&amp;nbsp;&amp;nbsp; 我用脚趾头都知道好多人为了显示自己“逼格”够高，智力能量更足，会选择做那个留下开拓市场的业务员；当然，有的人也可能选择放弃；不过，智慧的你深知在市场中“早走一步是先烈，早走半步是先驱”的道理，可能会选择观望！&lt;br/&gt;&amp;nbsp;&amp;nbsp; 如果你选择留下开阔市场，别离开，因为你难道不想知道那会多惨吗？请继续阅读。&lt;br/&gt;&amp;nbsp;&amp;nbsp; 如果你选择离开，请放弃阅读。因为下面的文章不给不想赢的人看。如果你选择观望，那就放下杂念，仔细阅读并思考吧！&lt;br/&gt;&amp;nbsp;&amp;nbsp; 选择留下开拓市场的你，敢承认是这样做的吗？请看：&lt;br/&gt;&amp;nbsp;&amp;nbsp; 一、用宣传媒介改变观念(纸媒，活动，讲座，专访，广宣等)告诉他们不穿鞋的坏处：&lt;br/&gt;&amp;nbsp;&amp;nbsp; 1、光脚走路会让脚乌起码黑、脏兮兮的。&lt;br/&gt;&amp;nbsp;&amp;nbsp; 2、还有可能猜到恶心、臭哄哄的大便。&lt;br/&gt;&amp;nbsp;&amp;nbsp; 3、更有可能踩到钉子等利器，血流满地，要是感染，甚至到处求医，最后死掉等等。&lt;br/&gt;&amp;nbsp;&amp;nbsp; 二、改变消费习惯：&lt;br/&gt;&amp;nbsp;&amp;nbsp; 在道路上放些“玻璃”、“钉子”，相信光脚的人走起路来肯定小心，肯定有人割破脚，再派几个人穿上鞋到处跑，光脚的人会发现穿鞋子有好处。而你还会不停的产品升级，慢慢赚钱&lt;br/&gt;&amp;nbsp;&amp;nbsp; 三、用领袖带动作用：（你可能在《把梳子卖给和尚》的故事中得到领悟）！请当地的领导或公众人物试穿带动（请明星代言）。&lt;br/&gt;&amp;nbsp;&amp;nbsp; 四、体验式销售：让现有消费者现身说法，搞个结果展示或者汇报演出等大型活动。你取得了一些业绩后，发现结果没有你想想的那样：鲜花和掌声，财富和地位并没有如约而至，理想中的“高富帅”“白富美”，现实中只不过是“矮穷挫”“土肥圆”！一切都因为那个观望的人加入了，而且加入的人好多，甚至多的你都憎恨了！&lt;br/&gt;&amp;nbsp;&amp;nbsp; 经过几年的摸爬滚打，披肝沥胆，日晒雨淋，沐雪喝风以后，你发现事实：&lt;br/&gt;&amp;nbsp;&amp;nbsp; 1、竞争越来越激烈，代价太大。但是不能不做，因为要生活！&lt;br/&gt;&amp;nbsp;&amp;nbsp; 2、大家都在宣传，纸片漫天飞，消费者看都不看！&lt;br/&gt;&amp;nbsp;&amp;nbsp; 3、所有手段大家都在用，心里知道没多少用，但是又不能不做，因为担心现有市场都被瓜分！&lt;br/&gt;&amp;nbsp;&amp;nbsp; 4、消费者不在你这，就是在对手手里，要么就是在去对手的路上，几乎没有空白市场！&lt;br/&gt;&amp;nbsp;&amp;nbsp; 5、去学习吧，到处都是大师，落地性不强，不学吧，对手那个可恶的家伙却在学习！&lt;br/&gt;&amp;nbsp;&amp;nbsp; 6、琢磨出来的东西，可恶的隔壁那家伙又模仿去了，又陷入恶性竞争循环中！&lt;br/&gt;&amp;nbsp;&amp;nbsp; 7、我不能再说了，怕你难受，因为我今天的真实想法是让你从痛苦和误区中走出来！&lt;br/&gt;&amp;nbsp;&amp;nbsp; 所以想成功，必须记住：&lt;br/&gt;&amp;nbsp;&amp;nbsp; 1、必须把消费者的潜在需求变成刚需，否者他们不会消费的（参照上篇文章《怎样干掉对手》中的需求--产品宣传的观点）。&lt;br/&gt;&amp;nbsp;&amp;nbsp; 2、引发需求后，必须还要阻击对手的宣传，否者竞争者捷足先登（可以研究脑白金广告）&lt;br/&gt;&amp;nbsp;&amp;nbsp; 3、“宣传不连续，等于白费力”。销售好比烧水，一次宣传，活动、讲座，能把水烧到100度的肯定很少；有的烧到80度；有的烧到60度，甚至更低。没有烧开的水，要继续烧开，或者让其温度下降的慢一些，为下次烧水做准备和铺垫。临时抱佛脚的行为就不要做了。&lt;br/&gt;&amp;nbsp;&amp;nbsp; 4、“活动不跟踪，等于一场空”。这是建立在上个论断基础上的，一是为了达到上个论断的目的，二是了解消费者在本次活动中心态、不能满意的地方，三是延时跟踪，化整为零等。&lt;br/&gt;&amp;nbsp;&amp;nbsp; 5、因为竞争者存在才有市场，所以竞争不可避免，怎么做？参照上篇《怎么干掉对手》。&lt;br/&gt;&amp;nbsp;&amp;nbsp; 6、宣传（包括纸媒，活动，广宣，论坛，讲座，专访等）时必须分辨产品的属性，因为产品分为诉诸情感型和理智型等，不同的属性不同的语言和形式。&lt;br/&gt;&amp;nbsp;&amp;nbsp; 7、不是不说了，说多了，怕你用乱了。&lt;br/&gt;&amp;nbsp;&amp;nbsp; 当然，营销不可能这么简单，虽然营销的原理一样，但产品，环境，消费习惯，购买行为不同，使用的方法肯定不同。所以，必须把营销原理和实际相结合，营销大师深知“一招鲜，吃遍天”，“先下手为强”，“因地制宜”的道理。必须熟悉市场，准确预测未来趋势，并提前预见下一个大事件（下篇文章介绍），否则就会被竞争对手吞下。市场瞬息万变，胜出的焦点将在下一刻，不是下个月或者下个季度。&lt;br/&gt;&amp;nbsp;&amp;nbsp; 工于善其事，必先利其器，随着竞争的越来越大，国家法律越来越健全，政府越来越让市场自己说话。以前的野路子，凭感觉，靠个人的时代结束了，专业化，服务化，市场化的营销时代来临了&lt;/p&gt;','2016-08-16 14:25:07',17,'非要证明自己的勇气，那就做好心理准备再阅读吧！高血压，心脏病者慎入',1,0,95,1,0,1,0,37,0,'/Uploads/img/57b2b1c36a065.jpg','嚯！挑战智力，你真敢吗？','2016-08-27 23:26:27'),(8,0,'&lt;p&gt;&amp;nbsp;&amp;nbsp; 在教育培训市场竞争中，我们怎样脱颖而出？怎样抢占属于我们的市场份额？我想仁者见仁，智者见智，最后见证的只有两个字“结果”。下面我们给大家讲一个小故事，看看智慧的你能从中收获什么！小故事，大智慧，往下看看吧！&lt;br/&gt;&amp;nbsp;&amp;nbsp; 作者 | 张德飞(北大总裁班导师，天地人和总经理)&lt;/p&gt;&lt;p&gt;&amp;nbsp;&amp;nbsp; 在一个公司里，有一个非常漂亮的美女，宛如天人。公司有十个光棍，狼多肉少，都想据为已有。从美女进入公司那一天开始，这十个光棍每天殷勤备至：买早餐、请午饭、送礼物、发短信，这样持续了将近一个月的时间，美女并没有和任何一个人交往，这十个光棍每一个人都痛苦备至，束手无策。其中有一个光棍A，感觉自己条件很好，有房有车，有存款，有公司的股份，很有前景，而且个人又有智慧，又勤奋，又孝顺。A分析了其他九个人，这里面只有D和H和他的情况差不多，虽然D条件和他一样，但是很懒惰，优点是D比A帅气，H其他地方都一样，只有一个地方与A不同，就是没有公司股份，其他的几个人都是刚进入公司不久，有的有房有的有车，条件就比他们三个相差了很多。&lt;br/&gt;&amp;nbsp;&amp;nbsp; 于是，A经过了深思熟虑之后，计上心头。一天中午，他提前约美女出去吃饭，等到时机成熟，他和美女说了一段话“亲，你是我们公司最漂亮的美女，条件也是最好的，更是一个非常优秀的女孩，我想有资格追求你的男孩子一定都非常厉害吧！先不谈人品怎样，这要在以后的相处中才能知道。首先要具备一定的物质条件吧，虽然物质条件不是衡量幸福的标准，但是一个真正能给女人幸福的男人肯定是有责任感的人，他的事业肯定是成功的。同样你也是一个优秀的女人，肯定愿意陪他奋斗拼搏。但是，一个男人至少要让他的女人，生活无后顾之忧，如果他前景足够好，有自己的事业，甚至是某大公司的高管，每年都有公司分红，未来奋斗的阻力就稍微少一些，这样你就有足够的精力去享受你们的幸福生活，人品你也应该慢慢地考察，人品不好是靠不住的，再有钱也没有用。”&lt;br/&gt;&amp;nbsp;&amp;nbsp; 当A说完之后，女孩陷入了沉思，然后给予A一个肯定的微笑，表示非常认同和赞同。在未来的半个月里，A发现，这个女孩只接受A和D以及H的礼物，平时只和他们交往，其他几个人女孩只保持了同事的关系，并没有深交。而女孩和D的交往相对较多一些，于是A陷入了思考……，某天中午，他并没有约女孩吃饭，而是给她发了一条短信，内容如下：&lt;br/&gt;&amp;nbsp;&amp;nbsp; 亲，你好，这几天你太忙，只和你吃了饭，并没有和你多聊，我今天想和你在短信里探讨几个问题，你觉得一个男人有钱、有房有车和你有关系吗？我相信你的回答一定是肯定的，因为只有这个男人愿意为你付出之后，他所有东西才属于你，那么这个男人一定是爱你的，很有责任心的，但是爱你的和有责任心的也不一定对你好，这句话看起来很矛盾，其实你仔细想一想就会明白了，你要的是一个男人爱你的行为，以及这个行为带给你的幸福结果，而不是他心里怎么想，停留在心里的想法是没有用的，只有付出行动才行，这就像我们平时很多人都在想：等我有了钱，我要给爸爸妈妈买别墅，带他们去旅游，给他们幸福的生活。可是，到了晚上回家的时候，懒惰的给父母倒洗脚水都不乐意，所以我想一个有责任心和爱心的人，他同时也必须是一个愿意付出的人，至少不应该是一个懒惰的人，我想你应该看一看在追求你的男孩子当中，哪些人是比较勤奋的，哪些人是比较懒惰的，只有勤奋的人才会付出行为。从哪几个方面去观察，我想聪明的你比我更清楚。当然，一个男人的长相对女人来说也是一种赏心悦目，但是我觉得，一个男人更重要的是他的魅力、宽容的心态、赤诚的责任感、积极上进的心理、散发出稳重成熟的人格魅力，对男人来说比长相更重要。&lt;br/&gt;&amp;nbsp;&amp;nbsp; 过了一个小时之后，女孩给他回了一条短信：谢谢你，让我明白了很多，知道怎样慎重地选择自己的幸福了。在接下来的一段时间里，A充分展现了一个有责任感、一个有爱心、一个有魅力、一个勤奋的男人的综合实力。他发现，H男已经放弃了追求，也许是女孩明确地拒绝了他或者觉得自己做不到吧。D这一段时间，好像换了一个人似的，也比以前给勤奋了，衣着比以前更整洁了，对女孩也比以前殷勤了很多，A感觉到了非常大的压力，心里面五味杂陈。&lt;br/&gt;&amp;nbsp;&amp;nbsp; 这个时候他想到了他有一个朋友，是销售的高手他想也许他会帮助自己，于是A给他的朋友打了一个电话，他的朋友只给他说了一句话&lt;br/&gt;&amp;nbsp;&amp;nbsp; 我对恋爱没有什么经验，但是我可以给你说一说，我们在市场中是如何战胜竞争对手的，我们都是拿自己的优点跟对手的缺点比较。但是，对手也不傻，他也会模仿。这个时候，又让我们站在了同一个起跑线上，又差不多一样了。当这种情况出现的时候，我们都非常难做，后来我们慢慢有经验了，就变得聪明了，当我们再和竞争对手竞争的时候，我们不光找到和他不同的地方，让消费者感觉到这个不同地方的价值对他是至关重要的，然后我们还把我们不同的价值设置了一个标准，就像是设置了游戏规则一样，然后让很多人没有资格参与，不光寻找差异化，还要阻断竞争，才是面对竞争的不二法门（我们在《培训行业的竞争开始了吗》中有细化的介绍，想要阅读的朋友可以打下面的电话或加微信索要，放心免费的）&lt;br/&gt;&amp;nbsp;&amp;nbsp; A仔细思考了他朋友的话，他给女孩发了一个邮件，邮件的内容是，列出未来他和女孩做的事情，每天做哪些事，周末做什么、节假日做什么、纪念日做什么、什么时候接女孩下班、什么送女孩上班、出差时候安排好女孩的生活……，女孩收到邮件后，心想如果A能做到的话，那么A就是他最好的伴侣。她没有给A回复，但是她慢慢观察A是否能做到，果然，一段时间后，A的确做到了。而女孩在接到A的邮件后，她就暂时拒绝了H，她想应该观察一下A，发现A真的做到了，女孩芳心暗许接下来就不用我说了。&lt;/p&gt;','2016-08-16 14:26:29',17,'在教育培训市场竞争中，我们怎样脱颖而出？怎样抢占属于我们的市场份额？',0,0,106,1,0,1,0,14,0,'/Uploads/img/57b2b2156ccf4.jpg','面对竞争该怎么办？','2016-08-31 14:17:05'),(9,0,'&lt;p&gt;&amp;nbsp;&amp;nbsp; 你想成为成功的老板？如果不是，请放弃阅读！&lt;br/&gt;&amp;nbsp;&amp;nbsp; 你知道市场是自己、竞争者和消费者三者之间的博弈产生的吗？在市场中想存活的你，只有两种选择，那就是：干掉竞争者或者征服消费者！&lt;br/&gt;&amp;nbsp;&amp;nbsp; 你知道消费者根本不关心你的产品吗？因为他们只关心从你产品中得到的好处和利益！&lt;br/&gt;&amp;nbsp;&amp;nbsp; 你知道为什么你的宣传单页和活动通知消费者不读就扔吗？那是因为你的标题都没有吸引他的眼球！&lt;br/&gt;&amp;nbsp;&amp;nbsp; 你知道为什么你的学校事实上很优秀，消费者却不报名吗？那是因为他们的认知比你的事实更重要！&lt;br/&gt;&amp;nbsp;&amp;nbsp; 如果你同意我说的，那就请你继续阅读。否则，请放弃！&lt;br/&gt;&amp;nbsp;&amp;nbsp; 作为校长的你必须分析你的消费者真正的需求。因为需求就是消费者的“痛点”，你的产品也就是你的学校就是治疗“痛点”的“药”。然后无论你用什么方式的宣传，都必须明确告知你的消费者，他的“痛点”在哪里？你的“药”是怎么治疗的，而且还必须证明或者承诺你的确能治愈，否则他是不会选择的！而如果你把错了脉，对不起，你一切的宣传都是惨淡或者无效的。&lt;br/&gt;&amp;nbsp;&amp;nbsp; 如果你选择征服消费者，那你就请继续阅读吧，当然你也可以放弃！&lt;br/&gt;&amp;nbsp;&amp;nbsp; 消费者有8大天生需求，9大后天需求，无论你知不知道，他都事实存在。如果要满足他的任何一个需求，那么你必须做到拿你的成就来证明，而你之前的成就是事实存在的。当然只要让他相信你说的是真的，（你懂得）恭喜你，你就迈进成功第一步了！否则，他有丝毫的担心都不会消费！所以你必须记住：你的所有策略，都是针对消费者的真正需求，而非你的评判和演绎。&lt;br/&gt;&amp;nbsp;&amp;nbsp; 如果你觉得需求是难以捉摸的！你还有一种办法，那就是让他相信你的确比对手强。&lt;br/&gt;&amp;nbsp;&amp;nbsp; 在市场中，因为对冲原理，你和你的竞争对手差不多的时候，你们的产品品质优势就会消失。消费者只会选择价格比价便宜的，所以你必须和对手比较高低：a.对手的优势在哪里？b你的优势在哪里？C。对手比你好在哪里？d.对手哪里不好？E.对手哪里不做？g.对手哪里做得不好？智慧的你会发现属于你的真正的市场是在对手不做和做的不好之间产生的！如果你存在劣势，那么你必须通过复制创新来超越对手！！！&lt;/p&gt;','2016-08-16 14:27:25',17,'你想成为成功的老板？如果不是，请放弃阅读！你知道市场是自己、竞争者和消费者三者',0,0,89,1,0,1,0,40,0,'/Uploads/img/57b2b24d313e7.jpg','怎样干掉对手','2016-08-31 14:24:14'),(10,1,'&lt;p&gt;&amp;nbsp;&amp;nbsp; 谈到管理，这是我们每个老板最关心的问题，因为企业越大，管理就会越麻烦，一个企业无非就是开源和节流，这两个环节任何一个地方都要用到管理，我觉得我们首先应该看一看杰克·韦尔奇的一句话：“任何管理如果不是正确激发员工自主工作，都是伪管理。”&lt;br/&gt;&amp;nbsp;&amp;nbsp; 这句话非常好理解，告诉我们一个企业的所有管理制度都应该是促进员工自主学习、自主进步、独立自主工作，如果一个管理制度是在控制员工的自主性，压抑员工的进取心，那么这个企业是很危险的，因为它没有积极向上的正能量和活力。&lt;br/&gt;&amp;nbsp;&amp;nbsp; “管理”二字，单从字面上理解，“管”是控，是告诉什么不能做，“理”是导，是指明什么可以做！我常在很多地方说，管理的真相是三分之一管，三分之二理，很多人会说，如果我们管得少了，很多员工就会钻空子、就会不自觉、就会更松散。请记住物以类聚，人以群分，在一个企业中，我们应该是留下君子，去除伪君子。不能为了防止伪君子的作乱，而让君子活得很压抑。企业的管理制度不是为了哪一个人服务，而是为企业的整体计划服务的。管理的本质是服务企业大多数人的利益，而不是为了规避少数几个人而损害大多数人的利益。只有建立在服务大多数人利益基础之上，这个制度才是好的制度，才是可执行的制度。中国人最大的悲哀就是帝王思想太严重，很多企业老板都认为员工只有互相斗来斗去，才能更好地管控。我们的老板忘记了，这不是一个国家，一个国家太复杂、太庞大、它稳定大于发展，而我们的企业是自己的，所有的内耗都是让我们丧失时间、丧失机会、增加成本。我曾经写过一篇文章，叫《管理的利他性》&amp;nbsp;&amp;nbsp;&amp;nbsp;&amp;nbsp; （如果没有看过的，可以加下面的微信索要资料）！&lt;br/&gt;&amp;nbsp;&amp;nbsp; 所以，一个企业的管理，就要引发员工的积极性，那些天天想着怎么防着员工的企业老板是做不大，这样的企业也是不可能发展得好的。打个比方，你看看我们国家，有了法律，它是防止人们犯错的处罚条例，国家只会在社会风气极度混乱，只会在危害行为极度频繁的时候，才会采取大规模行动，比如说打击黑恶势力、扫黄、抓赌，而大部分的时间都是在歌颂优秀人物、宣传榜样、表彰先进个人，这都是引导人们往积极正向的方向走，往健康自主的行为上来。所以在一个企业当中，当员工犯错误的时候，我们第一时间要做的是梳理他这样做的影响和后果，以及引导和告知以后要怎么做，如果这种行为的确触犯了公司的管理制度，第一时间按规章制度处理就可以了，更多地去鼓励他以后怎么去做，而不是拼命地批评他，当然屡范的行为就比较严重了，要大批特批甚至开除。&lt;br/&gt;&amp;nbsp;&amp;nbsp; 我们在后面的文章中会讲到，员工为什么会到企业来？到了企业怎么激发执行力？（请加微信索要《狼团是怎样炼成的》和《面对竞争我们该做什么？》资料）员工到一个企业来都是寻求发展的，几乎很少有人到企业中为了混日子，一个企业建立制度的根基，是让员工怎样才能达到他自己的目标，当然这个目标是在公司长久计划的范围之内的。所以，公司的管理制度必须让员工感觉到是促进他进步、促进他成长、促进他得到企业给他提供的福利，否认他就会感觉到前途渺茫、压抑，丧失自发性，自主性，主观能动性。&lt;br/&gt;&amp;nbsp;&amp;nbsp; 企业的管理制度，不能随便地从别人那拷贝过来，因为它是为了企业文化，企业长久计划，企业日常行为服务的。每个公司都有自己的目标，每个人都有自己的理想，想要制定出优秀的管理制度，必须要明确：&lt;br/&gt;1、企业的目标是什么&lt;br/&gt;2、企业的计划是什么&lt;br/&gt;3、企业的标准流程是什么&lt;br/&gt;4、企业的员工福利是什么&lt;br/&gt;5、企业的分配制度是什么&lt;br/&gt;&amp;nbsp;&amp;nbsp; 而不是盲目里随意地拷贝一个管理制度来执行，这样在以后的工作中，不要说员工难以置信，就是自己当老板都会感觉到迷盲和困惑。&lt;/p&gt;','2016-08-16 14:28:23',17,'谈到管理，这是我们每个老板最关心的问题，因为企业越大，管理就会越麻烦',1,0,136,1,0,1,0,29,0,'/Uploads/img/57b2b287296e6.jpg','管理智慧不是所有人都懂得','2016-08-31 15:27:07'),(11,2,'&lt;p&gt;&amp;nbsp;&amp;nbsp; 马云说过：当一个老板不是在物质和精神层面让团队有收获，而只是靠人格魅力影响团队时，这本身就是一种可耻的事情。本人非常认同这句话，如果管理团队刷的都是老板的人格魅力，而不是靠管理的方法和企业的分配机制，你将必死无疑！还有很多老板说，我们不懂管理，怎么让企业做大？我们也没有智慧，怎样能改变员工？下面我说两句话大家思考一下：&lt;br/&gt;&amp;nbsp;&amp;nbsp; 一、员工的改变是靠环境还是靠领导的智慧？&lt;br/&gt;&amp;nbsp;&amp;nbsp; 二、我们是用制度管人，还是人管人？&lt;br/&gt;&amp;nbsp;&amp;nbsp; 三、老板是要懂得发展智慧或者用人智慧？还是两者兼之？（请你坚持看完，我想你会有收获的）&lt;br/&gt;&amp;nbsp;&amp;nbsp; 大家都知道，改变一个人太难了，而改变一个人又很容易，这是一个矛盾体。古人云：近朱者赤，近墨者黑。如果你想让一个人在“墨中变赤”，这种难度靠一个人智慧去改变是可想而知的。所以大家记住，靠人改变人太难，如果能成功，那改变人的这个人要有齐天之智慧才行。如果用环境改变一个人，就相对来说容易得多，比如一个人喜欢骂人，你就是把他揍一顿，天天教育他，让他又回到了骂人的环境中，他想改变都难，因为那个环境里的人都是骂人的。如果你把他放在有修养的人堆里，你会发现，他如果还骂人，他就很孤立，会很孤单，那么别人有可能就不和他合作。大部分的人都会因为环境而改变，所以企业管理是要营造一个健康正向的环境，而不是靠老板或领导个人能量去改变员工。一个企业当中怎么可能有这么多有智慧的管理者，发展是一定靠环境的。所以，作为老板的你，需要营造这个环境的时候，首先你自己就要先做得到！&lt;br/&gt;&amp;nbsp;&amp;nbsp; 很多企业都活在“人治”的状态下，那你想一个人到底能管多少人？如果一个领导太忙，他还有多少精力放在事无巨细的管理下属的时间上？如果人管人可以的话，中国要有多少警察才能管住犯罪？如果不靠法律这个工具来管人，你会发现，家家户户都要有一个警察才行。&lt;br/&gt;&amp;nbsp;&amp;nbsp; 很多人说，老板必须要有齐天的智慧，否则企业不可能发展壮大。如果这句话是成立的，那中国乃至世界就不会有这么多优秀的企业。比如“老干妈”，老板陶华碧没有上过学，甚至连字都不会写，她是怎么创造企业的？这个老太太，今天我们看来也不具备太大的人格魅力。像马云那样有人格魅力、有智慧的人，能有多少？何况马云在刚开始创建阿里巴巴的时候，也不是像现在这样呼风唤雨。&lt;br/&gt;&amp;nbsp;&amp;nbsp; 所以，我们要知道什么是真正的管理，而不是期待能人和智者的出现，下面我们看一看企业管理主要组成部分的运行图：&lt;br/&gt;&amp;nbsp;&amp;nbsp; 为什么说企业的岗位是员工的目标呢？&lt;br/&gt;&amp;nbsp;&amp;nbsp; 因为岗位对应的是岗位职责（也就是员工干什么），员工干什么决定着他的收入，岗位职责决定着他通过什么途径（职责）干到什么状态（绩效），直接决定着他的收入，从而看一看和他的需求匹不匹配，这其实就是员工的目标。所以当一个员工有目标的时候，你就要告诉他这个目标只有在什么岗位上才能实现，他多长时间才能到达这个岗位，驾驭这个岗位需要什么样的能力、方法、技巧、心态、知识等。他不匹配这些东西，是不可能驾驭这个岗位的，就不可能实现他的目标，我们老板天天告诉员工，你们必须要适应自己的岗位，不适应你的岗位我就不用你了，我就处罚你了。你会发现，你说的这些话，都和他的目标没有关系，反而和你的目标有关，他当然不爽了，你要让他知道，他所有行为的缺失直接影响到他自己目标的实现。&lt;br/&gt;&amp;nbsp;&amp;nbsp; 为什么说状态就是员工的能力呢？&lt;br/&gt;&amp;nbsp;&amp;nbsp; 因为一个员工再有能力，如果状态不好，就展现不出来，那么在外人看来，是没有能力的。因为一个人的能力是通过外在的形式表现的，而不是他内在拥有什么，内在的东西不能转化成外在从而产生价值，那是没有用的。所以一个人的状态直接决定着他的能力，即使一个人没有能力，但是状态好，他很快就会掌握一些方法和技巧，创造结果，能力很快就会拥有。如果一个人的能力包括方法、技巧、知识、合作、心态、使用工具等，那么一个心态不好的人就是能力不好的人，不懂合作的人其实也是能力不好的人，因为管理情绪、心理和性格，这本身就是一种管理和智慧。如果你认为我说的是对的话，我想你就知道应该怎么去在员工遇到问题时，使用何种引导的方式。因为员工的状态直接决定能力！&lt;br/&gt;&amp;nbsp;&amp;nbsp; 为什么说执行力就是结果呢？&lt;br/&gt;&amp;nbsp;&amp;nbsp; 员工要的目标已经出现，他得到的结果如果能和目标相匹配，那么他的工作是有效的，那么他的工作怎样有效呢？排除方法及外部因素，执行力是最关键的，执行力决定着我们的计划和步骤实施到什么程度，我们因为目标而导出了我们的计划、步骤，所以，他的执行力其实就是把目标实现过程的各个因素做到什么程度。所以，执行力是结果！如果执行力因为心态、方法、环境、创新、合作、学习，那么我想你认可是这个样子的话，在接下来的管理中，你就知道在哪些方面来训练员工的执行力了。&lt;br/&gt;&amp;nbsp;&amp;nbsp; 管理中最重要的一个板块就是：管理人的内动力。如果一个人没有积极向上、主动进取的内动力，你会发现，无论外界怎么刺激，无论外界怎么训练都没用！比如一个已经无欲无求的人，无论你给他说什么，都很难能引起他的兴趣。那么什么是员工的内动力呢？那就是一个人的需求，必须找到一个人真正的需求是什么（尽孝、发展、生存、目标、理想，总会有一个），就是通过需求来激发一个人的欲望，从而达到拥有内动力。当然，当他有了内动力以后，他发现自己没有办法实现，这是很痛苦的。所以，我们应该给他一种分配机制，当他发现分配机制完全可以让自己很快达到目标，实现需求，他就有创造的动力了！当有了创造的动力以后，你会发现，他不一定能把很多行为做得好，这个时候你就要给他方法和技巧，如果方法和技巧他很难掌握，就会发现，即使干了得到的再多，他也会觉得我干不了，那些即将要得到的东西是和我无关的，也就失去了动力。当他有了方法和技巧以后，他想满足的欲望的大小决定了他现在或者未来一段时间选择的岗位，因为不同的岗位对应着不同的收入，当然，要求不同的方法和能力。&lt;br/&gt;&amp;nbsp;&amp;nbsp; 为什么说分配机制是一个企业的内燃机？原因很简单，任何社会的变革都是以所有制变革为起点，资本主义是私有制，社会主义是民主集中制，其实在社会体制中人们的所有矛盾都集中在生产关系上。毛主席和蒋介石都是伟大的人，都是有智慧的人，之所以毛主席取得的成绩大，毛主席解决了当时社会的矛盾，而蒋介石没有。建国后毛主席的个人影响力才达到顶峰，在共产党建立前20年，毛主席的个人影响力其实是不高的，那么他为什么还能领导这么多人呢？为什么还有这么多的地方被共产党领导呢？因为毛主席一句话：打土豪，分田地。解决了当时社会的所有权问题，让大部分的老百姓拥有了自己的生产资料，从而解决的自己的生存问题。所以，广大的中国人民才跟随着毛主席，推翻了蒋家王朝。归根结底，是分配机制的问题，包括今天我们国家存在着这么多的矛盾，还是分配机制出现了问题，因为资源过分地集中在少部分人的手里，只达到了一部分人先富起来，共同富裕的目标没有实现。我们的分配机制一定要优于同行业的企业，你才能有大的生产力，所有优秀的企业的分配机制都是优于同行业水平的。很多人会反驳：大企业一定工资高，小企业一定工资低。我想说的是，越是工资低，你越完蛋，员工都没有了内动力，你怎么发展？企业的产品再好，人没有内动力，行吗？企业管理是先让人“活”起来才行。&lt;br/&gt;&amp;nbsp;&amp;nbsp; 错误的管理以为是上一个岗位职责、绩效考核、工作体系，就可以把员工管理得很好，我想说的是，这是外行中的内行而已。说要优化我们的岗位、优化我们的绩效，甚至要给员工股份，大家要记得，一个企业的岗位制度、绩效考核、工资体系没有合理不合理之说，制度无好坏，只要员工接受。这就像很多国家已经取消了死刑，中国还有死刑，那这种法律体制有几个老百姓会天天说不合理的？所以，我们思考的方向就错误了，最终的结果也必然是失误的。很多人讲，我要给员工股份，这样他会把学校当家，如果这个学校的体量太小，他不满意，你给他再多股份有用吗？这就相当于一个老爷子想让他儿子留在家里，把家里的几十亩地都给他，你会发现，这个儿子根本不会因为十几亩地而留下，因为他的目标不在这十几亩地上。如果你都不能做到财务透明，你说你给员工股份从而产生分红，他能相信吗？何况在学校小的时候，就把股份分给的员工，我想说的是，当你学校越来越大，为了留住更多的能人，你该怎么办？&lt;br/&gt;&amp;nbsp;&amp;nbsp; 请停止使用这种伪管理的方法论及思维方式，否则你会毁了你的学校。&lt;/p&gt;','2016-08-16 14:29:39',17,'马云说过：当一个老板不是在物质和精神层面让团队有收获，而只是靠人格魅力',2,0,117,1,0,1,0,44,0,'/Uploads/img/57b2b2d360e9a.jpg','团队管理：也许你越走越远了','2016-08-30 09:12:17'),(12,0,'&lt;p&gt;&amp;nbsp;&amp;nbsp; 很多校长都不知道员工每天要干什么，特别想搞出一个清晰的岗位职责。在我们制定岗位职责之前，我们要明确它是干什么用的？&lt;br/&gt;&amp;nbsp;&amp;nbsp; 岗位职责不只是告诉员工他的工作职责是什么，更重要的是要告诉他做事情的行为规范是什么！所以我们说岗位职责是一个企业的行为标准。（文化是一个企业的行为符号，比如说你执行了儒家的思想，那你企业的文化就叫儒家文化等）&lt;br/&gt;&amp;nbsp;&amp;nbsp; 众所周知：行为对应的是结果！各位校长，请思考一个问题：这个结果是你想要的？还是员工想要的？还是你和员工共同想要的？这就不用我说了吧。所以，我们的岗位职责，应该是我们想要的结果逆向导出的行为。既然谈到了我们的结果，就该知道它是企业的目标！&lt;br/&gt;&amp;nbsp;&amp;nbsp; 好了，在谈到目标的时候，我们大家来思考一个问题，虽然我们说，变是不变的真理，但是对一个企业来说，变来变去是非常可怕的一件事情。因为一个员工到一个企业来，你给他制定的岗位职责标准就是他的行为规范，他还没有掌握这种行为规范，你过几天又变化了，他掌握了还没熟练；你过几天又变化了，你说他的执行力怎么可能高呢？（关于如何引爆执行力？我们有一篇《狼团是怎样炼成的》感兴趣的请加微信或者电话要资料）撇开其他的方面不说，单从专业执行力上说，一个人对行为规范越了解越熟悉，他的执行力越强，他的创造力也越强。所以，一个企业的岗位制度最好是不要经常变化！但是，随着时间的推移、方法的革新、技巧的变化、新工具的使用，是可以让我们的岗位职责更完善的。但是，核心的行为规范还是不能改变的。如果一个企业没有长久的计划，它是不可能有一个长期执行的岗位职责的。比如，有的人问我：“德飞老师，我2014年做到了100万，我想2015年做到150万，那么我的岗位职责要不要变化呢？”根据我们前面说的，什么样的结果有对应什么样的行为，150万的行为肯定和100万的行为是不一样的，所以你还要再变化。那么有的人会反驳我，难道我要求今年的目标和上一年的目标更大一些，这有什么不对吗？首先，我想说的是，我并没有反驳一个企业每年的计划要超越上一年，而且我要说的是，每个企业每年的目标应该远远大于上一年，所以，请仔细看下去。&lt;br/&gt;&amp;nbsp;&amp;nbsp; 一个老板，不能把每一年的目标当做终极目标（或者长期目标），而应该把每一年的目标当作终极目标（或长期目标）当中的节点目标！比如，我想在当地做最大的连锁学校，这就是你的终极目标（具体操作时请量化这个目标）。然后，我们找到实现这个终极目标的方法、行为以及时间段。比如，我们觉得我们是三年可以实现这个目标，你就把这个行为分解到每一年做什么，每个月做什么，每天做什么。你会发现你这几年内，都是在重复同样的行为在做事。其中，一定会有小的调整，但是，大方向是不动的。这样一个员工会按部就班地去做事，按部就班就能熟能生巧，熟能生巧就能产生智慧。这样每个员工才能变成优秀的员工，有了优秀的员工，企业才能进步！&lt;br/&gt;&amp;nbsp;&amp;nbsp; 你跑去拿了别人的岗位职责回来用，你想过没有，这个岗位职责它代表的是别人想要的行为结果，那么别人要的这个结果是不是你想要的？如果不是，你拿了这个岗位职责回去有什么用呢？你所要做的不光是制定一个岗位职责，这是表象，更重要的是你要的是什么样的目标。因为没有目标的人永远是浑浑噩噩地在做事，不可能清晰地做事。不能清晰做事的人是不可能成功的！很多人都说，所有企业不都是在摸索中成功的吗？我只是想说，这是你以为的。这个人的思路不清晰，这个人的行为不明了，怎么可能有好的结果。你如此，我如此，员工也如此，任何人都如此！所以，我们每个人，应该清楚地知道，自己要什么，然后自己或者通过学习找到实现自己目标的路径，把它固定成为每天的行为和习惯。这样你的岗位职责就出来了。不要着急！在我们谈到怎样打造超强执行力的文章中会告诉大家：岗位职责如果不对应内训系统的话，这都是假象！这都是浮云！&lt;/p&gt;','2016-08-16 14:30:49',17,'很多校长都不知道员工每天要干什么，特别想搞出一个清晰的岗位职责。',5,10,89,1,0,1,1,65,0,'/Uploads/img/57b2b319b6548.jpg','让“羊”变成“狼”的岗位职责是如何制定的？','2016-08-31 14:16:38'),(13,2,'&lt;p&gt;&amp;nbsp;&amp;nbsp; 所有老板都想拥有一个执行力非常爆棚的团队，在想要打造这样团队之前，我们先来了解一下员工的想法，任何执行力的打造，都是建立在员工的自主能动性上，&lt;br/&gt;&amp;nbsp;&amp;nbsp; 1、激发员工对目标追求的欲望,&lt;br/&gt;&amp;nbsp;&amp;nbsp; 2、在实现目标过程中的自我突破&lt;br/&gt;&amp;nbsp;&amp;nbsp; 3、实现目标后的自我价值展现&lt;br/&gt;&amp;nbsp;&amp;nbsp; 如果我们不能很好地做到这三点，所谓的执行力都是空谈，任何一个员工在加入一个企业的时候，他无非就想这几件事情：&lt;br/&gt;&amp;nbsp;&amp;nbsp; 一、为什么？（可不可以加入这个企业，考虑的是价值观走向是否趋同？）&lt;br/&gt;&amp;nbsp;&amp;nbsp; 二、得什么？（来了以后能得到什么？个人目标能否与企业目标趋同，或者企业目标是否更好地超越个人目标、工资体系和晋升空间）&lt;br/&gt;&amp;nbsp;&amp;nbsp; 三、干什么？（对应的是岗位职责，行为标准，操作流程）&lt;br/&gt;&amp;nbsp;&amp;nbsp; 四、怎么干？（对应的是企业的内训系统，因为不是所有的员工进来以后都能当下立刻会做到公司的行为标准，我们都要教他怎么做的）&lt;br/&gt;&amp;nbsp;&amp;nbsp; 当我们知道了员工这四个方面的心理以后，我们就很清楚了，一个价值观和我们不一样的员工，无论他的多么优秀，进入企业之后，他是不会和我们走一样的路的，当然，不排除有的人为了短期的利益，改变短期的现状，表现出来和我们一样的价值观，但当他的短期目标实现之后，就很难在一个企业长久地工作下去，除非这段时间，企业改变了他。当一个员工和企业的价值观趋同的时候，我们必须让他知道他做了以后能得到什么，如果不让他清楚地知道他得到什么，或者得到的东西没有安全性，他也不会自主地工作。因为：&lt;br/&gt;&amp;nbsp;&amp;nbsp; 一个人只有后顾之忧之后，才会全力以赴！&lt;br/&gt;&amp;nbsp;&amp;nbsp; 当他知道了这些以后，我们还必须要教他怎么做，给他帮助，不给员工学习和培训的企业，浪费的都是企业的时间成本，人力成本以及机会成本。很多人都说，我们让他学习以后，他就走了，员工走不走和他学不学习没有根本的关系，如果说你的目标不能大于员工，或者你的目标不能很好地让他实现个人的目标，他走是迟早的事，学习只是让他加速离开，所以，我们的老板要很清楚知道自己的目标到底是什么，很多人天天嚷着没有人才，我可以负责任地讲，任何行业都缺人才，这是每个行业的共性，越是缺少人才的行业，越是缺少人才的区域，只要你抓住了人才，你就抓住了发展的机会，抓住了发展的最大可能性，我们每个老板要清楚地知道：&lt;br/&gt;&amp;nbsp;&amp;nbsp; 1、人才不是成本，人才是利润&lt;br/&gt;&amp;nbsp;&amp;nbsp; 2、每个人才在企业中得到的远远小于他带来的价值&lt;br/&gt;&amp;nbsp;&amp;nbsp; 如果没有以上四个方面的标准在支撑着一个企业，在支撑着一个团队，执行力是无从谈起的。工资体系对应的是绩效考核，岗位职责对应的是管理制度，内训系统（包括两个：企业内部的培训和外部的学习机会）对应的是企业给员工的帮助。（关于《岗位职责是干什么的》在前面文章中已经分析过，有需要的可以电话联系业务员或加微信索要）你想打造好一个执行力如狼一样的团队，首先要有让狼生存的土壤和环境。有了这些以后，想打造一个执行力像狼一样的团队，那么你还有一个狼头，因为羊是不可能带领出一个如狼一样的团队的。俗话说，“兵熊熊一个，将熊熊一窝”。任何一个企业最后的竞争归根到底都是领导人能量和智慧的竞争，一个执行力像狼一样的团队，看到一个人，就知道了一个团队，看到了一个团队，就知道了一个人，因为，每一个人的魂都一样。做到以上四点以后，你才可以去选拔人才，打造狼团，那么，我告诉你，打造狼团的四部曲：&lt;br/&gt;&amp;nbsp;&amp;nbsp; 1、狼头&lt;br/&gt;&amp;nbsp;&amp;nbsp; 狼头是团队的魂，魂才是执行力的内核，没有狼头，就自己做狼头；&lt;/p&gt;&lt;p&gt;&amp;nbsp;&amp;nbsp; 2、信念&lt;br/&gt;&amp;nbsp;&amp;nbsp; 我不只一次地说过：一个人战胜困难，有两次，第一次在心中；&lt;br/&gt;&amp;nbsp;&amp;nbsp; 3、目标清晰&lt;br/&gt;&amp;nbsp;&amp;nbsp; 没有目标的团队就是无头苍蝇，因为目标是一个人的心灯，只有点亮心灯、才能照亮远行；&lt;br/&gt;&amp;nbsp;&amp;nbsp; 4、一个声音&lt;br/&gt;&amp;nbsp;&amp;nbsp; 一个团队必须是一个声音，但是不是不让大家说话，在做事之情每个人都可发表看法，但是当决定下来以后，只能一个声音的执行，而不是再说话，提意见。&lt;/p&gt;','2016-08-16 14:32:34',17,'所有老板都想拥有一个执行力非常爆棚的团队，在想要打造这样团队之前',2,0,100,1,0,1,0,49,0,'/Uploads/img/57b2b38239e28.jpg','狼团是怎么“炼”成的','2016-08-31 14:26:13'),(14,0,'&lt;p&gt;&amp;nbsp;&amp;nbsp; 这是一个人人都想发展的时代！那么发展的第一要素是什么？各位我们可以思考一下？权利、关系、地位、能力、金钱、时间、人才……你选择了什么？&lt;br/&gt;&amp;nbsp;&amp;nbsp; 不知道大家有没有看过名人传记或名人采访？他们不约而同的都提到过时间，精确的时间管理，使时间效能最高！这句话的意思就是在最短的时间内用自己最大的能力做出最多的成果。而不是自己明明不专业还去勉强，去低效的重复，从而浪费大量的时间！古人云：“君子善假于物，登高而呼，声非加疾，而闻者彰。”成功的人善于知道自己的渺小，借助外部的力量来完成自己的目标。所以，&lt;br/&gt;&amp;nbsp;&amp;nbsp; 当你的金钱不足于支撑你的事业，你就挣钱吧；&lt;br/&gt;&amp;nbsp;&amp;nbsp; 当你的能力不足于支撑你的目标，你就学习吧！&lt;br/&gt;&amp;nbsp;&amp;nbsp; 每当看见大家热血沸腾的跟各种培训老师学习，回去之后却还是原地踏步或者进步很慢，不知道大家想过没有？这是怎么回事呢？&lt;br/&gt;&amp;nbsp;&amp;nbsp; 所以，关于学习你必须明白：&lt;br/&gt;&amp;nbsp;&amp;nbsp; 就像我们发现自己植树挖坑需要铁锹，去市场中选择，遇到了一个善说令辞的售货员，把一个铲子说的多么锋利，多么便利。我们也被说的心花怒放，兴高采烈的把铲子拿回家的时候，却发现铲子再锋利也没有铁锹使用的效率高。无论铲子多么的好用却根本不能解决、也掩饰不了我们对铁锹的需求。&lt;br/&gt;&amp;nbsp;&amp;nbsp; 看似学校遇到的问题相似，都是打开市场，但内在的人员素质、产品属性、当地的购买力、以及消费者需求等因素的不同，相同的营销方法并不能解决相同的问题！就好比如一个人发热，有的是风寒引起的发热，有的是体内炎症引起的发热，相同的症状，用药却不相同，也就是说同一味药是不能解决相同体表病状的。&lt;br/&gt;&amp;nbsp;&amp;nbsp; 产品在市场中的销量大小，决定因素由定位、策划、宣传、体验，推广、销售等各个环节决定，相互制约，相互衔接，共同组成市场营销的系统。只拿一个方法解决市场营销的这么多环节的困难显然是不科学的，也是不能根本解决问题的。&lt;br/&gt;&amp;nbsp;&amp;nbsp; 培训学校的校长，其实就是一个企业的老板，学校就是一个企业品牌的雏形。我们每天为招生绞尽脑汁，但是不知道大家想过没有；比如一条河受到了污染。我们只从下游开始治理，请问效果会如何？因为下游受到上游的约束，我们无论如何也要考虑到源头、中源吧。光治理下游，请问上游不改变，即使下游治理好了会有什么效果呢？他的效果能持续多长时间呢？&lt;br/&gt;&amp;nbsp;&amp;nbsp; 一个学校的良好发展，必须有好的定位，品牌、文化、渠道、价格、体验、推广、销售，服务。招生（销售）是最后一环节而已。环环相扣、层层制约。我们为什么每年、每季都为招生发愁？我们必须系统制定学校营销系统。彻底的解决学校的发展问题，而不是头痛医头、脚痛医脚！&lt;br/&gt;&amp;nbsp;&amp;nbsp; 一个完整，科学的营销系统会使我们发展，销售（招生）事半功倍。第一目的是创造客户，获取和维持客户！从而形成自己的品牌，建立自己的渠道，宣传等产品市场的各个环节。&lt;br/&gt;&amp;nbsp;&amp;nbsp; 要从长远的观点来考虑如何有效地战胜竞争对手，立于不败之地。注重市场调研，收集并分析大量的信息，只有这样才能在环境和市场的变化存在很多不确定性的情况下做出正确的选择和决策，积极推行革新，使其程度与效果成正比。&lt;br/&gt;&amp;nbsp;&amp;nbsp; 因此，在变化中进行决策，要求其决策者要有很强的能力，要有像企业家一样专业知识和市场智慧，从而形成和企业家一样的洞察力、识别力和决断力。&lt;br/&gt;&amp;nbsp;&amp;nbsp; 《论语》有云：“君子悟本，本立而道生，然以道驭术。”这句话运用在市场中是指我们必须了解市场规律是什么，用市场规律分析自己的产品属性、当地的消费习惯及消费者的购买行为等具体情况，才能找到属于自己的营销方法。外在的形式千变万化，内在规律始终恒一。掌握规律才能因时而动，动之有据，依据有术，然术之有器。&lt;br/&gt;&amp;nbsp;&amp;nbsp; 德飞老师的《营销之道》课程，带你走进真正的市场规律中来，认识市场的“道”，再和市场案例相结合，同时掌握规律和方法及技巧，以不变规律应万变之市场，从而解决属于自己的问题，打开市场，广开财路。&lt;br/&gt;&amp;nbsp;&amp;nbsp; 《营销之道》是张德飞先生在多年的市场运作中总结的经验和多年的学习心得相结合，从而形成的理论加实践的课程。首先，传统的市场营销学是一门庞大的，概念性强，语言难以理解的学科。张德飞先生创造性地用通俗易懂的语言解决了庞大的市场营销学中的原理、概念、经济分析、策划学等部分。让大家轻松的了解，并结合案例让大家理解使用。&lt;br/&gt;&amp;nbsp;&amp;nbsp; 《营销之道》包含了经济形成论断、市场分析、信息系统、营销环境、消费者需求和购买力、市场细分与目标市场选择等营销原理，从而制定产品策略、定价策略、分析渠道策略、促销策略、市场组合策略等营销实务的内容，让大家更好地学会及应用营销的战略、计划、组织和控制等环节。&lt;/p&gt;','2016-08-16 14:33:29',17,'这是一个人人都想发展的时代！那么发展的第一要素是什么？各位我们可以思考一下？',0,0,276,1,0,1,0,70,0,'/Uploads/img/57b2b3b9498bb.jpg','营销到底是什么','2016-08-31 20:53:05'),(15,3,'&lt;p&gt;&amp;nbsp;&amp;nbsp; 董明珠女士在12月12日的言辞“小米和美的是小偷团伙”，让她和雷军在2013年12月12日的10亿豪赌在今天又一次冲斥着互联网的每个角落。很多看客兴奋不已，特别想知道10亿花落谁家。好像两个大佬如果在这场赌局中一个不向另一个恭手称臣，连饭都吃不香一样。&lt;br/&gt;&amp;nbsp;&amp;nbsp; 在这场赌局中，真是外行看热闹，内行看门道！各位看客，你看到什么？而我看到的却是：&lt;br/&gt;&amp;nbsp;&amp;nbsp; 1、格力有1万多种专利，而小米却被起诉盗用专利，很多国家禁售。&lt;br/&gt;&amp;nbsp;&amp;nbsp; 2、格力专注产品质量24年而小米才4年，品质却不堪一击。&lt;/p&gt;&lt;p&gt;&amp;nbsp;&amp;nbsp; 3、格力是品牌，是空调行业的代表，行业的老大，小米是在手机行业要走的路很远。&lt;br/&gt;&amp;nbsp;&amp;nbsp; 4、董明珠是中国改革开放以后最著名的企业家之一，而雷军只是资本市场的快枪手。&lt;br/&gt;&amp;nbsp;&amp;nbsp; 看到这些不知道大家的想法是什么？而我得到的启示是：他们的豪赌代表的却是中国商业营销本质的变化。&lt;br/&gt;&amp;nbsp;&amp;nbsp; 1、格力专注品质，产品让一代代中国人受益。已经从“逐利”的商业初期行为到“利他性”的终极目标转变，一切以消费者为中心。&lt;br/&gt;&amp;nbsp;&amp;nbsp; 2、小米却是用互联网宣传起步，走在复制的路上，还停留在商业行为的初期。这就像中国三十六年改革开放，一直在复制资本主义那一套，然后才有了举国思变，行业转型的阵痛。如果复制而不创新则必死无疑，因为市场最后的胜利是靠自己的核心竞争力。&lt;/p&gt;&lt;p&gt;&amp;nbsp;&amp;nbsp; 商业营销的思想本质是什么？&lt;br/&gt;&amp;nbsp;&amp;nbsp; 一、营销就是创造顾客价值（一切以客户价值为中心，以人为本的起心动念为您商业初心）你有什么那是你的事，与客户有什么关系呢？客户只关心自己的事情。你的一切行为都要让客户感知你的帮助和善意，而不是只考虑自己！&lt;br/&gt;&amp;nbsp;&amp;nbsp; 二、从卖产品到卖思想（引领人们朝更健康、更幸福的生活新观念上来，而不是空谈和欺骗）比如你做培训教育，就必须卖你的思想。假如你的产品与同行的优点是办学理念更好。那就是这样卖：“某某客户，其实教学质量都差不多，哪个老师不能教孩子、光看课程其实价格没有区别，关键看老师是否能得到孩子的认可，否则他不会好好学习的，文化课对孩子成长重要，但是良好的心理素质，行为习惯，情商，驾驭资源和人的能力等对孩子的成长更重要……”这就叫卖思想，因为这个是你和对除去产品之外的本质区别，改变和影响客户的采购评价因素的重要砝码。&lt;br/&gt;&amp;nbsp;&amp;nbsp; 当你知道了商业营销的本质变化了，从“一切以产品为中心的逐利”到“一切以消费者为中心的利他”转变。那就更应该知道营销策略已经从4P(产品、价格、地点、促销)到4C（需求、成本、便利、沟通）得转变。所以我们应该记住：（想了解更多请加下面的微信或电话咨询）&lt;br/&gt;&amp;nbsp;&amp;nbsp; 经验≠成功：很多人喜欢做事向有经验者学习，我们不要忘记，时代变化了，环境变化了，人群消费习惯变化了，他以前的模式和经验也就失灵了，复制的经验九死一生。&lt;br/&gt;&amp;nbsp;&amp;nbsp; 思想≠空谈：现在很多人认为搞定消费者就是搞定他的思想，思想是让消费者认可只有我们是最正确的帮助他，然后我们就应该用产品和行为来证明，就好好好去干。俗话说“空谈误国，实干兴邦”古人云；“君子悟本，本立而道生”。“本”就是产品的质量。&lt;br/&gt;&amp;nbsp;&amp;nbsp; 促销≠销售：销售的方法有很多种，促销只是其中之一。真的促销是产品本来值500元，很多人消费不起，以300元促销出去，很多人来买，觉得物有所值。如果消费者本来就认为我们值200元，我们却标价500元，没有人来买，这个时候我们降到300元，结果可想而知。促销的本质不是便宜而是物超所值。&lt;br/&gt;&amp;nbsp;&amp;nbsp; 活动≠宣传：活动如果是为了宣传，那本意应该是让更多的人参与进来了解我们，而不是现有的客户参与。如果只有现有的人参与，那活动就是回馈，只是服务而不是宣传。如果想宣传就应该让陌生人知道这次活动的反馈。&lt;br/&gt;&amp;nbsp;&amp;nbsp; 服务≠免费：当消费者在我们这里花了钱，我们所给予的一切都是产品的延伸。他们就会挑剔和鉴别。就像我们到饭店里吃饭，服务员的态度不好，我们就生气，因为我们认为花钱买的不光是饭菜还有服务员的态度，如果点菜之前就送了一份汤我们会很开心，但吃完饭再送，效果如何呢？ &lt;br/&gt;&lt;/p&gt;','2016-08-16 14:34:39',17,'董明珠女士在12月12日的言辞“小米和美的是小偷团伙”，让她和雷军在2013年12月',15,0,302,1,0,1,0,58,0,'/Uploads/img/57b2b3ff64789.jpg','“小米”和“格力”10亿豪赌，真相你根本就不知道！','2016-08-31 19:07:26'),(16,2,'&lt;p&gt;&amp;nbsp;&amp;nbsp; 大家好，这段时间很多朋友向我反映：做了这么多宣传、活动、促销，为什么效果不大？消费者不愿意参与？单页见了就扔？投入与产出不成正比？还要不要继续？今天我先不回答这个问题，我带大家走进另一个世界。请大家继续阅读，对你一定会有启发和帮助！&lt;br/&gt;&amp;nbsp;&amp;nbsp; 对于纸媒、活动、促销、网络和电视广告，大部分人是持反感态度的，特别是前几秒没有感觉就会更反感了。这种营销方式属于硬文化营销，让消费者被动地接受你传递的信息，这显然不是消费者所希望的。为了让消费者能够主动接受信息并且不会反感，软文化营销便应运而生。我们先来看几个例子：&lt;br/&gt;&amp;nbsp;&amp;nbsp; 可口可乐和肯德基的“秘方”&lt;br/&gt;&amp;nbsp;&amp;nbsp; 硬文化营销广告一次又一次的重复企业的品牌，想利用重复性得到消费者认知，来被动地记住自己的品牌。而软文化营销广告是指利用一切能够抓住消费者眼球的公益或隐身广告让消费者主动地记住他的品牌！两者最大区别是：软文化营销注重消费者自愿记住，而硬文化营销是强迫消费者记住。&lt;br/&gt;&amp;nbsp;&amp;nbsp; 可口可乐与肯德基软文化营销向人们展示了这种完全不同的品牌传播思路。让我们来看一下可口可乐与肯德基是怎样进行软文化营销的：经过调查研究表明，这两大巨头的品牌行销中都有一个共同点，那就是它们在兜售自己的秘方。&lt;br/&gt;&amp;nbsp;&amp;nbsp; 可口可乐的故事：&lt;br/&gt;&amp;nbsp;&amp;nbsp; 可口可乐的秘方存放在保险库里，安保措施非常严密，而这种严密是世人难以想象的。如果公司哪个人想要查询这一“秘方”，那么，这个人就必须先提出申请，经信托公司的董事会批准后才能拿到保险库的钥匙。保险库的门要想打开必须符合以下两个条件：⑴有官员在场；⑵在指定的时间内打开。因此，迄今为止知晓这一秘方的不到10人。&lt;br/&gt;&amp;nbsp;&amp;nbsp; 肯德基的故事：&lt;br/&gt;&amp;nbsp;&amp;nbsp; 1963年退伍后的桑德斯上校拿了家里的一个祖传秘方，寻求合作伙伴。到了1964年，他以200万美元的价格将肯德基的秘方卖给了一个三人财团，秘方就是这样传给了外人，三人财团之一马西在买下秘方之后的第七年，何伯雷恩公司以2亿8千7百万美元垄断了品牌的经营权。&lt;br/&gt;&amp;nbsp;&amp;nbsp; 这两个企业说的秘方究竟是不是真的，我们无从考证，但有一点我可以肯定他们对软文化营销的运用确实很高明，因为每个人都会对这种秘密感兴趣，我敢保证，只要是秘密，比如哪个明星跟哪个明星同居了、出轨了、劈腿了这种丑闻的事情，你看一遍就不会忘记。这就是软文化营销的主动认知超过硬文化营销被动认知的奥秘所在!&lt;br/&gt;&amp;nbsp;&amp;nbsp; 营销中不可忽略的认知盲点——主动认知与被动认知营销界中还有无数的借用传播品牌的软文化营销故事，品牌中的这种“秘方”或“故事”发生一次是不经意的营销成功，发生两次也是偶然的品牌营销成功，但这种营销活动被一个公司运用了第三次、第四次，那么这就是一种必然成功的营销模式!&lt;br/&gt;&amp;nbsp;&amp;nbsp; 心理学上的认知具体分为主动认知和被动认知，我们都知道。在我们上小学时，不愿意背诵老师强迫我们背诵的某些唐诗、散文，在这种被动的认知情况下，即使我们背诵了10遍，反复抄了10遍，我们会发现，我们还是记不住，那么原因究竟在哪里呢?&lt;/p&gt;&lt;p&gt;&amp;nbsp;&amp;nbsp; 根本原因就在于我们根本不感兴趣，我们不想去记那些被迫的东西。我们的大脑处于被动认知阶段，而不是自愿的。这就如同企业在进行硬文化广告推广，虽然花费了巨额的资金，但收效却是微乎其微!&lt;br/&gt;&amp;nbsp;&amp;nbsp; 但当我们对某件事特别感兴趣，故事特别好玩能引起我们的兴趣时，只需要听一遍，就能记住了这个故事的大致内容。这时，主动认知和被动认知的优劣程度就显而易见了，而硬文化营销的被动认知效果与软文化营销的消费者主动认知原理的心理记忆区别也就在这里了。&lt;br/&gt;&amp;nbsp;&amp;nbsp; 这个时候我们应该明白：我们的宣传、促销、活动是让消费者被动接受的，所以效果可想而知，才有了这么多人的迷茫！&lt;br/&gt;&amp;nbsp;&amp;nbsp; 软文化营销的典范——宝洁&lt;br/&gt;&amp;nbsp;&amp;nbsp; 我们时常听到宝洁有这样的营销广告：&lt;br/&gt;&amp;nbsp;&amp;nbsp; “你会洗头么?我来教你怎么洗!”&lt;br/&gt;&amp;nbsp;&amp;nbsp; “你洗得好么?让我来教你怎样洗得更好!”&lt;br/&gt;&amp;nbsp;&amp;nbsp; 大家注意了，在这里，宝洁有没有运用硬文化广告说：“我们的产品好，大家都来用我们的产品?”有没有说：“我们的产品比别人更便宜，快来买我们的产品?”没有!宝洁用的是一种投入更少，收效更大的一种软文化营销!&lt;br/&gt;&amp;nbsp;&amp;nbsp; 当一家公司的硬文化广告营销达到高潮，而无法使产品的印象让消费者更深刻时，不妨试一试软文化营销！&lt;br/&gt;&amp;nbsp;&amp;nbsp; 当消费者以一种主动的心态记住宝洁教给人们应怎样将头洗得更好，怎样更科学地刷牙时，宝洁公司的形象也连同这些日常的知识以一种“故事戏剧化情节”进入了人们的脑中!而且这种品牌印象记忆要远比那种被动的、死记硬背的品牌认知记忆更长久!这种公益化的软文化营销要比单纯的硬文化营销收益更大，也更易在公众的心目中树立友益和关爱的公司形象，使顾客觉得你更像他的朋友，而不是商家。&lt;br/&gt;&amp;nbsp;&amp;nbsp; 试问，当你在商店里看到自己朋友的产品时，你是否更倾向于购买你所熟识的产品呢?&lt;br/&gt;&amp;nbsp;&amp;nbsp; 软文化营销究竟能带给我们什么?&lt;br/&gt;&amp;nbsp;&amp;nbsp; 下面就让我们来看一下软文化营销的威力。&lt;br/&gt;&amp;nbsp;&amp;nbsp; 2006年12月，中国的民营企业春秋航空由于出售1元低价票，被物价局处以15万元的罚款，通过这次策划力十足的软文化营销，现在让我们看一下春秋航空在品牌认知战略上获得了什么。&lt;br/&gt;&amp;nbsp;&amp;nbsp; 春秋航空公司的品牌认知与认可度上升了45.9%，而普通的一个品牌要想达到同样的效果，得花上百万甚至千万的硬文化广告传播费用，而春秋航空花了多少钱呢？15万！此次软文化营销事件后，消费者就主动给春秋航空作了一个完美的定位—春秋航空票价低，这个完美的定位与春秋航空的自身定位恰恰相吻合。&lt;br/&gt;&amp;nbsp;&amp;nbsp; 由上面的案例，我们不难发现软文化营销的优点—四两拨千斤，以极其少的投入获得巨大的品牌认知度及间接的经济效益。&lt;br/&gt;&amp;nbsp;&amp;nbsp; 软文化营销与硬文化营销最大的不同就在于软文化营销让顾客在心理上自发，主动地认同你的产品形象。而硬文化营销是品牌厂商用高频率的广告来迫使顾客认同你的产品形象。&lt;br/&gt;&amp;nbsp;&amp;nbsp; 在心理学中有一个“熟知定律”，是指当一个陌生人与一个你熟悉的朋友同时向你借钱时，而你现在只能借给他们其中的一个人，你更倾向于先借给那个你熟悉的人。同样，产品的品牌营销也一样，当一个你不大了解的品牌，和一个在你大脑中已产生深刻印迹的品牌放在一起时，你会偏向哪一个呢？&lt;/p&gt;','2016-08-16 14:35:38',17,'大家好，这段时间很多朋友向我反映：做了这么多宣传、活动、促销，为什么效果不大？',32,0,263,1,0,1,0,51,0,'/Uploads/img/57b2b43aa36fc.jpg','软文营销是一种慢性毒药','2016-08-29 18:31:00'),(17,0,'&lt;p&gt;&amp;nbsp;&amp;nbsp; 你知道市场是自己、竞争者和消费者三者之间的博弈产生的吗？在市场中想存活的你，只有两种选择，那就是：干掉竞争者或者征服消费者！&lt;br/&gt;&amp;nbsp;&amp;nbsp; 你知道消费者根本不关心你的产品吗？因为他们只关心从你产品中得到的好处和利益！&lt;br/&gt;&amp;nbsp;&amp;nbsp; 你知道为什么你的宣传单页和活动通知消费者不读就扔吗？那是因为你的标题都没有吸引他的眼球！&lt;br/&gt;&amp;nbsp;&amp;nbsp; 你知道为什么你的学校事实上很优秀，消费者却不报名吗？那是因为他们的认知比你的事实更重要！&lt;br/&gt;&amp;nbsp;&amp;nbsp; 看似学校（企业）遇到的问题相似，都是打开市场，但内在的人员素质、产品属性、当地的购买力、以及消费者需求等因素的不同，相同的营销方法并不能解决相同的问题。就好比如一个人发热，有的是风寒引起的发热，有的是体内炎症引起的发热，相同的症状，用药却不相同，也就是说同一味药是不能解决相同体表病状的。&lt;br/&gt;&amp;nbsp;&amp;nbsp; 作为校长的你必须分析你的消费者真正的需求。消费者有8大天生需求，9大后天需求，无论你知不知道，他都事实存在。因为需求就是消费者的“痛点”，你的产品也就是你的学校就是治疗“痛点”的“药”。然后无论你用什么方式的宣传，都必须明确告知你的消费者，他的“痛点”在哪里？你的“药”是怎么治疗的，而且还必须证明或者承诺你的确能治愈，否则他是不会选择的！而如果你把错了脉，对不起，你一切的宣传都是惨淡或者无效的。&lt;br/&gt;&amp;nbsp;&amp;nbsp; 产品在市场中的销量大小，决定因素由定位、策划、宣传、体验，推广、销售等各个环节决定，相互制约，相互衔接，共同组成市场营销的系统。只拿一个方法解决市场营销的这么多环节的困难显然是不科学的，也是不能根本解决问题的。&lt;/p&gt;','2016-08-16 14:36:36',17,'你知道市场是自己、竞争者和消费者三者之间的博弈产生的吗？在市场中想存活的你',0,0,295,1,0,1,0,42,0,'/Uploads/img/57b2b47492699.jpg','营销系统成就业绩倍增','2016-08-31 20:52:59'),(18,1,'&lt;p&gt;&amp;nbsp;&amp;nbsp; 进入教育行业一年多的时间，不能说长，也不能说短。对于这个行业，我是有很多看法的，当然，不一定成熟。个人以为，这个行业现在是乱了，真是太乱了，乱的原因是我们大家都进入到了乏力的状态，对于发展，我们内心是渴求的，对于方式和方法，我们是未知的。这就相当于一个病人，生了一个小病，随便找一个医生都能搞定，现在是生了大病了，而且不光是一个人生病，是一群人生病，是整个行业有瘟疫了。所以，需要真正的能治疗这场瘟疫的药方才能解决。这个时候难免会出现疾病乱投医的现象，所以作为我们的校长，越是在行业乱的时候，越是在没有方法的时候，我们的初心更重要，我常说的一句话是：心有锚，行万里而不摇；圆有中，行万里而终并始。越是在这种乱世情况下，我们找到自己的定位越重要，否则就会像海上的浮萍一样，来一个浪就把我们打走了。找到自己的目标，没有方法就找方法，没有技巧就找别人告诉你技巧，而不是随随便便地被别人牵着鼻子走。这就相当于东汉末年的三国演义时期，国家乱了，每个人都看到了机会，都想称王称霸，乱世必结盟，乱世多是非。你会发现，群雄逐鹿之时，就有很多人最终给别人做了嫁衣，在给别人做嫁衣的过程中，成了先驱，成了勇士，甚至成了炮灰。惟有像刘备，曹操这样的人，知道自己到底要什么，坚持做自己，反而最终成就了霸业，成就了一方霸主。乱世机会是多的，其实一个人真正的成功不是因为有没有机会，而是有没有把握机会的能力，所以越是在乱世，我们越要有自知之明，综合考量自己和自己的学校应该做什么，不要凑热闹，热闹之处是非多。&lt;br/&gt;&amp;nbsp;&amp;nbsp; 如果你是一个校长，又想着“做自己”，那你只需要知道三件事就可以了：&lt;br/&gt;&amp;nbsp;&amp;nbsp; 1.教学质量&lt;br/&gt;&amp;nbsp;&amp;nbsp; 2.建团队&lt;br/&gt;&amp;nbsp;&amp;nbsp; 3.做营销&lt;br/&gt;&amp;nbsp;&amp;nbsp; 无论国家教育政策如何调整，无论行业多少波谲云诡、风云巨变，只要你有能力、有团队、会打仗、懂营销、会聚客户，你会发现无论哪天流行什么，你只需要把它引进到你的学校就行了。“君子悟本，本立而道生”，做学校的“本”，看似是教学质量（因为没有教学质量，就没有客户口碑，就不能发展），但是你不要忘记了，如果你没有团队去执行方案，你又不懂营销，你是没有办法把客户抓在手里、聚在手里的。任何一个新产品（科目或教学品牌）进入一个区域，它的教学质量和效果是在未来一段时间才能呈现的，当下家长并不知道，孩子也不能体现。所以我们一个学校要想真正发展，我们要懂得真正的“本”，是团队，是营销！当然，教学质量不好，那是不可能发展的。这就好比在三国时期，谁有能力快速地建团队，谁就能割据一方，至于能不能统治得好，那看的是自己的眼光、层次、能力和智慧。所以，越是乱世的时候，越要懂得孔子的四字箴言“内圣外王”，像圣人一样修炼自己的内心使其强大，外部才能称王称霸。内不能圣，无论你抱了谁的大腿，和谁结了盟，和谁在一起，最终都是完蛋，就像阿里巴巴这样庞大的公司，也不是所有员工都能挣到钱的，也不是所有合作伙伴都能挣到钱的，最终还是看自己的能力。所以，各位亲爱的校长，乱世的曙光在哪里？就在我们强大自己上，学好营销，学好管理，用管理建立一支狼团，用营销聚集一部分客户和粉丝，无论你卖什么，都能无往不胜。（当然不是垃圾的科目，这里请大家不要极端地看待这句话）&lt;br/&gt;&amp;nbsp;&amp;nbsp; 任何一个行业，任何一个时期，任何一个国家，都逃脱不了历史的窠臼。黑格尔说过：一切当代史都是历史！教育行业现在的现状和其他传统行业经历过的是一样的，因为任何一个行业都要经过初始期、成长期、发展期、稳定期、衰退期，环环相扣，循环不爽。所以我们各位校长，要独具慧眼，不要忘了前面我说的那句话“心有锚，行万里而不摇；圆有中，行万里而终并始”。有些事情，不是不愿意给大家说透彻，说明白，是因为没有办法说清楚，说明白，我之前也写过很多很多的文章，如果大家有兴趣的话，可以去看一看，或者也可以问我们工作人员要一下。&lt;/p&gt;','2016-08-16 14:37:28',17,'进入教育行业一年多的时间，不能说长，也不能说短。对于这个行业，我是有很多看法的',1,0,57,1,0,1,0,28,0,'/Uploads/img/57b2b4a86888a.jpg','教育行业乱向之我见','2016-08-25 22:40:04'),(19,0,'&lt;p&gt;&amp;nbsp;&amp;nbsp; 在教育行业待了一年多，接触了近两千位校长，真心说：这个行业在中国还有净土存在的。大部分校长比较有教育情结:真是民族之兴、国家之兴！这也和习大大倡导的“伟大中国梦就是伟大的教育梦”相符合。我由衷的敬佩大家，内心感动过无数次。前段时间山东大智教育集团总裁张维东先生和我对话里说的：“之所以还在教育行业，面对这么多次困难没有离开。坚守的不是这个行业，而是对教育的坚守！”张先生的教育情操足以代表这个行业大多数同仁。 &lt;br/&gt;&amp;nbsp;&amp;nbsp; 任何一个行业都要有坚守的精神！坚守住底线，坚守住道德，因为不坚守就不能保证价值的绝对性！因为任何购买：消费者购买的不是产品本身，而是产生带来的价值和利益！就像三鹿奶粉，没有坚守住质量和道德底线，最后的下场是被消费者抛弃，还被诉之于法律。所以，坚守是每一个行业都应该具备最起码的精神。当然，不是每一个人都能做到，而教育行业，能做到“坚守”两个字的人，可以说真的比其他行业要多得多！&lt;br/&gt;&lt;/p&gt;&lt;p&gt;&amp;nbsp;&amp;nbsp; 可是，国家已经提出教育产业化，也就是说，把教育纳入到了商业范畴，更不要说属于教育延伸品的教育培训行业了，我们的教育培训其实本就属于商业。先不说商业，就简单地说：我们每一个校长都不是一个人在战斗，你的身份不光是教育者，也是老板的身份。既然是老板，那我们也应该坚守住老板的责任，因为你的后边有很多的员工，而每一个员工又代表了每一个家庭，他们也要吃饭，他们也要承载着对家庭的责任！因为老板不让员工赚钱本身就是可耻的事情！我们天天说教育行业的人才稀缺，不要忘记，每一个行业都缺人才，如果说，干同样的活在你这里比别人那里能多拿一点，你觉得你的人才储备会不会更方便一些？所以，在整个中国都倡导着追求财富的潮流下，还怎么能让你的员工拿一样的钱干比别人更多的活呢？所以，校长，你自己可以不赚钱，但是你必须要让你的员工赚到钱！不然，当他看到别人在其他的学校赚得比他多的时候，他就会离开你，没有人才的你还怎么能坚守住你的教育情结。说一句真实而大家又不愿意听的话：我们的校长教育情结有余而商业智慧不足。&lt;br/&gt;&amp;nbsp;&amp;nbsp; 我来给大家讲一个传统行业的历程给大家听一下：中国刚刚改革开放，以温州小商品市场来说，当时的温州是家家户户都做皮鞋、服装，每个家庭都是作坊式的。一开始因为从事这个行业的人很少，中国市场到处需要商品，每个小作坊都生存的很好；但是，慢慢地因为这个行业的准入门槛太低了，最后变成了温州到处都是做皮鞋的，而其他城市也到处生产皮鞋，因为模仿和复制，让大家的水平都差不多，很难有谁能完全超过谁，本来很大很大的市场被切割成若干个小市场，大家都为了让自己多赚一点，到处交流学习，有一些小作坊的老板，积累了一些经验，或者有些小作坊做管理的人员走出来给大家传授经验，于是那个阶段，小商品市场第一次的全国交流和学习的浪潮来临了。但是，很多小作坊主发现跟着这些所谓的有经验的人学，并没有解决实际问题，于是，有些有眼光的人就去国外参观考察了，发现当时意大利、美国、英国无论是制作皮鞋的工艺、企业的管理、运营、营销上，都非常得规模化和专业化，原因非常简单，资本主义国家已经发展了两百多年了，而我们国家当时改革开放才十年不到。于是，他们把国外先进的的经验系统地带回国内，到自己的小作坊应用，我们发现他们快速地成长，快速地用专业化的方法去管理和营销自己的企业，迅速地壮大起来，也是中国企业迅速的从生产产品型往市场营销型上的转变。因为他们的迅速壮大，用专业化的系统化的方法做市场，快速地抢占了市场份额，造成了一些相对比较落后的小作坊越来越雪上加霜，不是倒闭就是被兼并！慢慢地，以前优秀的工人、好的资源、好的渠道、好的客户群，甚至连自己的厂房都被大的企业吞并掉。客观地来讲，中国经济改革开放到今天为止，我们这30多年，把资本主义国家几百年的经验、方法都学习完了，都使用完了，所以你会发现，我们国家传统行业发展都非常地先进，无论是营销、管理、运营，资源整合等方面。&lt;br/&gt;&amp;nbsp;&amp;nbsp; 我们的教育培训行业，较于其他行业来说是比较落后的，大家有没有发现，我们的教育培训行业和其他传统行业的历程是差不多，现在是不是属于准入门槛低，什么人都可以干，小作坊式的呢，行业从业者很多，竞争很乱，但是专业化的竞争还没有来临？现在是信息大爆炸和快速转递的时代，我们需要做的不是摸索，不是恐惧，不是担心，而是寻找最专业最系统的方法和工具来运营、管理和营销自己的学校，而绝对不能像传统行业刚开始那样，一群病人在交流经验，你觉得能解决问题吗？而应该向他们后来那样专业，系统的做市场，跳出教育培训行业来看：沉淀在这个行业里的人，说实话大部分无论是见识、眼光、商业智慧都是缺失的。进入这个行业，我写过了几十篇文章，我发现，我们一对一发给了很多校长，但是他却还是不看。又不要你的钱，看一看怕什么呢？浪费不了你的时间。我们天地人和的任何一位导师，写出的文章都是非常有水准的，因为我们一直用三个准则来要求自己：真实、专业、严谨！ &lt;br/&gt;&amp;nbsp;&amp;nbsp; 对我们现在的市场，我也看到了很多学校到处地去学习，但是，你的学习为什么落不了地，当然，排除你个人的原因，我想说的是，一个发展已经遇到了瓶颈的行业，现在所谓的经验其实对我们未来的发展来说并一定是有效的，有可能还是前进路上的绊脚石，任何一个行业都需要经过导入期、探索期、成长期、变轨期、高峰期、下滑期、衰退期。这几个期间相互循环，我们行业现在属于变轨期，既然是变轨，那就说明我们要走的路是以前没有走过，面向的是对未知世界的探索,以前的经验很难能派上用场。大家有没有听说过这样一句话“规律是永远不变的”，但是规律指导行为的外在形式是千变万化的，而外在呈现的形式受环境等各种因素的影响。所以我们接下来要学习做事情的规律，用规律来做事，看自己处于规律的什么阶段，然后用规律的阶段来指导自己的行为。这就是我们常说的“君子悟本，以道驭术”。&lt;br/&gt;&amp;nbsp;&amp;nbsp; 我们大家不要再拿情结说话，因为每个行业都要有情结，没有情结就不能坚守，肯定会被市场淘汰，我们大家只有懂商业，才能在商业上成功，商业是没有硝烟的战争，是处处充满死亡却又看不到死亡的。&lt;/p&gt;','2016-08-16 14:38:22',17,'在教育行业待了一年多，接触了近两千位校长，真心说：这个行业在中国还有净土存在的',0,0,233,1,0,1,0,31,0,'/Uploads/img/57b2b4debfb2d.jpg','教育培训行业的真相和突破口','2016-08-29 12:41:34'),(20,3,'&lt;p&gt;&amp;nbsp;&amp;nbsp; 进入培训行业这一年多的时间里，接触到了几百家学校校长，走访了一百多家学校，都不约而同地说：“德飞老师，培训学校越来越不好做了，竞争越来越大了，孩子流失越来越多，怎么办？”情况我比他们都了解，但是，我更想告诉大家的是：教育行业的竞争才刚刚开始，并没有到所谓的竞争激烈时段，现在看似竞争很大， 其实是因为准入门槛低、从业人员多水平低下、什么人都可以做教育，都能招到几个孩子上课，让教育行业这块大蛋糕做的太分散，就像满天的星星一样，很难能看到几颗超亮的。这就像当时温州皮鞋市场，每个家庭都在生产皮鞋，所有的厂都是小作坊，在同等水平下，大家最多都是打价格战，没有最低只有更低！ 而消费者日益变化的需求，让企业的竞争更是雪上加霜。但是，现在温州做皮鞋的厂，就那么几个了，无数的小作坊都被一些后来比较专业化的企业、产品价值比较高的企业、消费者比较认同的企业兼并掉了，这就像我们现在的教育行业一样，面对这样窘迫的局势，我们应该怎么办呢？下面的话请各位培训的校长，认真地仔细地去看一看、想一想、动动脑筋。&lt;br/&gt;&amp;nbsp;&amp;nbsp; 在市场乱向的时候，我们首先考虑到的是国家的政策法规将会做些什么，我相信以我们这届政府如此务实和做事的态度，是不会让任何一个行业乱下去的 ，大家也看到了，以习大大的工作态度和手段，以雷霆之势扫万里尘埃，是不可能关注了一个行业很久却没有大的动作，从习李政府关注教育行业这些多次，到现在还没有其他的动作，我想无非是以下几个原因。&lt;br/&gt;&amp;nbsp;&amp;nbsp; 一，教育改革的方向在论证和实验阶段。&lt;br/&gt;&amp;nbsp;&amp;nbsp; 二，教育改革的人才在选拨和培养阶段。&lt;br/&gt;&amp;nbsp;&amp;nbsp; 三，教育从业人员的素质培养、培训方向的标准化在试行阶段。&amp;nbsp;&amp;nbsp; &lt;br/&gt;&lt;/p&gt;&lt;p&gt;&amp;nbsp;&amp;nbsp; 四，教材革新和应试各个环节在试运行阶段。&lt;br/&gt;&amp;nbsp;&amp;nbsp; 五，教育新法规在逐步研讨和颁布阶段。&lt;br/&gt;&amp;nbsp;&amp;nbsp; 一旦这几个方面实施下来，国家会快速地出台一系列的政策来限制，来管控整个教育培训行业，一定是对教育从业人员的资质上做调整，也就是说没有注册的培训学校，没有能力的从业人员以及公立学校的老师是不可能再进入培训行业的。在国家的政策法规下，在国家制定的游戏规则下，首先会干掉一批培训学校 ，很多人认为当有一些中小型学校没有资质被取缔的情况下，自己的市场份额会变大一些，我想告诉你的是，不要报这种奢望，因为事物的发展，永远往好的方面发展，面对激烈的竞争，我们唯一做到的是“花自开，蝶自来”，我在课堂上不止一次地说过，产品的价值和专业化的从业素质，才是未来任何一个企业在社会上立足的根本，之所以竞争如此激烈，教育培训行业如此之乱，是因为大部分的从业人员没有做到专业化，没有专业化的情况下，操作市场是非常难的，我们 总是以“我以为，我认为、我想”的态度，从事一个行业，这是不可能长久的，先不说教育培训行业，任何一个行业从业的态度都应该是专业和严谨的，这样才能吸引我们的客户，才能长久立于不败之地，在这里，我给大家解释一下，什么叫做专业。看累了吧？呵呵，这点文章你都看不完，还能做什么事情呢！继续吧 ！&lt;br/&gt;&amp;nbsp;&amp;nbsp; 我们很多人认为，做生意只要把客户服务好了，就能把企业作大，其实不然，服务只是我们在用情感连接客户，如果我们在情感连接中没有专业化的东西，客户是不会选择我们的。难道没有听说过：&lt;br/&gt;&amp;nbsp;&amp;nbsp; 选择不等于相信，相信不等于选择吗？&lt;br/&gt;&amp;nbsp;&amp;nbsp; 打个比方，我相信很多人都有朋友，都找我们唱歌、吃饭、玩耍，但是做生意的 时候却从来不找我们，他经常和我们在一起玩，肯定是相信我们的，为什么不找我们做生意呢？肯定是因为觉得我们做不好这件事，没做过这件事或者不专业， 把事情交给一个没有太大能力的人不放心，明白了吗？相信你并一定等于选择你 ，因为你不专业。再比如，我们到药店去买药，我们很清楚，药店里的医生，虽然穿着白大褂，我们肯定怀疑他不一定是医生，可能只是个医学院刚毕业的，甚至是简单培训的医药工作人员，但是我们和他说话的时候，神奇的事情就会发生了，比如今天感冒了，我们是去买“快克”的，你会发现，这个穿白大褂的工作人员说，你为什么会感冒，你的感冒吃“快克”会慢一些，你应该吃“白加黑” ，你会发现，大部分人都会选择“白加黑”，而放弃自己要买的“快克”，他们的心理无非就是想，我吃“快克”会不会没有效果或者效果不好呢，还是听他的吃“白加黑”，虽然你不信任这个给你建议的人，但是最后还是选择了他的决定 ，原因很简单，他是医药从事人员，他身上有两个字“专业”。这就是：&lt;br/&gt;&amp;nbsp;&amp;nbsp; 选择，也不一定信任！&lt;br/&gt;&amp;nbsp;&amp;nbsp; 因为专业代表权威，权威代表信任&lt;br/&gt;&amp;nbsp;&amp;nbsp; 所以，客户选择我们的首要的考核指标就是我们是否专业。当我们非常专业化以后，我们就能吸引更多的客户，从而，就会产生客户资源的集中和市场从业人员的集中，这就做到了集中化，当集中化作到一种程度，有了一定的模式和经验，我们就可以对外复制。这样就形成了模式化。当模式化产生以后，我们的产品不会仅限于课程，会有各种体验营、训练营产生，这样就产生了产业化。这也就是我经常说的教育行业的四个现代化：专业化、集中化、模式化、产业化。面对如此恶劣的竞争，我们必须要在运营上、营销上、管理上，销售上，每一个方面都要做到专业化，而不是一张传单发十年，就有十年的经验去面对一切，面对竞争我们绝不能所谓的抱团取暖，大家想，一群病人抱在一起讨论病情？最终产生的结果，不是让病情有所好转，而是讳疾忌医，加重病情。（我在前面的文章《怎样干掉竞争对手》当中分析了竞争主体，如果有需要的可以加我们下面的微信向业务员索要资料。）&lt;br/&gt;&amp;nbsp;&amp;nbsp; 无论你愿不愿意承认，事实都将如此！当教育四个现代产生以后，你会发现机会对于我们很多人来说是奢望的，只要是生活中的有心人，就会发现，我们现在很多连锁机构在不断地蚕食着我们的市场，也许你会说，他们在我们当地做地并不是非常好，但是他却已经到了你那个地方去了，因为当专业化产生以后，就建立了标准化（标准化一定是建立在专业化和集中化之后才产生的，当一个人做事都 不专业，标准化就是是笑谈）！我研究了商业模式六年了，教育行业虽然有别于传统行业，但是教育行业现在使用的商业模式和传统行业当中的模式如出一辙：&lt;br/&gt;&amp;nbsp;&amp;nbsp; 一、专卖店模式（直营店模式，比如学大、学而思等）&lt;br/&gt;&amp;nbsp;&amp;nbsp; 二、专卖店＋特约经销商模式（也就是直营店+加盟店模式，比如巨人、新东方、龙文等）&lt;br/&gt;&amp;nbsp;&amp;nbsp; 三、店中店模式（就是把自己的项目植入到别的培训项目中去，比如教材推广，例如走向未来、朗文新概念的培生集团，等）&lt;br/&gt;&amp;nbsp;&amp;nbsp; 四、1+１模式（直营店加项目推广模式）&lt;br/&gt;&amp;nbsp;&amp;nbsp; 这么模式在现代培训行业当中一俱雏形。我相信大家都是可以看到的，它们现在市场份额还不是很多，应该说相对来说非常小，整个培训行业上市公司市场份额加在一起不足5%，新东方市场占有率不足1%。&lt;br/&gt;&amp;nbsp;&amp;nbsp; 那么我们来看看传统行业，雅戈尔服装用的是专卖店＋特约经销商模式，经过了将近20年的时间，衬衫市场占有率超过10%；万科用的是直营模式，其所在市场占有率7.6%；保洁集团用的混合模式，店中店＋特约经销商模式，在日化市场占有率36.7%。在商业模式使用当中，传统行业当中最差的只有要全国有名气的市场占有率没有低于5%的，所以传统行业当中的产值一直都非常高。而新东方作为培训行业的龙头老大，2014年的业绩是30多亿，我相信这个数字对于我们大多数的学校来说是天文数字，但是，一个行业的老大，竟然没有我们地级市的首富有钱，更不用说省会城市的首富了。我们排除因专卖店＋特约经销商模式的市场限制，一个行业老大，在一个有3000多亿份额的市场中，仅占了1%左右的 市场份额，这就说明，这个行业的市场竞争刚刚开始，根本没有做到集中化的程度。所以，专业化是未来几年要走的路。各位校长，如果说你想很好地生存下去 ，就要记住一句话：&lt;/p&gt;&lt;p&gt;&amp;nbsp;&amp;nbsp; １，内部建立一套专业化营销系统，攻击市场&lt;br/&gt;&amp;nbsp;&amp;nbsp; ２，外部建立一支执行力狼性团队，控制市场&lt;br/&gt;&amp;nbsp;&amp;nbsp; 否则当真正的竞争和冲击来临的时候，在夹缝中生存是非常痛苦的一件事情，县级城市还稍微好一些，因为一些大的企业对市场份额的不满意，进入县级城市还相对慢一些。商战是一个看不见硝烟的战争，它的竞争比战争更残酷，因为我们根本不知道下一刻死亡是谁带来的。（感兴趣的，可以加微信或者打电话要《面对竞争你该怎么办》和《狼团是怎样炼成的》，放心！不要钱，俺们从来不做广告！）&lt;br/&gt;&amp;nbsp;&amp;nbsp; 我们怎样向消费者传递我们的专业化，我会在以后的文章中慢慢地给大家梳理，我今天主要是想告诉大家，你想要你的学校发展到什么程度，和什么样的目标，你就应该找到属于你自己的达到目标的路径和行为，事物的外在形式，千变万化，规律始终恒一，用外在的形式去做事，是永远不长久的，是流于形式的。企图用一场讲座、一场活动、来搞定客户，就是天方夜谭，因为我们在前面分析过产品的属性，消费者的心理，宣传方式，体验方式，促销智慧等等……今天我就来给大家谈一谈什么是促销。&lt;br/&gt;&amp;nbsp;&amp;nbsp; 如果促销排除了策略性降价（这个以后说），我们就应该明白它针对的只是消费者的购买力，打个比方，我们的课程，卖到5000块钱一年，家长也知道的我们的课程是物有所值的，但是他不选择的问题是价格问题，这个时候我们就应该考虑当地的购买力是否能承受得起，进行适当地调价，让更多的人进来选择我们 ，增加销量。而我们大部分学校的促销：就像是一件衣服，标到了500块钱，消费者只认为这件衣服值100元，而我们有一天，把它降到了300，你认为他们会买吗？但是我们为了更多人体验，把它降到了20，让更多的人来体验，你要知道这个时候很多人来体验，并不是考虑购买，而是因为贪婪，这就相当于我们在路边发糖，即使一个糖尿病人他不能吃糖，他也会拿一把回家，他不吃给别人吃啊。体验完了我们又把这个衣服涨回了300、400、500，你觉得他会购买吗？我不是否定体验在营销当中的作用，而是要告诉大家，在体验过程当中，一定要让消费 者知道你的产品物有所值，物超所值，他才会购买，因为，消费者永远购买的不是产品本身，而且产品给他带来的价值和利益，只要你值这个钱，他也需，还买得起，他才会买。如果你做不到这些，企图让别人购买你的东西，那是不可能的，更不要谈到面对竞争了。&lt;/p&gt;','2016-08-16 14:39:42',17,'进入培训行业这一年多的时间里，接触到了几百家学校校长，走访了一百多家学校',12,0,414,1,0,1,0,65,0,'/Uploads/img/57b2b52e4924b.jpg','教育行业的竞争开始了吗？','2016-08-31 16:08:38'),(21,1,'&lt;p&gt;&amp;nbsp;&amp;nbsp; 这是一个人人都想发展的时代！那么发展的第一要素是什么？各位我们可以思考一下？权利、关系、地位、能力、金钱、时间、人才……你选择了什么？&lt;br/&gt;&amp;nbsp;&amp;nbsp; 不知道大家有没有看过名人传记或名人采访？他们不约而同的都提到过时间，精确的管理时间，使时间效能最高。这句话的意思就是在最短的时间内用自己最大的能力做出最多的成果。而不是自己明明不专业还去勉强，去低效的重复，从而浪费大量的时间！古人云：“君子善假于物，登高而呼，声非加疾，而闻者彰。”成功的人善于知道自己的渺小，借助外部的力量来完成自己的目标。所以，&lt;br/&gt;&amp;nbsp;&amp;nbsp; 当你的金钱不足于支撑你的事业，你就挣钱吧；&lt;br/&gt;&amp;nbsp;&amp;nbsp; 当你的能力不足于支撑你的目标，你就学习吧！&lt;br/&gt;&amp;nbsp;&amp;nbsp; 每当看见大家热血沸腾的跟各种培训老师学习，回去之后却还是原地踏步或者进步很慢，不知道大家想过没有？这是怎么回事呢？所以，关于学习你必须明白：&lt;br/&gt;&amp;nbsp;&amp;nbsp; 就像我们发现自己植树挖坑需要铁锹，去市场中选择，遇到了一个善说令辞的售货员，把一个铲子说的多么锋利，多么便利。我们也被说的心花怒放，兴高采烈的把铲子拿回家的时候，却发现铲子再锋利也没有铁锹使用的效率高。无论铲子多么的好用却根本不能解决、也掩饰不了我们对铁锹的需求。&lt;br/&gt;&amp;nbsp;&amp;nbsp; 看似学校遇到的问题相似，都是打开市场，但内在的人员素质、产品属性、当地的购买力、以及消费者需求等因素的不同，相同的营销方法并不能解决相同的问题。就好比如一个人发热，有的是风寒引起的发热，有的是体内炎症引起的发热，相同的症状，用药却不相同，也就是说同一味药是不能解决相同体表病状的。&lt;br/&gt;&amp;nbsp;&amp;nbsp; 产品在市场中的销量大小，决定因素由定位、策划、宣传、体验、推广、销售等各个环节决定，相互制约，相互衔接，共同组成市场营销的系统。只拿一个方法解决市场营销的这么多环节的困难显然是不科学的，也是不能根本解决问题的。&lt;br/&gt;&amp;nbsp;&amp;nbsp; 培训学校的校长，其实就是一个企业的老板，学校就是一个企业品牌的雏形。我们每天为招生绞尽脑汁，但是不知道大家想过没有；比如一条河受到了污染。我们只从下游开始治理，请问效果会如何？因为下游受到上游的约束，我们无论如何也要考虑到源头、中源吧。光治理下游，请问上游不改变，即使下游治理好了会有什么效果呢？他的效果能持续多长时间呢？&lt;br/&gt;&amp;nbsp;&amp;nbsp; 一个学校的良好发展，必须有好的定位，品牌、文化、渠道、价格、体验、推广、销售，服务。招生（销售）是最后一环节而已。环环相扣、层层制约。我们为什么每年、每季都为招生发愁？我们必须系统制定学校营销系统。彻底的解决学校的发展问题，而不是头痛医头、脚痛医脚！一个完整，科学的营销系统会使我们发展，销售（招生）事半功倍。第一目的是创造客户，获取和维持客户。从而形成自己的品牌，建立自己的渠道，宣传等产品市场的各个环节。&amp;nbsp;&amp;nbsp; &lt;br/&gt;&lt;/p&gt;&lt;p&gt;&amp;nbsp;&amp;nbsp; 要从长远的观点来考虑如何有效地战胜竞争对手，立于不败之地。注重市场调研，收集并分析大量的信息，只有这样才能在环境和市场的变化有很多不确定性的情况下做出正确的选择和决策，积极推行革新，使其程度与效果成正比。&lt;br/&gt;&amp;nbsp;&amp;nbsp; 因此，在变化中进行决策，要求其决策者要有很强的能力，要有像企业家一样专业知识和市场智慧，从而形成和企业家一样的洞察力、识别力和决断力。&lt;br/&gt;&amp;nbsp;&amp;nbsp; 《论语》有云：“君子悟本，本立而道生，然以道驭术。”这句话运用在市场中是指我们必须了解市场规律是什么，用市场规律分析自己的产品属性、当地的消费习惯及消费者的购买行为等具体情况，才能找到属于自己的营销方法。外在的形式千变万化，内在规律始终恒一。掌握规律才能因时而动，动之有据，依据有术，然术之有器。本次的《营销之道》带你走进真正的市场规律中来，认识市场的“道”，再和市场案例相结合，同时掌握规律和方法及技巧，以不变规律应万变之市场，从而解决属于自己的问题，打开市场，广开财路。&lt;br/&gt;&amp;nbsp;&amp;nbsp; 《营销之道》是张德飞先生在多年的市场运作中总结的经验和多年的学习心得相结合，从而形成的理论加实践的课程。首先，传统的市场营销学是一门庞大的，概念性强，语言难以理解的学科。创造性地用通俗易懂的语言解决了庞大的市场营销学中的原理、概念、经济分析、策划学等部分。让大家轻松的了解，并结合案例让大家理解使用。&lt;br/&gt;&amp;nbsp;&amp;nbsp; 《营销之道》它包含了经济形成论断、市场分析、信息系统、营销环境、消费者需求和购买力、市场细分与目标市场选择等营销原理，从而制定产品策略、定价策略、分析渠道策略、促销策略、市场组合策略等营销实务的内容，让大家更好地学会及应用营销的战略、计划、组织和控制等环节。&lt;/p&gt;','2016-08-16 14:40:32',17,'这是一个人人都想发展的时代！那么发展的第一要素是什么？各位我们可以思考一下？',1,0,106,1,0,1,0,33,0,'/Uploads/img/57b2b560be648.jpg','发展，不能浪费在勉强上！','2016-08-31 19:08:07'),(22,2,'&lt;p&gt;&amp;nbsp;&amp;nbsp; 教育这个行当真的不是一般人可以干的，如果说三百六十行，行行出状元的话，你会发现，教育和健康及其衍生行业是有别于其他行业的，那么这两个行业的从业工作者（包括领导人）的素质是有别于其他行业的从业人员的！因为教育和健康对于其相对的受益者（客户）来说，产生的作用是不可逆转的，一个孩子被错误的教育误导了，这一辈子可能就毁了，而且是不可逆转地毁了！健康也是一样的，如果我们的健康因为各种原因（可能是食品，也可能是医疗）丧失了，无论使用什么样的医疗手段，即使恢复，也很难完全恢复到以前的样子。&lt;br/&gt;&amp;nbsp;&amp;nbsp; 教育决定了人的生命状态（精神世界），健康决定了人的身体状态（物质和精神的双重载体）。所以我们说，这两个行业不是什么人都可以干的，起码是具备有别于其他行业的某种特质的人才能做的。&lt;br/&gt;&amp;nbsp;&amp;nbsp; 有的人说，教育和健康是良心行业。我说，这样说是有偏驳的，真的是有良心的人就可以干的吗？&lt;br/&gt;&amp;nbsp;&amp;nbsp; 有的人有良心，但没有能力干好，可以干吗？&lt;br/&gt;&amp;nbsp;&amp;nbsp; 有的人有良心，不知道怎样干，可以干吗？&lt;br/&gt;&amp;nbsp;&amp;nbsp; 有的人有良心，胡乱地蛮干，可以干吗？&lt;br/&gt;&amp;nbsp;&amp;nbsp; 有的人有良心，不懂得自以为是地去干，可以干吗？&lt;br/&gt;&amp;nbsp;&amp;nbsp; 回答是：不可以！&lt;br/&gt;&amp;nbsp;&amp;nbsp; 我个人认为，校长应该有的精神特别地多，但是，至少有某种特质是我们应该具备的！下面我们来讲一个例子。&lt;br/&gt;&amp;nbsp;&amp;nbsp; 老师（校长）在过去我们称之为“教书匠”，为什么叫“教书匠”，而不叫“教书人”呢？“匠”和“人”这两个字是有别的，“匠”最早是从木匠延伸出来的。鲁班应该是中国最早的木匠，你看一看鲁班身上有什么样的特质，在我们读到鲁班的所有文章里，可以看到他特别喜欢研究木匠这个行业，他对这个行业的喜欢，远远大于这个行业给他带来的名誉和金钱，为这个行业研究出了很多先进的工具和方法，对自己做的每一个产品都精益求精。最典型的例子就是他收了一个徒弟，让自己的徒弟在森林里放两棵几个人抱不过来的大树，让这个徒弟把一棵大树用刨子刨成一把凿子的手柄，然后用这把凿子把另外一棵大树凿一千个不同的眼出来，然后这个徒弟不理解，但是这个徒弟却这样做了，最后鲁班告诉他，我让你把这个大树刨光，原因是刨光是木匠最基础的活，如果你能把一个木头刨得很光滑，那么你做任何的家具才会很漂亮。我让你凿一千个眼是要告诉你，所有的家具都是木头和木头之间的结合，最后都是要把眼打出来的。所以你只有满足了这两个能力，你才能做出更多漂亮的家具。然后你才能去研究具体做什么样的家具！&lt;br/&gt;&amp;nbsp;&amp;nbsp; 通过这个故事，我们可以知道，鲁班身上的特质其实也是我们教书匠应该有的特质，也其实是我们从事任何一个行业都具有的特质，你们才能成为这个行业的佼佼者或者领袖！&lt;br/&gt;&amp;nbsp;&amp;nbsp; —、情怀。什么叫“情怀”？就是我们对这个行业无限地热爱，从而把它变成人生的追求，而这种情怀是远远凌驾于金钱和名誉之上的，你才能把这个行业做得好，教育和健康不像是做一件衬衫，衬衫做坏了，无非就是浪费了消费者的钱，他可以买第二件。但是孩子的人生呢？可以重来一次吗？所以，我们的校长必须有对这个行业的热爱，必须有对这个行业的情怀。热爱每一个孩子，热爱每一个生命。&lt;br/&gt;&amp;nbsp;&amp;nbsp; 二、敬畏。什么叫“敬畏”？就是我们对这个行业或者某个事情的尊重，从而达到一种畏惧的状态，畏惧到我不敢把它做坏的状态，只有这种你才会尊重每一个孩子，尊重每一个孩子的生命。你不敬畏生命，你就不会有底线来对待这个生命，你就会无限地糟蹋这个生命，你就会觉得，每个孩子走到你的学校来，你努力了就行了，大部分好了就行了。你错了，应该是每个孩子都好！&lt;br/&gt;&amp;nbsp;&amp;nbsp; 三、精益求精。什么是“精益求精”？就是好了再好，我们不能做到好了再好，就永远无法超越，无法创新，就没有办法把利他性做到极致，就没有办法引领消费者去享受某一个产品，就没有办法让孩子的生命状态好了更好。你就不可能作为一个合格的教育家，一个合格的老师。你数十年如一日地用一种方法教育孩子，时代变了，环境变了，那么我们的教育不该变吗？&lt;br/&gt;&amp;nbsp;&amp;nbsp; 四、坚守。什么叫“坚守”？就是坚守住一个行业的底线，不为了名和利去突破这个底线，你会发现，三鹿不坚守，所有的努力毁于一旦，隆庆祥坚守，成了中国定制服装的第一品牌。习主席曾经说过，文化艺术不能迎合于市场，因为文化艺术是给别人美的享受的，甚至这种美是很多人都不理解的，这种美是让人的修养和层次到达一定程度的目标。所以你会发现，很多老艺术家，他就是国宝，八十岁、九十岁了还艺术常青。而有的艺术工作者为了钱，为了名，迎合市场，赚到了钱，但是却不被主流社会所接受，被抛弃了。&lt;br/&gt;&amp;nbsp;&amp;nbsp; 我知道写太多，大家也看不完，甚至有的人都不会看。我给大家再讲一个案例。&lt;br/&gt;&amp;nbsp;&amp;nbsp; 格力集团就专做空调，做到了坚守，而董明珠女士作为企业的领导人，她有一种情怀，那就是做中国最好的空调，而格力产品的性能在一代一代地更新，一个小小的空调，竟然创造了拥有一万多项专利的记录，达到了精益求精的最高境界。而他把服务也做到了极致，不想把坏的产品给消费者，所以格力每十年有一次老空调换新空调的政策，让消费者一代人又一代人，一次又一次地使用格力。而格力自己也是最大的受益者，销量第一，利润第一。同时，利润率也是第一。&lt;br/&gt;&amp;nbsp;&amp;nbsp; 各位亲爱的校长，不要说天地人和不懂教育，不要说天地人和没有学校就教你办学。我承认隔行如隔山，但是隔行不隔理。&lt;br/&gt;&amp;nbsp;&amp;nbsp; 我不知道怎么教孩子学习，但是我知道家长要什么；&lt;br/&gt;&amp;nbsp;&amp;nbsp; 我不知道怎样能更好地教好孩子，但是我知道家长喜欢什么样的学校；&lt;br/&gt;&amp;nbsp;&amp;nbsp; 我不知道哪个科目对孩子有用，但我知道怎样宣传才能让别人感觉到你有价值。&lt;br/&gt;&amp;nbsp;&amp;nbsp; 我们懂营销，可以让你打出一片市场；我们懂管理，可以让你建立一支团队！&lt;br/&gt;&amp;nbsp;&amp;nbsp; 一个企业想在市场中赢，不就是用营销打出市场，用管理建立团队吗？很多同行非议我们，我想说的是，你真的很牛，大家就跟你学习了，不用你非议，大家知道我们怎么样。如果你非议我们，只能说明你恐惧了，你害怕了，如果你知道你行的话，你害怕什么呢？&lt;br/&gt;&amp;nbsp;&amp;nbsp; 我们有1200位学友，短短的一年时间，就让这么多的学友和我们在一起，这是靠质疑、靠忽悠得来的吗？这个世界上一切都是用结果说话的，你做过学校，只能代表你用一种方法赢、成功过，不代表这种方法放之四海而皆准，就像一个人一样，他不吃饭，他吃泥土长大了，难道你能让所有人吃泥土长大吗？这只代表个案，不代表有共性，没有共性其他人怎么复制呢？我们天地人和所有的课程都是讲共性的，然后用我们的一对一服务把共性的东西结合每个学校自己的情况，做出他们自己的个性来，适合他们，落地性强，才有现在的发展速度。作为同行的你非议我们，只能说明你没有胸怀，不能容下同行一起把这个行业做好，就凭这一点，你怎么能讲好管理呢？管理中最重要的就是一个领导人的特质，你都不具备管理人的优秀特质，怎么能教会别人管理呢？&lt;br/&gt;&amp;nbsp;&amp;nbsp; 不说了，希望大家好好地看看这篇文章，对你是有用的。&lt;/p&gt;','2016-08-16 14:41:36',17,'教育这个行当真的不是一般人可以干的，如果说三百六十行，行行出状元的话，你会发现',10,0,227,1,0,1,0,48,0,'/Uploads/img/57b2b5a0d6071.jpg','论校长应该有的精神','2016-08-31 14:21:06'),(23,2,'&lt;p&gt;&amp;nbsp;&amp;nbsp; 在谈到这个话题的时候，无非就是我们怎么样才能真正地吸引客户，因为教育培训行业属于体验滞后型，就是先花钱，在体验一段时间才能感知结果。因为对未来的结果很难预知，所以客户才会更关注我们的行为，因为行为对应的是结果。而这个时候我们的行为，必须要专业，因为专业代表的是权威，权威代表的是信任。我们可以拿以前的结果来证明我们一如既往的行为，但是，不就是因为我们以往取得的成果不大，吸引陌生的家长的时候，没有说服力嘛！&lt;br/&gt;&amp;nbsp;&amp;nbsp; 我在前面说过，所有消费者购买的不是产品本身，而是价值以及价值给他们带来的切身利益，所以我们在给家长传递我们的理念和我们的行为的时候，必须要让他相信。&lt;br/&gt;&amp;nbsp;&amp;nbsp; 再说培训学校到底该给家长什么的时候，我们先给大家讲一个生活中的例子，大家是否还清晰记得，春节晚会当中《千手观音》这个舞蹈。我相信大部分的人现在还记得这个舞蹈，无论是有文化的没有文化的，成功的还是平庸的，显贵的还是卑微的。大部分人应该都对这个舞蹈印象十分深刻，甚至有更深的内心触动。可是要问大部分的人，这个舞蹈到底表达什么的时候，很多人说不上来。因为我们不是专门研究舞蹈的人员。但是，很多人都异口同声地说了一句话“我不知道它到底表达的是什么，但是我能感知到他表达的东西我喜欢，我想要，让我的心里有种很舒服的感觉。众所周知，这个舞蹈向人们传递的是一种真、善、美。所以我们可以从这个实例中得出一个结论：在这个世界上，即使是十恶不赦的人，他内心对真、善、美都是有感知的，并且也都渴望得到真、善、美。所以，当我们给消费者的东西是真的，善良的，美好的，任何人，只要有购买的能力，他都有欲望想得到。所以各位校长你们明白了吗！我们给家长的东西绝对不能杜撰、演绎，甚至为了招生而信口开河，继续往下看，你会有收获的。&lt;br/&gt;为什么会有老师这个职业产生？就是家长教育孩子的不专业，懒惰没有时间以及心有余而力不足，才产生了老师这个职业。&lt;br/&gt;&amp;nbsp;&amp;nbsp; 不就是因为老师教育孩子更专业一些，更权威一些，更有经验一些，懂得比家长多吗？我不否认，家庭教育对孩子的影响，我总相信一句话，在这个世界上，谁负的责任大，谁才能成功，谁担的责任多，他才有成就。我们不能把责任推给没有能力，没有办法、没有经验的人来承担。看到现在很多学校都在做家庭教育讲座，传播家庭教育思想，我个人由衷地高兴，因为每个校长都在为中国的教育事业努力拼搏。但是，此刻我们传递的东西更应该是真的、善的、美的，不应该是杜撰的、演绎的以及不严谨的。我们千万不能因为我们做讲座的时候，很多家长现场的的喜悦和感激，而冲昏了头脑，而更应该看一看我们给家长帮助了什么，孩子和家庭到底有什么样的变化，他们在心里是不是真的认可！各位校长我们要永远记住一句话，在消费者面前，无论我们多少地巧舌如簧，多么地能言善辩，多么地铁嘴钢牙，如果我们传递的东西不是真正的真善美，消费者从内心里是会感知到的。他在内心里会慢慢地明白过来，因为我们在给他传递思想的时候，他们也不是全盘接受的，他们也是深思熟虑之后，有了收获有了感知之后，他们才会信任、选择我们。&lt;br/&gt;&amp;nbsp;&amp;nbsp; 在给家长传递教育思想的时候，我们首先要该明确：&lt;br/&gt;&amp;nbsp;&amp;nbsp; 1、什么是理论。在这里我告诉大家，理论对于行业从业人员来说，是非常重要的，因为有了一个理论我们才可以去体验，才可以去研究。就像科学家研究一个东西的时候，他会首先在纸张和脑子中研究一套理论，然后用这套理论去指导行为。未来如果这套理论是对的，通过实践论证会有相对应的结果；如果这个理论是错的，通过实践论证是不可能产生好的结果的。所以理论对行业从业人员是有作用的，但对于消费者来说是没有任何价值的。&lt;br/&gt;&amp;nbsp;&amp;nbsp; 2、什么是思想？大家都知道论语是孔子及其弟子言行的书，也就是孔子和弟子思想的书。我们可以摘录论语中任何一句话来说，比如“有朋自远方来，不亦乐乎”，朋友从远方来了，你要开心地接待他，这是理论呢？还是指导行为的标准呢？比如，“不耻下问”向不如自己的人学习也不觉得耻辱，是理论呢？还是行为标准呢？再比如《弟子规》当中，“首孝悌，次谨信……父母呼，应勿缓……”是理论呢？还是指导行为的标准？所以我就不用再举例子了，大家应该明白了，思想是指导行为的标准。“它对应的都是告诉我们怎么去做！我们告诉了家长太多的理论，却不告诉他怎么去做，这是不对的。有的时候很多事情我们自己都做不到，只是说给别人听，对方怎么会信任我们呢？怎么可能选择我们呢？家长怎么可能慢慢地体会以后，还会再认同我们呢？做任何事都要知行合一。所以，我们给家长说话的时候，必须要严谨，必须要自己能做得到，必须是真、善、美的东西。&lt;br/&gt;&amp;nbsp;&amp;nbsp; 我们来看一看，赏识教育到底是怎么产生的？赏识教育是周弘老师结合了陶行知先生四块糖（有的是三块糖）的故事，以及自己家庭生活经验，产生的一套理论，这是有功于中国教育的。但是，孩子学习成绩不好：有情绪问题，有能力问题，有行为习惯问题…周弘老师的女儿因为先天性疾病，他为了尽一个父亲的责任，替女儿学习了女儿应该学习的东西，然后手把手地交给自己的女儿。因此他得出了：“只有父母好好学习，孩子才能天天向上”的结论。这句话的确是可以解决先天能力不足的孩子问题。但是，他并不能解决孩子所有问题。（想了解更多可以加微信或者电话索要《什么是真正的教育》和《面对竞争该怎么办》）。又看累了？不要连看完一篇文章的时间都没有，那还怎么发展？继续看吧！真正的教育应该是让孩子的自我教育谁又说，父母不学习孩子就不能天天向上了？当孩子知道了父母不学习，我就不能天天向上以后，他会有什么想法呢？我们不应该教育孩子去依赖父母，而应该教育孩子，学习是他自己的责任，他应该自发地自主地去学习，这句话我们给父母说是对的，因为家庭教育对孩子至关重要，但是这句话我们给孩子说的时候，是不是就不太严谨了呢？当孩子拿这句话来质问父母的时候，那么他们父母对我们说过的话是否也有质疑呢？&lt;br/&gt;&amp;nbsp;&amp;nbsp; 陶行知先生一直倡导的永远是正面教育孩子，他的“四块糖的故事”的前提是故事中那个孩子能自发地认识到自己的错误，陶行知先生鼓励他这种认识错误然后再奖励他一块一块的糖。我相信，如果这个孩子，不能认识到自己的错误，陶行知先生肯定不会简单地给他一块糖的。赏识教育对教育的功不可没，但是他不能解决孩子的所有问题。拿他解决孩子的所有问题，我认为这是不科学的，不严谨的，也不是周弘老师的本意。更不要说很多人把周弘老师的理论演变成了“孩子都是奔驰车，只是缺少加油站”这种荒谬的理论。&lt;br/&gt;&amp;nbsp;&amp;nbsp; 这样的例子不胜枚举，触目惊心，我相信各位校长有辨识的能力，你们有为中国教育事业付出的一颗炽热的心，我个人非常崇拜和尊敬。但是，不应该走偏了，不应该走歪了，更不应该走得不伦不类。仔细想想，你们学习到的东西，或者即将学习到的东西，是不是真的能解决家长的问题，或者是不能以偏概全地去解决。&lt;br/&gt;&amp;nbsp;&amp;nbsp; 因为我们说过，消费者永远是关心谁给他带来了价值和利益，这也是我们任何一个人的心理。我们更不能把责任都推给家长，我们应该自己承担起来，虽然孩子的教育有家庭的教育和学校的教育两者并驾齐驱，我们不光教家长怎么做，更多地是我们自己做给他们看，然后给他们讲我们做的成果和我们即将怎么做，即展示我们严谨的专业性来吸引他们，让他们把孩子交给我们放心，安心，他们才会把孩子交给我们，如果是你自己的孩子，你会随便交给一个人教育吗？&lt;/p&gt;','2016-08-16 14:43:21',17,'在谈到这个话题的时候，无非就是我们怎么样才能真正地吸引客户',4,0,211,1,0,1,0,53,0,'/Uploads/img/57b2b60923a11.jpg','培训学校到底能给家长什么','2016-08-31 08:40:31'),(24,0,'&lt;p&gt;&amp;nbsp;&amp;nbsp; 《道德经》详细阐述了“天之道，利而不害”的意义：自然的规律是有利而无害的。也就是说，事物发展一定要遵循利大于害，慢慢地消除害，让“利”无限增加，直到“害”的失去。比如说，你卖的东西对消费者有利，能解决消费者很多需求，但是因为不完美或者消费者需求变化了，产品的部分功能是缺失的，那么你要做的是，不停地创新产品的功能，不停地完善产品的功能。&lt;br/&gt;&amp;nbsp;&amp;nbsp; 为什么有的东西本身存在着一定的害处，却还可以继续发展呢？原因是这东西本身有利，这个“利”是人（泛指一切需求者）需要的，因为暂时对“利”的渴望而不去顾及“害”的地方。也有可能是因为，这个东西是利大于害的，在现阶段是能满足人的需求的。因为事物的发展一定是除弊纳新的，我们必须要进行革新、创造，甚至是革命，这样不停地寻求新的发展才是事物发展的规律。如果一个东西很多人都需要，却并没有使用（或者获得），原因一定是满足不了使用者现阶段的需求，或者使用者现阶段的需求变化了，这个东西的功能没有革新而不能适应使用者变化的需求！&lt;br/&gt;&amp;nbsp;&amp;nbsp; 在教育行业，这样的事情太多了！比如家庭教育讲座：曾经家庭教育讲座风靡全国，现在家长也非常需要家庭教育讲座，可是家长却为什么不温不火呢？很多需要推广家庭教育的时候，为什么家长当时很兴奋，后期慢慢地不感冒了呢？按照“天之道，利而不害”的原理：家庭教育讲座的内容过时了，不适应家长的需求。下面我来谈一谈家庭教育的现状：&lt;br/&gt;&amp;nbsp;&amp;nbsp; 一、教育工作者发现教育孩子不仅仅是老师和学校的事，更多的是家长的事。&lt;br/&gt;&amp;nbsp;&amp;nbsp; 因为孩子受到家长的影响很大，不改变家长是没有办法改变孩子的，改变一个人先改变一个人的心智，从而改变一个人的态度和习惯，从而让一个人具备改变后的技能和方法，才能让他适应或者驾驭改变后的生活。这就相当于我们必须要让一个家长意识到教育孩子时自己的重要性，所以我们教育工作者就会用大量的案例和语言来刺激家长，让他改变自己，让他认识到自己的错误，让他从内心里渴望去改变，同时告诉他改变后和不改变的区别（这就是改变家长的心智）。但是，当家长意识到自己重要性的时候，也渴望去改变，却并不知道怎么去改变，而我们教育工作者在传播家庭教育的时候，没有做到与时俱进，还是停留在思想教育和家长教育转变层面。却忘记了当家长态度改变以后需要面对孩子在生活中的各种问题解决的需求，他们真的不会解决，光有态度是不行的，这就需要给他方法，给他技巧，如果我们不能给他方法上他解决孩子在生活中遇到的基本问题，你会发现，他们又回到了原来的状态当中，这就相当于一个乞丐，你给他讲了“成功学”，让他兴奋起来，让他去创业，让他去工作，但是你并没有给他创业和工作的物质基础、工作方法和技巧，他没有办法驾驭和乞丐不一样的工作，他就会陷入到焦躁、不安的状态中，进而会失望，甚至还会回到乞丐的状态中去。&lt;br/&gt;&amp;nbsp;&amp;nbsp; 二、家庭教育内容没有做到与时俱进和更新。&lt;br/&gt;&amp;nbsp;&amp;nbsp; 很多家庭教育工作者在以前的工作中，总结了一部分经验，总结成了家庭教育的课程，为中国家庭教育普及做出了很多的贡献，但是又因为脱离了孩子，从而就失去了与孩子交流、与家长交流的基础，没有办法从客户的需求变化中更新和创造自己家庭教育内容，家长的需求已经变化了，而你的内容却不变（甚至粗制滥造），这就像之前的成功靠他的“利”，却没有及时地去掉“害”，所以，家庭教育市场不温不火是很正常的。&lt;br/&gt;&amp;nbsp;&amp;nbsp; 三、家庭教育的内容不严谨。&lt;br/&gt;&amp;nbsp;&amp;nbsp; 很多家庭教育工作者为了让家长快速接受自己的东西，总是想着给家长洗脑，甚至是错误思维的灌入，在家长后期使用中发现了这种不严谨的内容，却根本解决不了家庭教育遇到的问题，进而失望甚至是排斥，比如现在市场比较流行的“只有父母好好学习，孩子才能天天向上”，这样不严谨的语言，一旦让孩子知道了，他就会认为只有父母优秀我才能优秀，就会产生依赖，进而反过来要求父母、抱怨父母。而父母也会发现，这句话太不严谨，父母不进步，难道孩子就不能超越父母了吗？按照这个说法，社会就不要进步了，社会的进步是一代比一代强才对。这个理论就违背了前苏联著名教育思想家苏霍姆林斯基的“孩子的教育终归要变成孩子的自我教育”这句话，由于有大量的不严谨的语言，甚至是为了达到某种目的的洗脑式的语言，真的伤害了家长和孩子，也让更多的家长不愿意参与到家庭教育中来。这样的例子还很多，比如：孩子都是奔驰车，只是缺少加油站等等。这样的话说给父母听还勉强可以，可是真的适合用在孩子身上吗？我们的很多教育工作者难道不应该是反思吗？我们这样做合适吗？&lt;br/&gt;&amp;nbsp;&amp;nbsp; 四、家庭教育使用的不方便。&lt;br/&gt;&amp;nbsp;&amp;nbsp; 很多家长真的没有时间参加大量的讲座，越是普通的家庭，家长的产值是低的，时间是不够用的，甚至越是普通人，是有惰性的等等。这些所有因素加在一起都是会让家长没有过多的精力和时间参与到家庭教育的学习中来，我们推广家庭教育方式的单一化，就造成了家长感觉到不方便，任何的不方便都会影响消费者的购买。比如，如果今天的快速行业不是很发达，很多人还会在网上订购东西吗？所以，大家应该寻求一种推广家庭教育更便捷的方式。&lt;br/&gt;&amp;nbsp;&amp;nbsp; 五、校长学习方式的单一化。&lt;br/&gt;&amp;nbsp;&amp;nbsp; 很多让学习家庭教育讲座，却忘记了一个根本的因素，那就是智慧的普及是用方法还是用天赋？如果智慧的普及是用天赋的话，那就麻烦了，因为天赋是不能复制的，比如，有几个人能达到疯狂英语李阳那种演讲的天赋呢？你是跟李阳学教英语的方法呢，还是跟他学演讲的天赋呢？方法是可以复制的，智慧也是可以复制的（比如你学习孔子的《论语》，当你真的学到了，你发现这个智慧就属于你的了），但是天赋它真的不可以复制，是一个人与生俱来的，通过后天的学习可以得到改善，但是天生的缺失在后天是很难弥补的，而把大量的时间用在这样的弥补上本身就是一个错误，因为人的时间是有限的，我们应该把时间用在我们最擅长的事情上，才能产出更多的价值，很多校长都喜欢用演讲的方式传播家庭教育，但是却往往忽视了家庭教育的内容。当你会演讲，肯定更好，当你不会演讲的时候，内容也一样是可以取胜的。我就见过一个人，不擅长演讲，但是他给家长教育孩子的方法和技巧的确能解决家长的问题，他在家长心目中的位置比那些会演讲的人重得多的多。比如海盐智慧树的校长任亚老师。&lt;br/&gt;&amp;nbsp;&amp;nbsp; 等等因素造成了家庭教育市场“犹抱琵琶半遮面”，本来家庭教育完全是可以成为我们学校区别于对手最大的差异化，让家长感觉到我们比对手学校因家庭教育讲座而增加了在家长心目的重要性，可是因为上述原因，让我们做了也等于白做，或者做了没有达到预期的目的和成效。&lt;br/&gt;&amp;nbsp;&amp;nbsp; 过年了，我真的建议你们每一位校长认真地反思一下，你给家长提供的这些东西，哪些是有帮助的，哪些是没有帮助的。真正的区分“利”和“害”之间的关系，而不是活在假象里，活在激情里，没有用的。&lt;/p&gt;','2016-08-16 14:44:24',17,'《道德经》详细阐述了“天之道，利而不害”的意义：自然的规律是有利而无害的。',0,0,203,1,0,1,0,70,0,'/Uploads/img/57b2b648ebb51.jpg','天之道，利而不害','2016-08-31 14:15:44'),(25,0,'&lt;p&gt;&amp;nbsp;&amp;nbsp;&amp;nbsp;究竟是谁，决定了学校的发展？&lt;br/&gt;&amp;nbsp;&amp;nbsp; 你以为是校长吗？NO!市场的主导权永远在客户手里！&lt;br/&gt;&amp;nbsp;&amp;nbsp; 你以为是客户吗？NO!不信，请LOOK!&lt;br/&gt;&amp;nbsp;&amp;nbsp; 所有的市场都是因为需求产生的!当然，有需求也不一定有市场!是不是又蒙了！&lt;br/&gt;&amp;nbsp;&amp;nbsp; 培训学校真的客户是家长，那么必须了解家长的需求是什么？对吗？这个问题不着急，首先看看培训学校的产生背景：&lt;br/&gt;&amp;nbsp;&amp;nbsp; 大部分培训学校最早诞生是因为应试教育的迫切需求，而公立学校的老师却不能完全解决孩子学习的问题，对吗？所以家长才寻求公立学校之外的机构帮助，由此，培训学校就应运而生了。&lt;br/&gt;&amp;nbsp;&amp;nbsp; 早期的教育行业创业者都是教师出身，培训学校工作职能的精力都集中在教学上。所以，经过这么多年的发展，几乎现在还能存活下来的机构，教学质量都还是不错的。在同一个区域里，前几名的学校很难说谁的教学是最好的！当然，这得排除最近一两年刚刚进入的培训学校（有的学校虽是新开的，校长却从事教育很多年，其专业化也不可小视）。&lt;br/&gt;&amp;nbsp;&amp;nbsp; 这一点可以体现在：我们的校长每天都在想招聘到好的老师，往往却不想着招聘一个市场人员。当然了，你也可以说，我想招好一点的市场人员，但却没有！我们为什么不反过来考虑一下：为什么没有好一点的市场人员呢？这不是恰恰反映出了大多数同行以前都不注重市场、搭建团队吗？所以才导致没有我们想要的市场人才吗？（因为大部分人才都是挖来的，没有怎么挖呢？想知道就看看(狼团是怎样炼成的)文章）&lt;br/&gt;&amp;nbsp;&amp;nbsp; 家长需求和政府导向已经从对应试教育的迫切需求，往素质教育需求方面转变！这一点在市场中也可以略见一斑，市场中大量的关于素质教育的项目进入到培训学校，也是这一方面的体现。所以，我们到了该好好研究家长真正需求的时候了！打个比方：&lt;br/&gt;&amp;nbsp;&amp;nbsp; 消费者的需求就是病，我们的产品（课程或项目）就是药。我们只有找到他的病（需求），然后告诉他怎么药到病除（课程和项目的价值），同时还得买得起我们的药（购买力）！&lt;br/&gt;&amp;nbsp;&amp;nbsp; 这三个问题，都是我们在经营中必须要考虑的问题，如果家长的需求变了，而我们的提供的产品（课程或项目），没有能力解决他改变后的需求所需要的价值，那么我们提供的产品必将会被淘汰，他们不会选择的！&lt;br/&gt;&amp;nbsp;&amp;nbsp; 即使我们提供的东西能解决他改变后的需求，但是不要忘记了这个时候市场中还有我们的竞争对手存在！因为任何一个市场都不是孤立的，都是有很多个竞争对手存在的！是吗？&lt;br/&gt;&amp;nbsp;&amp;nbsp; 你会发现：市场是由我们自己、竞争对手、消费者（家长）三者共同组成的！理解吗？（好好看完，没有收获再删除！）&lt;br/&gt;&amp;nbsp;&amp;nbsp; 想成功，我们只有两条路：&lt;br/&gt;&amp;nbsp;&amp;nbsp; 要么是让消费者相信我们，&lt;br/&gt;&amp;nbsp;&amp;nbsp; 要么是超越竞争对手！&lt;br/&gt;&amp;nbsp;&amp;nbsp; 有时候市场中的产品，消费者尽管不是非常非常满意，但是，他选择的时候会退而求其次，选择他能力范围承受内最好的产品。你又想到了什么？快想一想，不要着急呢！接着看，慢慢来！&lt;br/&gt;那么我们首先看一看我们的家长在哪里呢？好好想一想再往下看，不着急！&lt;br/&gt;&amp;nbsp;&amp;nbsp; 我们的客户在哪里？&lt;br/&gt;&amp;nbsp;&amp;nbsp; 不是在对手那里！&lt;br/&gt;&amp;nbsp;&amp;nbsp; 就是在走向竞争对手的路上！&lt;br/&gt;&amp;nbsp;&amp;nbsp; 如果你认为这句话是对的！那么你会发现，前面说的可以成功的两条路，其实就只有一条路可以走，那就是超越对手。&lt;br/&gt;&amp;nbsp;&amp;nbsp; 一个学校的两大工作板块：一个是内部的产品（教学或项目）和管理（团队和流程），第二个是外部的营销和市场！&lt;br/&gt;&amp;nbsp;&amp;nbsp; 我们前面说过，在教学上，因为每一个培训学校都非常重视，所以，我们在教学上很难能完全让家长信服：我们能完全超越对手！既然在内部上，我们很难能向家长证明，我们超越对手有多少。（如果在内部板块上，你真的超越对手很多，那么你现在学校做得还是不错的。当然不代表没有压力，因为竞争的对手越来越多了）所以，我们的工作必须向外部转变！怎么转变？因为对手的存在，我们的职能：教学技术型转变为营销管理型，所以对手决定了我们学校的工作职能！&lt;br/&gt;&amp;nbsp;&amp;nbsp; 我们现在是在考虑单页怎么做、活动怎么做、会销怎么做！但你会发现，你们考虑的这些问题，其实只是营销当中非常小的一个板块，营销当中最重要的板块是策划，做这个活动或者做这次宣传背后是精准的定位家长还是定位对手非常重要！！策划是活动和宣传的灵魂，而单页、活动、会销只是外在存在的形式而已。&lt;br/&gt;&amp;nbsp;&amp;nbsp; 那么策划是干什么的呢？策划非常简单，它有两大职能，一是精准地定位于消费者，二是精准地定位于对手。所以，我们真的认为我们的学校工作职能从内部转向外部的话，那么从今天开始，你必须要做一件事情，就是专业化地用系统营销来做你的学校。而不是“我认为、我觉得、我想怎么样”！&lt;br/&gt;&amp;nbsp;&amp;nbsp; 当然这也不怪我们很多校长，是因为这两年在教育培训市场中，为学校服务的这么多公司当中，从严格意义上来说专业从事营销工作的不多，更多的就是拿一些经验在说话（我写过一篇文章《教育行业的真相和突破口》，你会系统地清楚我为什么会这样说话，绝对没有攻击对手的意思）。其实我知道大家看累了，对吧！&lt;br/&gt;&amp;nbsp;&amp;nbsp; 如果你今天不满意自己学校的招生（请各位校长明白，招生只是我们学校运营中的结果，结果是不可以改变的！招生不满意的话，就说明结果不满意！结果是由行为导出来的！我们真的不满意的是我们的招生，也就是我们现在一系列的招生工作！）&lt;br/&gt;&amp;nbsp;&amp;nbsp; 如果你做的招生行为和以往的招生行为是一样的，那么就请你停下来，因为结果不会好的！原因是：&lt;br/&gt;&amp;nbsp;&amp;nbsp; 一、因为你没有超越你以往的行为，所有不可能有比以往更好的结果。&lt;br/&gt;&amp;nbsp;&amp;nbsp; 二、我们没有关注对手。&lt;br/&gt;&amp;nbsp;&amp;nbsp; 如果我们做的事情不能在家长的心目中，让他认为我们是超越对手的，那么我们所做的一切事情都是无效的。这就相当于两个男孩子同时追求一个女孩子，一个男孩子如果想让这个女孩子答应他，他必须说他好，也必须说自己比另一个男孩子好，当然他也要让女孩相信他说的话，否则是无效的。&lt;br/&gt;&amp;nbsp;&amp;nbsp; 忙是一种状态，是为了让我们以后的结果更好，如果我们忙但是对应的结果却不好，我们就应该停下来，去思考，因为磨刀不误砍柴工。做学校就像打仗一样，俗话说，商战伐谋，你的谋在哪里？看累了吧？坚持往下看吧！好吗？&lt;br/&gt;&amp;nbsp;&amp;nbsp; 我之前写过很多篇文章，都是关于学校发展的，真心地希望大家可以好好看一看，对你们是有帮助的（这些文章都在天地人和的公众号）。作为校长，如果我们不清楚我们的谋在哪里，那么所有的行为都将是无力的，学校的职能已经从教学技术型转变为营销管理型，如果我们的思维还不转变，你会发现最后我们会被淘汰的，只有我们的意识转变了，我们的思维才会往那方面去思考，才能真的付出那样的行为，才能在这块领域当中，做得像之前我们的教学一样，那么用心。&lt;br/&gt;&amp;nbsp;&amp;nbsp; 亲爱的校长，不要再纠结了，你现在要做的应该是系统用营销来宣传自己的学校，来增得家长对你的认可，来超越你的对手。&lt;br/&gt;&amp;nbsp;&amp;nbsp; 因为你不进步，你的对手会在进步；你不重视，你的对手会重视。&lt;br/&gt;&amp;nbsp;&amp;nbsp; 好多人说，我们在市场中的困难，是因为我们有一个强大的对手：&lt;br/&gt;&amp;nbsp;&amp;nbsp; 不对的！！！&lt;br/&gt;&amp;nbsp;&amp;nbsp; 竞争对手是市场的组成部分，所以它是必须存在的。它给我们的带来的困扰不是它的事情，是因为我们自己不够努力，不够重视，不够专业。人的所有问题都是自己造成的，和别人没有关系，如果自己不愿意改变，即使现在的对手停滞不前，以后还会有更大的对手出现的。&lt;br/&gt;&amp;nbsp;&amp;nbsp; 如果你真的有目标，那么从今天开始就要行动起来，记住所有成功的人所关注的一切问题，付出的一些行为都和自己的目标有关系。只要关注的和目标没有关系，纠结和目标没有关系的事，这都是干扰和障碍！想一想你的目标在哪里，如果是把学校做大，那么从今天开始，你要行动起来，改变你的行为，改变你的思维，一定让它和我们的目标相匹配，学校的工作职能已经从内部转变到外部，那么你的工作也应该转变到外部，那就是真正的营销！&lt;/p&gt;','2016-08-16 14:45:38',17,'究竟是谁，决定了学校的发展？你以为是校长吗？NO!市场的主导权永远在客户手里！',8,0,705,1,0,1,0,89,0,'/Uploads/img/57b2b691f31e7.jpg','究竟是谁，决定了学校的发展？','2016-08-30 15:34:25'),(26,0,'&lt;p&gt;致重要的：&lt;br/&gt;&amp;nbsp;&amp;nbsp; 熟悉的陌生人！&lt;br/&gt;&amp;nbsp;&amp;nbsp; 我们并不相识，但是我们却处在同一个行业。经过近一年对这个行业的深入了解，同团队走访几千家学校之后，我深深地感受到，处在这个行业的你是多么的重要！ 你有信仰、有追求、有底线、有精神、你承载了万千个家庭的梦想！因为你是教育人，你承载了无数个家庭甚至国家的未来！所以，你真的很重要，我想和你好好说说话！&lt;br/&gt;&amp;nbsp;&amp;nbsp; 为什么说我要和你好好说说话呢？原因很简单，因为我们很多教育人都走了弯路，学校学了很多不该学的东西，做了很多不该做的事，让你陷入了困境、让你陷入了纠结、让你现在不舒服！请你认真地听我说两句，不要走开，可以吗？&lt;br/&gt;&amp;nbsp;&amp;nbsp; 关于管理：我想你听过最多的是“建立一套完整的工资、绩效等体系”，可是我想说的是，你听到的是对的，但是却不适合你！因为，所有的制度都是建立在员工高度认可的基础之上的！你要记住，制定法律容易，执行法律很难，认可法律更难！你需要做的是，让你的团队先认可你，再认可你的事业！否则，你做的一切所谓的完美的东西，都是假象！同时，你也不要忘记，私有企业和国有企业是不同的！私有企业没有权威性，而国有企业是有权威性的，等同于封建体制。我们学到更多的管理的思想，都是驭人之术。请你不要忘记，在私有企业中，一切资源、一切利润、一切损失都是老板的！而你的驭人之术只会让你陷入更多的困境。&lt;br/&gt;&amp;nbsp;&amp;nbsp; 这就是东西方管理方式的本质区别：&lt;br/&gt;&amp;nbsp;&amp;nbsp; 一种是控制员工，一种是成就员工。中国式管理存在太多的伪管理，当很多人告诉你，我们要像张瑞敏一样管理、要像董明珠一样管理、要像任正非一样管理的时候，你只需要做一件事，拿一个巴掌抽死他。因为他在害你，你要知道，你的学校作为一个小企业的体制和这些管理大佬们的是完全不同的，环境不同、土壤不同、长出的果实一定是不同的！（如果你想听，如果你真的想知道管理，我这边有一个半小时的免费语音可以发给你，只需要和我们的课程顾问预约就可以了）&lt;br/&gt;&amp;nbsp;&amp;nbsp; 不知道重要的你是否还有耐心看下去，如果可以，我想你好好地听我说，可以吗？&lt;br/&gt;&amp;nbsp;&amp;nbsp; 关于团队建设：我们过多地让团队嗨一次、释放一次、激情燃烧一次，让他在这种鸡血的状态下成长，是伪科学的！这就像被酒精麻醉了一样，酒劲过了就还原了。所谓的成长，就是在平静的状况下，被内心的感触和潜意识激发而产生出新的行为模式！因为心理决定思维，思维决定行为，行为决定结果！一个人的心智模式没有改变，企图用外在的、一刻的激情和欲望的渲染来改变他，那是天方夜谭。难道你忘记了马云先生说过的一句话，短暂的激情是不值钱的。我想接受过这样训练的学校，都受过伤害吧，有些员工接受了此类训练之后，自命不凡，反而离开了你的事情真的很多。你需要知道的是，告诉员工什么是真正的价值观，层次，修养，团队意识，理想，并且你要具备拥有训练他们达到此程度的能力和思维。&lt;br/&gt;&amp;nbsp;&amp;nbsp; 关于招生：你采取了很多策略，做了各种活动、宣传，在此我只想问：你觉得你真正的客户是孩子还是家长？是家长重要还是孩子重要？在家长心里，是他自己重要还是孩子重要？如果这三个问题搞清楚了，你就应该明白一件事情，你之前的那些招生策略到底是在迎合家长，还是帮助了孩子？永远记住一句话：君子悟本，本立而道生！本不定而生道，则道妄之！下面我只用一个观点来告诉你，那就是低价招生（排除策略性降价）：&lt;br/&gt;&amp;nbsp;&amp;nbsp; 如果你用了低价，我想问你，为了什么？&lt;br/&gt;&amp;nbsp;&amp;nbsp; 1.如果是为了圈一部分孩子进来，那么你要知道，当你转化率低的时候，圈的越多，离开的越多。走的那部分学生会怎么评价你？一定会说你不好！因为，人们总是会把责任推给别人。如果他说你好，却没有报课，你想别人会怎么评价他呢？只能说你不好！大家都知道，在一个地方做生意，口碑非常重要，如果你干了好多年，还没把学校干起来，那你就要清楚一件事情，有一部分家长在说你好，但是更多家长在说你不好！因为在一个地方，信息传递是非常快的，圈子很小，转个脸大家都认识。所以，你要清楚，你做了很多破坏口碑的事情。&lt;br/&gt;&amp;nbsp;&amp;nbsp; 2.你低价了以后，怎么再提价？如果并没有让家长认识到你的价值，那你就完蛋了，为什么LV很多人不讲价？原因是，消费者认为值！永远记住一句话：消费者在购买产品时所有的抱怨和纠结，都是在反映一个问题：你不值！其实，你真的不会塑造你的价值，而你学来的所谓的招生方案当中，永远缺少一块塑造价值这样重要的一环，只是迎合了家长而已。不要忘记，迎合就是讨好，你越讨好，他越挑剔，总是期望太多！（关于这一点，也可以咨询我们的课程顾问，他会告诉你方法的）&lt;br/&gt;&amp;nbsp;&amp;nbsp; 3.如果你做低价了以后，你的对手他也做低价，你怎么办？这个时候，如果你的对手很聪明，又比你有钱，那么请问，你知道后果是什么吗？他只需要做一件事就可以了，在你做低价策略快要结束的时候，他提出低价的策略，然后你做的工作就等于白费了。&lt;br/&gt;&amp;nbsp;&amp;nbsp; 4.当大机构进入到小城市的时候，低价还管用吗？答案是：当然不！他会用资本玩死你！&lt;br/&gt;&amp;nbsp;&amp;nbsp; 关于学习：我们很多人出去学习，其实是因为一时冲动！对某个讲师认可，产生情愫，你可否不要忘记你的目标！因为他说得再好，再有道理，如果和你的目标没有关系，那就是不好！你知道吗？当你吃面条的时候，有个人递过来一把叉子，有什么用呢？你需要的是一双筷子。太多太多的话一次说不完，下次吧！其实我知道，能坚持看到这句话的人不多！&lt;br/&gt;&amp;nbsp;&amp;nbsp; 总结：我就是想和你好好说说话，让你静下来，思考一下，想一想自己到底要什么？要做自己生命的主角呢，不要千里迢迢跑去装饰了别人的梦！&amp;nbsp;&amp;nbsp; &lt;br/&gt;&lt;/p&gt;','2016-08-16 14:46:30',17,'致重要的：熟悉的陌生人！我们并不相识，但是我们却处在同一个行业。',0,0,260,1,0,1,0,42,0,'/Uploads/img/57b2b6c61e279.jpg','我想和你说说话','2016-08-27 23:18:29'),(27,2,'&lt;p&gt;亲爱的各位校长&lt;/p&gt;&lt;p&gt;&amp;nbsp;&amp;nbsp; 大家好！&lt;br/&gt;&amp;nbsp;&amp;nbsp; 这一段时间是各个学校的招生旺季，当然，有些学校是常年招生的。鉴于这一段时间，很多学校向我们咨询招生的方案，今天就在这一封信里给大家讲解两套方案以及消费者购买产品的特点及阶段。很重要，请大家务必看完，谢谢！&lt;br/&gt;&amp;nbsp;&amp;nbsp; 消费者购买一样东西，分为五个阶段：&amp;nbsp;&amp;nbsp; &amp;nbsp;&lt;br/&gt;一、空白期 &amp;nbsp;&lt;br/&gt;二、观望期&amp;nbsp;&amp;nbsp;&amp;nbsp;&amp;nbsp;&amp;nbsp;&amp;nbsp;&amp;nbsp;&amp;nbsp;&amp;nbsp;&amp;nbsp;&amp;nbsp;&amp;nbsp;&amp;nbsp;&amp;nbsp; &amp;nbsp;&lt;br/&gt;三、准备期 &amp;nbsp;&lt;br/&gt;四、行动期 &amp;nbsp;&lt;br/&gt;五、持续期&lt;br/&gt;&amp;nbsp;&amp;nbsp; 我相信大家看到这些字面的东西，如果你了解一点点营销的话，你就会明白，消费者在这几个阶段，他是什么样的心理，应该用什么样的营销政策。下面我给大家一一讲解。&lt;/p&gt;&lt;p&gt;&amp;nbsp;&amp;nbsp; 空白期：是消费者对于一个产品进入市场中不了解的阶段。这个时候，一个产品进入市场（请大家注意，我们这里说的产品是课程和学校，消费者指的是家长和孩子），消费者是陌生的，我们必须加大宣传力度，让他知道我们的：名字、特点（和对手之间的区别）、作用（消费者使用过后产生的效果）、价值（消费者使用后产生的作用与没有使用这个产品的消费者之间有什么样的优势）、地址（产品销售所在地）等一切关于产品属性的介绍。&lt;br/&gt;&amp;nbsp;&amp;nbsp; 观望期：当一个消费者对产品了解以后，只是针对了这个产品了解而已，此时他并不一定会将这个产品与自己的需求相结合。也就是说，在这个期间，他有可能会认为这个产品对我有帮助，也可能认为这个产品对我没有帮助（这两点是基于他认为这个产品有价值的基础之上，如果这个产品没有价值，那么消费者是不会进入观望期的）。在这个期间，我们需要做的是：深挖消费者的需求（我们在前面很多的文章里，都已经将消费者的需求写清楚了，如果你还不知道的话，联系你的课程顾问，所有的文章都是免费的）。消费者的关注点在哪里，他的需求点就在哪里，这一点非常重要。因为他的关注点在哪里，他的行为和价值导向就会往哪里去关注。所以我们要记住，消费者的需求不是一成不变的，会随着时间、环境、国家政策、社会事件、灾害、社会热点、孩子成长等的变化而变化。（后面我们说的事件营销的方案，就是结合了社会热点事件，告诉大家怎么去招生）在观望期，我们必须要做的是要消费者清楚地明白一件事情，排除一切购买习惯以及购买力的干扰，我们的产品对他是有帮助的，使用了我们的产品，会解决他需求上的问题，解决他暂时处在的焦虑和担忧中的问题。如果我们做不到这一点，消费者不会再持续关注我们的产品。&amp;nbsp;&amp;nbsp; &lt;br/&gt;&lt;/p&gt;&lt;p&gt;&amp;nbsp;&amp;nbsp; 准备期：此期间是建立在消费者对产品了解了以后，也认为我们的产品能解决他的问题，准备购买或者不购买我们的产品。这个时候是销售的关键期（在前面我们已经说过，之所以有销售的产生，是因为市场中有对手存在，如果一个市场没有对手存在，我们是不需要做出任何销售主张的），在这个期间内，我们必须要做一件事情，就是找到对手的缺点，因为对手的缺点有可能就是满足不了家长需求的地方，恰恰就是消费者最关注的地方（这一点我们在分享课里已经详细说明，如果你认真听了，就会非常明白，如果你连分享课都没有听，那下面的方案你只需要去操作就可以了，不要问为什么，因为解释起来会很花时间）。找到了对手缺点，然后告诉消费者我们的产品恰恰有一部分的价值是弥补了对手的缺点。同时，我们还要告知消费者一点，对手的优点我们的产品也有，而我们还有一部分优点是对手没有的，恰恰是在未来一段时间内，消费者需要的（这是引导型消费）。这就是我们营销当中常用到的，我们不仅怎么样，而且还怎么样！&lt;br/&gt;&amp;nbsp;&amp;nbsp; 行动期：行动期是消费者购买我们的关键时期。因为这个时候，我们如果沟通不好的话，他有可能会远离我们，我们原先所有的基础都会因为这个时期没有做好而损失殆尽。所以，这个期间就是用不同的活动吸引消费者进来，不是指我们用低价这样最低级的方案。如果你的低价是因为策略性降价，OK，那是可以的，否则任何的低价是没有意义的。这个时候，你需要做的是：让消费者在购买的时候会产品兴奋的感觉——就是让他感觉到物超所值；让他感觉到，之前的了解只是片面的，我们还有更多的地方他没有了解到。这个时候，你要给家长说更多的东西、提供更多的服务、塑造更多的价值。这是学校推出招生活动的最密集期，因为我们在分享课里说过宣传其中的一个观点：联合----切割原理。联合一部分就会有一部分被排除在外，所以你要用不同的方案来吸引不同的群体（消费者分为三个群体，这里就不累述，不同的群体有不同的招生方案）。我们每一次的方案或活动，只能吸引喜欢这个活动和方案的人，所以，你要很清楚的是，你的消费者构成当中有哪些群体，然后不同的群体用不同的方案。这就是为什么我们的产品很好，很多人也认同却没有购买，原因是你每次的方式只是一部分喜欢，另外一部分人不喜欢。&lt;br/&gt;&amp;nbsp;&amp;nbsp; 持续期：指的是消费者已经购买我们的产品，在未来一段时间内会持续使用我们的产品。那么，我们经常说“专业吸引人，情感链接人”。专业是在宣传中体现的，情感是在持续期体现的。所以，你的服务就是体现出你的情感链接，那么你看一看，你对家长的服务是不是仅限于他买了课程的服务，没有其他的增值服务（这就像我们天地人和，我们不光让校长购买了我们的营销课程，还提供了一整年的免费方案和一整年的一对一跟踪服务，很多加入我们会员的校长，已经体会到我们每天晚上服务到12点钟对他们的作用是什么，推着他往前走，拽住他往前走，有困难帮助他解决，让他走得更好，方案执行中有任何问题及时调整，催着他做方案，关注方案进行到什么程度，这就是他感觉到的增值服务。无论你相不相信，这是事实，可以向我们的任何会员打听）。&lt;br/&gt;&amp;nbsp;&amp;nbsp; 下面我给大家讲一个方案，不包括《清凉一夏》的活动。因为《清凉一夏》方案在发给大家的文档当中已经解释得非常清楚了。请大家要理解，我们这次提供的方案是免费的，没有办法做到一对一地结合你的学校，有可能有的学校不适合，请你不要埋怨，因为我们对非会员的服务仅限于此，请理解！&lt;br/&gt;&amp;nbsp;&amp;nbsp; 下面介绍的方案，请大家回去直接去做就可以了，一个是《事件营销》，一个是《建群吸粉》的活动。请大家仔细往下看，下面说得非常清楚。 &amp;nbsp;&lt;br/&gt;&amp;nbsp;&amp;nbsp; 相信这一段时间大家都看到了一个新闻：贵州毕节市民留守儿童自杀事件。全社会都在关注，国家领导人都在关注，每个家庭都在关注，都在关注儿童的心理成长，这是一个大的社会问题，将在未来一段时间产生大的关注。这将在中国儿童教育史上成为一个大的教育事件，每一位关注儿童心理健康成长的社会人士都会把这件事情当成契机和引发点，如果作为事件营销的话，会快速地吸粉，并且增加家长的关注量。我们天天都说“专业吸引人，情感链接人”，这件事，如果我们做好的话，就利用了这件事的事件影响，植入了我们学校的品牌宣传。也会快速地提升我们学校的知名度、专业度，让更多的家长从对学校的空白期，直接转入观望期，甚至冲动型的家长会直接转化为行动期。因为这个事件引起了人们的大量恐慌，精准地定位人们的恐惧型心理。我们说过，因为恐惧心理的存在，他会寻求两个帮助：一是外部帮助，当家长寻求外部帮助的时候，这就是我们的价值，也是我们学校和其他学校快速区分的重要切入点，提出我们学校的差异化，提出我们不仅关注学生的×××教育（×××代表我们学校的科目），更提升了我们学校的层次，提出我们更关注孩子的综合素质培养；二是内部帮助，如果家长寻求内部帮助，这就是他侥幸的心理，这一点我们是必须要给他杀死的，因为他一旦寻求内部帮助，就放弃寻求外部帮助。听过正课的所有学员都是明白的，家长的侥幸心理一定会在认为这些自杀的孩子都是留守儿童，父母不在身边的，而大部分城里的孩子父母都是在身边的，他们会认为自己在孩子的身边，自己的孩子就不会有心理健康问题。那么这个时候，我们要用专业的语言告诉家长一件事情，孩子的心理健康与家长在不在身边没有必然的联系，因为孩子的心理健康取决于：家庭、学校、同学、教育、社会，而家长在这里面只起到了很少的作用，而且因为我们的家长在教育孩子上的专业是缺失的，有时候一个小的语言、小的行为、打骂、批评，甚至都会在孩子幼小的心灵里引发很多的心理影响。如果说你是学过心理学的，就可以利用这些切入点，写一篇非常好的文章，做成链接，大量地一对一转发，大量地让陌生人帮你转发，开展小型或者大型的讲座，即使不开讲座，也可以建群，以建群拉人的形式让家长进来，在群里给家长做一个“怎样培养一个健康的孩子”为主题的微信群的讲座。这样的影响力是无与伦比的，你会发现，因为现阶段家长更加地关注孩子的心理健康成长，他在孩子其他科目的教学上关注点就会降低。每个家长的购买都是因为自己的需求，关注点在哪里，需求就在哪里。（建群的时候，一定要在一己群里面放几个老家长，或者在结合一些没有在你家报课的家长，在里面无论是发红包还是发礼物，让他们给你拉人，开展小讲座把他们的关注点吸引过来。对于那些被拉的陌生家紧群的，一定要一对一加为好友，然后发你们学校管理宣传和招生的链接，让他了解你们的活动和学校。甚至如果你有能力的话，也可以写很多多的文章，发给家长快速地改变他对你学校的认知。也可以单独因为这个事件发单页或者与微信链接相结合进行宣传，让家长在这一刻的关注点转到你学校来，之前我们说过，销售产品就是抢占记忆，不知大家是否还记得？）&lt;br/&gt;&amp;nbsp;&amp;nbsp; 亲爱的各位校长，大家好，天地人和虽然成立的时间很短，但是我们对会员的服务却是无与伦比的，因为我们一直秉承着专业和严谨、承诺和成果来做人做事。在学校未来的发展中，你会越来越感受到有一个团队陪伴你成长是多少地重要，每天的电话、每个星期的YY课程、每个星期的一封会员信，还有两次正课是多少地重要！你可以观望、可以等待，因为看似你不相信我们有这个能力，其实错失的将是自己的机会。一万块钱对一个学校来说不算什么，如果它加快了你学校的发展，同时，增加了你的专业度，提高了你的营销意识和营销专业化，还帮你招到学生，我觉得这就是物超所值，这也是你必须要的东西。如果可以，请选择天地人和，接下来的一年里，让我们陪伴你、帮助你、呵护你、用心爱你！！！&lt;br/&gt;&amp;nbsp;&amp;nbsp; 我爱你们！&lt;/p&gt;','2016-08-16 14:47:39',17,'亲爱的各位校长：大家好！这一段时间是各个学校的招生旺季，当然，有些学校是常年',2,1,167,1,0,1,1,71,0,'/Uploads/img/57b2b70bdba0a.jpg','致天地人和非会员书','2016-08-31 17:39:44'),(28,1,'&lt;p&gt;各位亲爱的校长：&lt;br/&gt;&amp;nbsp;&amp;nbsp; 大家好！&lt;br/&gt;&amp;nbsp;&amp;nbsp; 无可否认，我们民办培训学校的确承载了中国大部分的教育梦想，弥补了公办学校教育的缺失，为中国教育承载了太多太多，付出了太多太多。对于大家的贡献和坚持的精神，我本人，抱以最崇高的敬意和最深深的祝福，祝大家越来越好！&lt;br/&gt;&amp;nbsp;&amp;nbsp; 因民办培训学校门槛低，什么人都可以做教育，造成了民办教育竞争越来越激烈，再加上了培养的优秀老师，也有可能成为竞争对手，让学生的流失和招生面临了更加艰巨的考验和挑战。在这里，我想说的是，大家是否还记得古人的一句话：挽弓当挽强，用箭当用长。射人先射马，擒贼先擒王。&lt;br/&gt;&amp;nbsp;&amp;nbsp; 我相信这句话，很多人都是有印象的，也不难理解。目前教育市场鱼龙混杂，由：我们自己、竞争对手、教育队伍、家长、孩子，甚至外来品牌组成。如果我们的精力过多地放在竞争对手、外来品牌，甚至等一系列问题上，你会发现，我们就会忽视了教育市场最重要的组成主体，那就是孩子和家长。也就是换句话说，我们要想赢，只有两条路：&lt;br/&gt;&amp;nbsp;&amp;nbsp; 一、搞定家长和孩子；&lt;br/&gt;&amp;nbsp;&amp;nbsp; 二、搞定对手。&lt;br/&gt;&amp;nbsp;&amp;nbsp; 你会发现，你很难能猜透对手在做什么，甚至，有的对手在市场上的确很强大了，短期内想干掉他的确很不容易。那么这个时候，我们是否可以转变一个思路，就像上面说的“擒贼先擒王”，直接搞定家长和孩子。在这里，我们就需要知道的是，家长作为民办教育的主体，他到底需要我们民办教育提供什么？他到底想要什么？这才是我们应该攻克的课题和研究的主要方向。如果这些问题我们搞清楚了，再把它宣传出去，我想，招生就迎刃而解了。&lt;br/&gt;&amp;nbsp;&amp;nbsp; 各位亲爱的校长，大家永远记住一句话：聪明人把复杂的问题简单化。我们要透过乱象来看本质，家长之所以在当地很多所学校中互相地考核、比较，然后去选择，无非就是他并不能确定哪一个学校到底满足自己。再换句话说，我们每一个培训学校的资源相对比较集中，就是周边几公里范围内进行招生，如果你做了三五年或者两三年了，真的做到了让家长非常满意，你学校提供的真的就是家长想要的，我想你就不用招生了，这种口碑传播就像病毒一样，迅速地蔓延到周边的三五公里。之所以家长一直说好，你认为口碑也很好，但是并没有做到像传统行业口碑非常好的老店的生意那样：排队、客户蜂拥而至等现象。那是因为，家长说的好只是表面的好，在他内心里，并没有真的认为你完全满足了我，说好，也只是比较而来，并不代表他完全满意。请各位校长认真地思考我说的这段话。&lt;br/&gt;&amp;nbsp;&amp;nbsp; 所以，去深思家长和孩子的需求，也就成了我们培训学校下一步招生计划当中最重要的课题。如果你的宣传，甚至你学校做的一切，都是满足家长和孩子的需求，家长并不傻，他知道他要什么，排除购买不起的原因，几乎都会来买你的东西。那么我们下面就看一看家长和孩子的需求到底是什么？&lt;br/&gt;&amp;nbsp;&amp;nbsp; 现在，家长的重要组成部分，是70后、80后占主要地位，未来是90后。我们国家经过这么多的年的经济改革，70后的家长也会慢慢发现一件可怕的事情：自己这一辈子经历了太多的不容易。他会去感同身受，知道自己有太多的苦，而父母又是善良的，就会希望自己的孩子将来压力小一点、快乐和幸福一点、健康一点。而80后的家长，更是一个特殊的群体，很多80后的人，自从2003年高考改革之后，大部分人都上了大学，但是他却发现一件事：上了大学，找工作真的很难，有时候还不如人家技术工赚得多，而很多在社会上成功的人，并不一定是专科知识学的有多好，而且综合素质和情商有多高。所以，他对于孩子的培养，也会感同身受，认为孩子的健康、综合素质的培养，会大于应试教育。那么换句话说回来，只要孩子健康快乐地成长，养成好的习惯，他的成绩也不会差到哪里去。&lt;br/&gt;&amp;nbsp;&amp;nbsp; 所以各位亲爱的校长，今天在这里，并不是想更给大家说太多，只想给大家说一句话：你真的知道家长和孩子的需求了吗？做生意，想成功、想赢，其实很简单，就是满足客户的需求，或者就是和对手不一样。那么我想请问的是，在以往的招生活动、宣传策划、学校推广中，你有多少工作的出发点是基于满足家长和孩子的真正需求的？如果只是停留在表面，就像隔靴挠痒一样，是不会有作用的。你和对手，至今到底有多少是差异的东西？有多少又是同质化的东西？这些都是我们培训学校要思考的问题，&lt;br/&gt;&amp;nbsp;&amp;nbsp; 今天，你们拿到的光盘，希望大家用心地看一下。我们之所以印这个光盘给大家，是培训学校校长挣点钱不容易，不要什么钱都花，更重要的是我们天地人和教育集团也想做一些力所能及范围内的事帮助大家。就是一句话：希望你们：真的好！如果光盘看得还不错，有时间走进我们的课堂，走进我们的分享课，只交场地费，不收其他费用的，来看一看、听一听，打开一下你的思路，看看我们讲的是不是和别人不一样。市面上给培训学校提供咨询的公司太多了，存在的年头也很久了，同一个方案，当地几十家的学校在用，家长都没有新鲜感了，你觉得还会有多大用？相信我们一次，给你一个不一样的结果，你要想成功，就不能和大多数人一样，因为你和他们一样的时候，只是代表你和他们一样普通。思维决定行为，行为决定结果！想要结果不一样，记住，行为必须不一样。&lt;br/&gt;&amp;nbsp;&amp;nbsp; 天地人和走过的路很短，但是帮助过会员学校已经达近千家，请相信我们，有能力给你一个不一样的发展前景，提供不一样的服务。每天工作到晚上12点，服务我们的会员学校：保姆式的服务，一对一地服务，方案贴近学校，专属于你，落地性强，一对一指导。来看一下，看看我说的是假话还是真话。这张纸上有我的二维码，方便的话，可以扫一下，如果我打扰你了，就删除。可以看一看的我的朋友圈，看看我写过的文章，对你都是有帮助的。如果你真的想成功，那就拿几分钟时间来改变一下自己，多学一点，我朋友圈的文章，看一看就知道值不值一看。谢谢大家，希望用心地看光盘，以后天地人和还会有这样免费的服务，请关注我们，获得免费的服务机会。&lt;br/&gt;祝福大家幸福安康，收获成功！&lt;/p&gt;','2016-08-16 14:48:13',17,'无可否认，我们民办培训学校的确承载了中国大部分的教育梦想，弥补了公办学校',9,0,1245,1,0,1,0,281,0,'/Uploads/img/57b2b72d39dcc.jpg','致民办培训学校校长的一封信','2016-08-31 20:52:55'),(29,5,'&lt;p&gt;亲爱的学友：&lt;br/&gt;&amp;nbsp;&amp;nbsp; 大家好！&lt;br/&gt;&amp;nbsp;&amp;nbsp; 今天并非心血来潮才给大家写这封信。之所以写这封信，是因为看到大家这段时间的努力，有的学友收获很大。真的非常感谢大家能相信我，相信天地人和。&lt;br/&gt;&amp;nbsp;&amp;nbsp; 今天我想说的是：&lt;br/&gt;什么样的行为，就有什么样的结果!&lt;br/&gt;这都是每个人都懂的道理。但是并不是所有人能都做到的。因为这句话有至少三层意思:&lt;br/&gt;1、今天的结果（现状）都是昨天及以前的行为造成的。&lt;br/&gt;2、想明天的结果比今天的结果好。今天必须付出比昨天更好的行为。&lt;br/&gt;3、今天的行为不再为以后造成不好的结果。（因为不好的结果都将是前进路上的障碍和以后要解决的麻烦）。（恳请各位日理万机的学友们百忙之中看完本篇文章）&lt;br/&gt;&amp;nbsp;&amp;nbsp; 亲爱的们，如果你们真的明白，就应该全力以赴的去做事。当然有的人会说，全力以赴的做也不一定有结果。这样说的人，无非就是不敢去拼一把。还给自己找借口。这样的思想很可怕！大家要记住：全力以赴的时候，智慧和灵感会因为专注而产生！这就是急中生智的道理。当然灵感的产生是建立在知识体系的容量大的基础之上产生的，没有健全的知识体系，急中生的不是智，是燥、恼、怒、烦等一系列情绪！&lt;br/&gt;&amp;nbsp;&amp;nbsp; 既然有可能一辈子都将在平庸中度过，而我们为什么不坦然点接受平庸呢！为什么不坦然接受，原因是不认命，既然不认命，为什么还纠结呢！既然纠结，为什么不干一把呢！&lt;br/&gt;&amp;nbsp;&amp;nbsp; 我们应该去拼一把，成了就成了，当然即使输了，我们也证明了自己不行，那样至少我们的收获是知道自己不行，就认命了，以后一辈子平庸下去，也就会坦然接受了。怕的是，不认命，还不拼一把。这样就可悲了。将一辈子被心理和现状双重折磨着。&lt;br/&gt;&amp;nbsp;&amp;nbsp; 已经告诉大家了，竞争的残酷就是你死我活。既然不是你死就是我死，那么为什么不自己活下来。很多人想着整合，整合是对的，但是，整合不是屌丝可以干的！看一看任何一个行业最终活下来的哪一个不是干掉无数个对手活下来的，这才是胜者为王（剩者为王）的真正含义。&lt;br/&gt;&amp;nbsp;&amp;nbsp; 这些道理不会因为人的意识为转移、因为每个行业的资源都有限、客户也有限。国家开放二胎政策的根本原因是因为孩子数量在每年减少，蛋糕有限，培训机构又什么人都能干，行业从业人士太多，每个人都占据一点，我们想吃的多，就必须让分蛋糕的人少一点。我们的出路只有两条：&lt;br/&gt;一、干掉别人&lt;br/&gt;二、被别人干掉&lt;br/&gt;&amp;nbsp;&amp;nbsp; 行业发展最后一定是资源越来越集中，门槛越来越高，专业化越来越强。慢慢的就不是什么人都可以干的。因门槛高了，消费者要求也高了，双重标准让很多人慢慢地就没有机会。请大家提高认识，不要在浪费时间。因为我们不做，不前进。可是对手在做，在前进。这就像一百米冲刺一样，比的是速度，别人不会因为你跌倒了都停下。本人平时写的很多文章都是在帮助大家系统的了解营销，掌握营销，感悟商业智慧，不要你的钱，为什么不看呢？&lt;br/&gt;&amp;nbsp;&amp;nbsp; 2016年，竞争开始了，而且会很激烈。恳请大家努力，好吗？因为一个校长就是一个老板。我们不是一个人在战斗，你背后还有员工，员工背后还有家庭，大家都需要你负责任的，你的责任很大，我们必须承担自己的责任才能成功！&lt;br/&gt;&amp;nbsp;&amp;nbsp; 多大的成功就承担多大的责任，不全力以赴的做事，其实是目标感不强，责任心不强的人！&lt;br/&gt;&amp;nbsp;&amp;nbsp; 我们承担的担子很大，拜托各位，动起来吧。好吗？&lt;br/&gt;&amp;nbsp;&amp;nbsp; 如果我们被对手干掉了，就会发现自己的很多年的努力都会付之东流，结果是：&lt;br/&gt;&amp;nbsp;&amp;nbsp; 1、我们的家长跑到对手那里&lt;br/&gt;&amp;nbsp;&amp;nbsp; 2、辛苦培养的老师跑到对手那里&lt;br/&gt;&amp;nbsp;&amp;nbsp; 3、甚至学校都被收购或者转让&lt;br/&gt;&amp;nbsp;&amp;nbsp; 这不是最重要的，重要是我们老板自己呢？&lt;br/&gt;&amp;nbsp;&amp;nbsp; 一、转行，这么熟悉的教育行业你都干不好，你还觉得哪个行业你还可以有机会或者能做好？&lt;br/&gt;&amp;nbsp;&amp;nbsp; 二、到对手那里打工！你好意思吗？不觉得丢人吗？&lt;/p&gt;','2016-08-16 14:48:43',17,'亲爱的学友：大家好！今天并非心血来潮才给大家写这封信。之所以写这封信',24,0,2096,1,0,1,0,450,0,'/Uploads/img/57b2b74b0ecc7.jpg','致全国民办校长的一封信','2016-08-31 20:50:39'),(30,2,'&lt;p&gt;&amp;nbsp;&amp;nbsp; 我们天天喊着要成功，要完成目标和理想，要知道目标和理想是纯洁和高尚的，不是什么人都可以玷污的，因为必须有和目标及理想相匹配的行为才可以。所以，大家不约而同的谈到了知行合一，那我们今天就一起谈谈什么是知行合一。知行合一，这个词语在很多语境里经常地被说到或提起，可人们在生活中，事业中要把“知行合一”落地却望而生畏。究其原因是因为想做到太难，这需要对人三种素质的境界有要求，即一个人的思想、意愿和行为的境界在什么层次上。&lt;br/&gt;&amp;nbsp;&amp;nbsp; 第一：思想【思维】的维度一个人有什么样的思维模式就会产生什么样的想法或思想，有什么样的想法和思想就会有什么样的信念，有什么样的信念就会有什么样的行为，有什么样的行为就会有什么样的结果。所以我们要想改变任何的结果就必须改变和拓宽自己的思想，因为思想才是一个生命的源头，也就是说思想是范畴，而行为及结果是内容，在我们的世界里永远是范畴决定内容，也就是说看不见的决定看得见的。比如说我们看不见空气，但它却决定这我们的生命。这意味着人要想取得更大的人生成果就必须提升思想的维度，那就是思维的创新，思维模式的固化是我们信念的最大障碍，所有的障碍都来自于你以为、你认为、你想等等，这也就是我们传统说的野路子。时代变了，属于时代的英雄也会因时代的结束而结束，不要总拿老眼光看待新环境、新问题，我们的思想必须要跟上这个快速发展的时代，否则我们那些可怜的所谓经验往往会成为我们的绊脚石。我们的代价来自于已知的世界，而真正的思想是让人进步的，而不是迎合的，让你舒服的往往会害死你，因为所有的学习和成功都是对不舒服的挑战和对未知世界的探索，这才能让我们进步，让我们强大。&lt;br/&gt;&amp;nbsp;&amp;nbsp; 第二：意愿【信念】的境界当时中国足球能走上世界杯， 时任总教练的米卢曾说过“态度决定一切”，几乎所有的行为的执行力都取决于态度，我们常说，心理决定思维，思维决定行为，行为决定结果。我们的意愿就是我们的心理对这件事情的渴望程度，这种渴望绝对不是嘴上说的，很多人活着都是活在了嘴上，我想怎样，我将来要怎样，却从来没有为他嘴上说的目标和理想去匹配强烈的百分之百意愿。我们之所以没有行动力，那是因为我们意愿上对目标和理想的渴望只是停留在空想上。当做的时候，我们心里充满了疑惑、恐惧、不安全、害怕，这些负能量都是来自于意愿度不高，或者说目标感不强，或者再难听一点就是根本没有目标。因为只要是人他都会幻想和空想，真正成功的人他是相信自己能做到，然后自己才做到的。所以大家记住，相信相信的力量，只有相信自己才会生发出强烈的意愿，有了百分之百的意愿才会想尽一切办法找到方法和工具，才会全力以赴完成自己想要的目标。所以，看看你的意愿在什么层次上，这也就是一个人只有确定层次之后，才能成为什么层次的人，如果说你现在想成功，那么你必须匹配成功人士的信念及意愿。&lt;br/&gt;&amp;nbsp;&amp;nbsp; 第三：行为【执行】的层次在谈到行动层次的时候，推荐一本王阳明先生的《心学》给大家看一看。马云先生说过：“一流的方案、三流的执行等于三流的方案；三流的方案、一流的执行等于一流的方案”。所以大家全力以赴的行动必须要高效，高效的意思就是说一切与目标有关，和目标没关的都是干扰。我们还要提醒自己，必须注意行动的方式、方法和技巧。因为变是永远不变的真理，凡事懂得变通。因为成功永远都不是直达列车，它会有很多挫折，很多困难，而人尽管有百分之百意愿度，做事上也应该讲究方法。这就像有些讲师在讲课的时候，他讲得也很好，但是你落不了地，原因很简单他在照本宣科，按课件给你讲，（这些讲师排除那种信口开河的和肤浅经验之谈的人）他不知道你什么时候该做什么事，什么事情能做，什么事情不能做，能做的事情是当下做还是以后做，不能做的事情是现在不能做还是永远不能做。而导师就不同，他不光讲内容，还在工作中训练你，什么时间做什么样的事。讲师和导师的最大区别，讲师只喜欢讲理论，没有太多的实践，当然，那种连理论都没有的，只用经验说，连讲师都算不上。很简单，经验没有理论做依据，只是他生活中做过的一些点滴成功的小个案，只是一个外在形式的呈现，这种个案一旦离开了当时的环境、当时的时间、当时的人，往往就变成了障碍，而如果他有能力用理论依据来结合他的成功经验告诉你怎么做，这可就不是讲师了，这已经达到了导师的最低级别了。而有些人都只是经验之谈。&lt;br/&gt;&amp;nbsp;&amp;nbsp; 什么是导师？&lt;br/&gt;&amp;nbsp;&amp;nbsp; 第一，不但懂系统理论，而且自己实操过；&lt;br/&gt;&amp;nbsp;&amp;nbsp; 第二，不但自己以道驭术，还教会你怎样成为导师。&lt;br/&gt;大家可以看一看在这个社会上很多曾经成功的人一旦时代变了，都被淘汰了。原因很简单，首先肯定他是很聪明的人，他在那个时代摸索出了符合那个时代的路子，但是时代变了，他又不懂得变通，所以就被淘汰了。而真正的在商场叱嗟风云的人物，有没有发现他们都是高学历的学院派加实战派，他们不但用理论支撑自己的行为，而且环境变了，他还懂得根据实际情况变通，规律始终是恒一不变的。无论怎样解决恐惧、困惑、痛苦最有效的手段就是有效的行动。&lt;br/&gt;&amp;nbsp;&amp;nbsp; 综上所述，一个要成功的人必须匹配相应的思想、意愿及行动，并高度统一，才能够真正的知行合一创造辉煌。你真的了解知行合一了吗？&lt;/p&gt;','2016-08-16 14:49:49',17,'我们天天喊着要成功，要完成目标和理想，要知道目标和理想是纯洁和高尚的',2,0,382,1,0,1,0,102,0,'/Uploads/img/57b2b78d6f8e0.jpg','校长，我们有资格谈目标和理想吗?','2016-08-31 20:48:20'),(31,4,'&lt;p&gt;&amp;nbsp;&amp;nbsp; 最近走访很多学友，发现大家对学校发展方向很模糊，如果我们对自己发展方向不清楚，即使目前有收获，未来也很糟糕，因为方向是错的，结果一定是错的；如果我们方向是对的，即使我们的努力收获很小，但是积累到一定程度后，就会有突破，为什么方向对了以后，我们刚开始的努力收获很小呢？原因是因为从零基础到大的收获，要有一个积累过程。因为刚开始积累的结果必须是从量变才能到达质变。&lt;br/&gt;&amp;nbsp;&amp;nbsp; 今天我就告诉大家学校发展的具体方向： &lt;br/&gt;一．大规模化&lt;br/&gt;&amp;nbsp;&amp;nbsp; 任何企业想做到大规模化，都有两个大特征：&lt;br/&gt;&amp;nbsp;&amp;nbsp; 1. 利润率比较低：因为规模大，占有的市场份额多，就面临大竞争，价格不能高，因为竞争化比较大，我们想存活，就必须提升我们的产品质量。同时，还要让消费者用最低的价格购买我们的产品，让更多消费者消费，否则就不可能叫规模化。比如，越是大的学校，他们的利润率都比较低，越是大规模企业，利润率都比较低，海尔利润才1%左右，也就是说海尔卖出一台电器2000元，利润还不到20元，格力在空调行业的品牌是最大的，而它的利润率也就是7%左右，例如2000左右的空调，格力的利润也就是100多。这已经是行业比较高的利润了！试问，民办教育行业的利润高到了什么程度？！从这一点看，就说明这一行业真正的竞争根本没有来临，甚至大部分校长都不接受大规模学校利润偏低的规律，可想而知，发展会多么缓慢！行业竞争到最后，也就是营销的本质是：给消费者提供最大的利他性和产品价值。也就是价格适中，产品质量还要非常好。&lt;br/&gt;&amp;nbsp;&amp;nbsp; 2. 人工成本相对来说比较高：因为大规模化，就需要更多的人员，因为质量更高，需要的行业人才就更多。企业归根结底比拼的是人才，因为人才代表科技，代表最先进的生产力，最先进的生产力的成本一定很高。比如，你甚至要想进入互联网行业，即使是很小的互联网公司也很难做下去，因为一个中级的软件工程师年薪都需要60万左右，一个初级的网络公司都需要一到两百名工程师，你会发现，光人才成本，你都支付不了。为什么大规模的公司人才成本会高呢？原因很简单，任何一个行业都缺人才，只有用高工资，才能把人才圈在手里，没有人，什么事都做不了。因为提高了用人成本，也是阻断对手和自己竞争，增进对手的成本，同时，因高薪圈住的人才，也让更多的竞争对手无人才可用。因为所有的事情都是人做出来的。试问，民办培训行业的校长，你们还不赶快用高工资把老师圈在手里，还要等待何时？更何况已经告诉大家了，一个企业的执行力重要三大因素之一就是分配机制。毛主席干掉蒋介石就是因为他的分配机制满足了大多数的群众，而蒋介石的分配机制只满足了少部分人。&lt;br/&gt;&amp;nbsp;&amp;nbsp; 二．小而美&lt;br/&gt;&amp;nbsp;&amp;nbsp;如果我们学校的规模比较小，或者说我们的能量就只能做小学校也没有关系，你就做小而美就可以了，因为小而美也可以赚很多钱。小而美想赚很多钱，就是利润率比较高。怎样才能做到利润率比较高呢？&lt;br/&gt;&amp;nbsp;&amp;nbsp; 1. 稀缺性：试问任何行业的奢侈品品牌，先不说产品质量如何，就说在供应量上，必须满足：稀缺性。因为稀缺性才会物以稀为贵。比如，如果LV不限量供应的话，想都不用想，它的价格一定不能像现在这样高。因为稀缺性就会让消费者感受到优越感，所以，店面装修、老师的状态、服务质量、专业的程度、群体性都有严格的要求。&lt;br/&gt;&amp;nbsp;&amp;nbsp; 2.质量高：小儿美的东西，对质量有严格的要求，一定比大规模化的产品质量高。试问一下，你到大品牌的专卖店去看一下，奢侈品品牌的专卖店看一下，哪一个产品的质量不好？绝对不是参差不齐的！小而美的东西也可以做到一定的规模化，那就是做到专卖店的连锁。每一个专卖店都要保证小而且质量要好，规模化是因为店的数量多，加在一起才产生规模化。&lt;/p&gt;&lt;p&gt;&amp;nbsp;&amp;nbsp; 单店规模化适合在小的地方，也就是三四线城市，例如，一个县城开一家比较大的超市，不用想，都知道开业的时候，人一定会很多。（我并不说是这样的规模化的大超市，装修和产品不讲究，也一定是要质量、场地、服务很好情况下）你会发现，好多地方因为资源比较集中，宣传面积比较小，很容易渗透，特别容易跟风和从众消费，口碑传播特别快！所以在这样的地方开学校，一定要稍微大一点，因为小地方，学校辐射的面积相对比较大。&lt;br/&gt;&amp;nbsp;&amp;nbsp; 一二线城市，因为交通时间成本、便捷性、人和人之间的情感比较淡泊，口碑宣传比较弱，即使有大超市，也渴望更多社区便利店的出现和专卖店的出现。&lt;br/&gt;&amp;nbsp;&amp;nbsp; 学校想做到小而美，就必须做最重要的一点：每一个老师的教学能力都比较强悍，比如，你现在有三个老师，其中只有两个老师的教学水平比较高。那么，另外一个不会教的老师必须要快速培训到业务状态很好才能带孩子，如果他现在已经带学生了，你就要做到不能再给他增加学生了，或者现在就停课，即使会有一点点损失，这样也是让我们保证口碑足够好，同时，增加服务，甚至，不好的孩子都要清退！前期更要增大宣传量，让更多的家长知道你们的学校，都来报名，但是因为我们的稀缺性，只接收很少的孩子。而且不是什么样孩子都可以在我们学校上课的。&lt;/p&gt;&lt;p&gt;&amp;nbsp;&amp;nbsp; 我们很多人就是因为太注重当下的利益，忘记了对方向性东西的把握，方向性东西的的把握必须要去除干扰，和当下利益的诱惑。我们要知道自己要什么，如果要事业，就不能被小利所诱惑，因为事业的最终的成功，一定是包括钱的，甚至是大钱的。所以，每年赚到钱，千万别都花在自己身上，要为我们第二年的发展、合理化投入，预留资金。一个企业最终的成功，比的是领导人的：德行、胸怀、格局、自制力、决断力！&lt;br/&gt;&amp;nbsp; &amp;nbsp;利润率：是指我们的盈利比率=（收入-成本）/孩子总数&lt;br/&gt;〖（成本=单店所能容纳孩子最高数量X80%所需要的所有老师支出费用+学校行政开支+营销费用+场地费）/单店所能容纳孩子最高数量X80%&amp;nbsp;&amp;nbsp;&amp;nbsp;备注：乘以80%的原因是因为每一个学校很少能达到孩子数量饱和，所以我们提前算出我们的预算成本只能保守按80%的数量来计算〗&lt;br/&gt;&amp;nbsp;&amp;nbsp; 规模：就是指一个学校孩子总数/当地同类科目总数，用这个比率就可以知道我们在当地的市场占有率。一个学校辐射三到五公里范围，我们就知道我们学校即使招满了孩子，它在当地所占的市场比率是多少，如果我们的比率过小或者过大，都决定我们学校的发展未来。&lt;br/&gt;&amp;nbsp; &amp;nbsp;请大家一定要认真看，看完以后选择自己的未来发展方向，教育行业的机会和整合就在眼前，拿出勇气来，拿出格局来，做点大事，不要自以为是，现实会把自以为是的人打趴下的。&lt;/p&gt;','2016-08-16 14:50:35',17,'最近走访很多学友，发现大家对学校发展方向很模糊，如果我们对自己发展方向不清楚',21,0,872,1,0,1,0,291,0,'/Uploads/img/57b2b7bb6625a.jpg','培训学校发展关键词','2016-08-31 23:04:36'),(33,0,'&lt;p&gt;&lt;span style=&quot;white-space: nowrap;&quot;&gt;&lt;br/&gt;&lt;/span&gt;&lt;/p&gt;&lt;p&gt;&lt;span style=&quot;white-space: nowrap;font-family:微软雅黑, Microsoft YaHei&quot;&gt;&lt;strong&gt;&amp;nbsp; &amp;nbsp; &amp;nbsp; &amp;nbsp;导语&lt;/strong&gt;：小成果，大宣传，搞定家长之前先了解家长的性格特点，掌握邀约的话术技巧。&lt;/span&gt;&lt;/p&gt;&lt;p&gt;&lt;span style=&quot;white-space: nowrap;font-family:微软雅黑, Microsoft YaHei&quot;&gt;&amp;nbsp; &amp;nbsp; &amp;nbsp; &amp;nbsp;&lt;/span&gt;&lt;span style=&quot;white-space: nowrap; line-height: 1.42857; font-family: 微软雅黑, &amp;#39;Microsoft YaHei&amp;#39;;&quot;&gt;&lt;strong&gt;关键词&lt;/strong&gt;：邀约 &amp;nbsp;宣传 &amp;nbsp;领导力 &amp;nbsp;&lt;/span&gt;&lt;span style=&quot;white-space: nowrap; line-height: 1.42857;&quot;&gt;&amp;nbsp;&amp;nbsp;&lt;/span&gt;&lt;/p&gt;&lt;p&gt;&lt;span style=&quot;white-space: nowrap;&quot;&gt;&amp;nbsp; &amp;nbsp; &amp;nbsp;&amp;nbsp;&lt;/span&gt;&lt;/p&gt;&lt;p&gt;&lt;span style=&quot;white-space: nowrap;&quot;&gt;&amp;nbsp; &amp;nbsp; &amp;nbsp;&amp;nbsp;&lt;span style=&quot;font-size:12px;color:#7f7f7f&quot;&gt;成果有哪几个方面？一是教学成果；二是师资力量；三是教学方法；四是教研、师训；五是同行的观摩；&lt;/span&gt;&lt;/span&gt;&lt;/p&gt;&lt;p&gt;&lt;span style=&quot;white-space: nowrap;&quot;&gt;&lt;span style=&quot;font-size:12px;color:#7f7f7f&quot;&gt;&amp;nbsp; &amp;nbsp; &amp;nbsp; 六是领导的视察。依据这六点去做，做宣传，提升学校的形象。&lt;/span&gt;&lt;/span&gt;&lt;/p&gt;&lt;p&gt;&lt;span style=&quot;white-space: nowrap;font-size:12px;color:#7f7f7f&quot;&gt;&amp;nbsp; &amp;nbsp; &amp;nbsp; 人类的教育是让孩子养成什么样的性格，这一点很关键。中国人有三大典型的性格，哪三大典型的性格呢？&amp;nbsp;&lt;/span&gt;&lt;/p&gt;&lt;p&gt;&lt;span style=&quot;white-space: nowrap;font-size:12px;color:#7f7f7f&quot;&gt;&lt;br/&gt;&lt;/span&gt;&lt;/p&gt;&lt;p&gt;&lt;span style=&quot;white-space: nowrap;font-size:12px;color:#7f7f7f&quot;&gt;&amp;nbsp; &amp;nbsp; &amp;nbsp;&lt;strong&gt; 一、自卑&lt;/strong&gt;&lt;/span&gt;&lt;/p&gt;&lt;p&gt;&lt;span style=&quot;white-space: nowrap;font-size:12px;color:#7f7f7f&quot;&gt;&amp;nbsp; &amp;nbsp; &amp;nbsp; 因为自卑，所以人会表现出两种状态：急躁和不自信：因为越不行，他越急躁，为了掩饰自己不行，他就暴躁；&lt;/span&gt;&lt;/p&gt;&lt;p&gt;&lt;span style=&quot;white-space: nowrap;font-size:12px;color:#7f7f7f&quot;&gt;&amp;nbsp; &amp;nbsp; &amp;nbsp; 干任何事情都不自信。所以如果一个孩子他被教育成自卑了，这个孩子以后，一会暴躁、急躁，你会发现他什&lt;/span&gt;&lt;/p&gt;&lt;p&gt;&lt;span style=&quot;white-space: nowrap;font-size:12px;color:#7f7f7f&quot;&gt;&amp;nbsp; &amp;nbsp; &amp;nbsp; 么事也做不了。所以教育孩子的第一个性格是自信，而不是自卑。&lt;/span&gt;&lt;/p&gt;&lt;p&gt;&lt;span style=&quot;white-space: nowrap;font-size:12px;color:#7f7f7f&quot;&gt;&amp;nbsp; &amp;nbsp; &amp;nbsp; &lt;strong&gt;二、没有勇气。&lt;/strong&gt;你会发现很多人在小时候被别人指责和抱怨之后，就没有了勇气。没有勇气的两个特点：&lt;/span&gt;&lt;/p&gt;&lt;p&gt;&lt;span style=&quot;white-space: nowrap;font-size:12px;color:#7f7f7f&quot;&gt;&amp;nbsp; &amp;nbsp; &amp;nbsp; 1. 他特别没有安全感。&lt;/span&gt;&lt;/p&gt;&lt;p&gt;&lt;span style=&quot;white-space: nowrap;font-size:12px;color:#7f7f7f&quot;&gt;&amp;nbsp; &amp;nbsp; &amp;nbsp; 2. 不信任，他对任何人都不信任。因为自己内心没有安全感，他就怀疑、担心、恐惧、害怕，最后就造成了不&lt;/span&gt;&lt;/p&gt;&lt;p&gt;&lt;span style=&quot;color: rgb(127, 127, 127); font-size: 12px; white-space: nowrap; line-height: 1.42857;&quot;&gt;&amp;nbsp; &amp;nbsp; &amp;nbsp; 相信别人。&lt;/span&gt;&lt;br/&gt;&lt;/p&gt;&lt;p&gt;&lt;span style=&quot;white-space: nowrap;font-size:12px;color:#7f7f7f&quot;&gt;&amp;nbsp; &amp;nbsp; &amp;nbsp; 所以我们需要让孩子有勇气，有勇气他就会敢接受挑战，敢承担责任，敢去探索未知世界。就有信念、有目标，&lt;/span&gt;&lt;/p&gt;&lt;p&gt;&lt;span style=&quot;color: rgb(127, 127, 127); font-size: 12px; white-space: nowrap; line-height: 1.42857;&quot;&gt;&amp;nbsp; &amp;nbsp; &amp;nbsp; 愿意为目标付出，大家想想是不是这个道理？&lt;/span&gt;&lt;br/&gt;&lt;/p&gt;&lt;p&gt;&lt;span style=&quot;white-space: nowrap;font-size:12px;color:#7f7f7f&quot;&gt;&amp;nbsp; &amp;nbsp; &amp;nbsp; &lt;strong&gt;三、自私&lt;/strong&gt;&lt;/span&gt;&lt;/p&gt;&lt;p&gt;&lt;span style=&quot;white-space: nowrap;font-size:12px;color:#7f7f7f&quot;&gt;&amp;nbsp; &amp;nbsp; &amp;nbsp; 很多人都自私，自私有两大表现：&lt;/span&gt;&lt;/p&gt;&lt;p&gt;&lt;span style=&quot;white-space: nowrap;font-size:12px;color:#7f7f7f&quot;&gt;&amp;nbsp; &amp;nbsp; &amp;nbsp; 1. 贪婪&lt;/span&gt;&lt;/p&gt;&lt;p&gt;&lt;span style=&quot;white-space: nowrap;font-size:12px;color:#7f7f7f&quot;&gt;&amp;nbsp; &amp;nbsp; &amp;nbsp; 2. 虚荣&lt;/span&gt;&lt;/p&gt;&lt;p&gt;&lt;span style=&quot;white-space: nowrap;font-size:12px;color:#7f7f7f&quot;&gt;&amp;nbsp; &amp;nbsp; &amp;nbsp; 所以，教育孩子的性格有三个方面：让孩子自信，让孩子有勇气，让孩子懂得奉献。&amp;nbsp;&lt;/span&gt;&lt;/p&gt;&lt;p&gt;&lt;span style=&quot;white-space: nowrap;font-size:12px;color:#7f7f7f&quot;&gt;&lt;br/&gt;&lt;/span&gt;&lt;/p&gt;&lt;p&gt;&lt;span style=&quot;white-space: nowrap;font-size:12px;color:#7f7f7f&quot;&gt;&amp;nbsp; &amp;nbsp; &amp;nbsp; 无论你和家长怎么沟通，你首先要懂得一件事情，就是孩子的需要是什么？教育对于孩子来说需要的是什么？&lt;/span&gt;&lt;/p&gt;&lt;p&gt;&lt;span style=&quot;white-space: nowrap;font-size:12px;color:#7f7f7f&quot;&gt;&amp;nbsp; &amp;nbsp; &amp;nbsp; 我现在告诉大家一件事情，家长的需要是什么，家长的需要只有一个，很多人会笑，说：德飞老师怎么可能只&lt;/span&gt;&lt;/p&gt;&lt;p&gt;&lt;span style=&quot;white-space: nowrap;font-size:12px;color:#7f7f7f&quot;&gt;&amp;nbsp; &amp;nbsp; &amp;nbsp; 有一个呢？真的就只有一个——让孩子健康、幸福的成长。 &amp;nbsp; &amp;nbsp;&lt;/span&gt;&lt;/p&gt;&lt;p&gt;&lt;span style=&quot;white-space: nowrap;font-size:12px;color:#7f7f7f&quot;&gt;&amp;nbsp; &amp;nbsp; &amp;nbsp; 所以这个家庭教育、那个家庭教育，这个心理学、那个心理学，都是让孩子有那三个性格的。让家长修正自己&lt;/span&gt;&lt;/p&gt;&lt;p&gt;&lt;span style=&quot;white-space: nowrap;font-size:12px;color:#7f7f7f&quot;&gt;&amp;nbsp; &amp;nbsp; &amp;nbsp; 人性弱点，就可以解决一切。&lt;/span&gt;&lt;/p&gt;&lt;p&gt;&lt;span style=&quot;white-space: nowrap;font-size:12px;color:#7f7f7f&quot;&gt;&amp;nbsp; &amp;nbsp; &amp;nbsp; 刚才我们说的中国人的三大特点：自卑、没有勇气、自私。我们统称为性格弱点。因为消费者性格的弱点，即&lt;/span&gt;&lt;/p&gt;&lt;p&gt;&lt;span style=&quot;white-space: nowrap;font-size:12px;color:#7f7f7f&quot;&gt;&amp;nbsp; &amp;nbsp; &amp;nbsp; 使你很优秀，他也不会选择，所以记住消费者的自卑、没有勇气和自私。如果他都说了，你家挺好的。你就要&lt;/span&gt;&lt;/p&gt;&lt;p&gt;&lt;span style=&quot;white-space: nowrap;font-size:12px;color:#7f7f7f&quot;&gt;&amp;nbsp; &amp;nbsp; &amp;nbsp; 在这几件事情上做文章了，因为自卑、没有勇气和自私干扰了他的选择。&lt;/span&gt;&lt;/p&gt;&lt;p&gt;&lt;span style=&quot;white-space: nowrap;font-size:12px;color:#7f7f7f&quot;&gt;&lt;br/&gt;&lt;/span&gt;&lt;/p&gt;&lt;p&gt;&lt;span style=&quot;white-space: nowrap;font-size:12px;color:#7f7f7f&quot;&gt;&amp;nbsp; &amp;nbsp; &amp;nbsp; 下面给大家讲邀约中常遇到的事情，无论是沟通话术也好，还是别的也好，都是邀约过程中遇到的事情。所以&lt;/span&gt;&lt;/p&gt;&lt;p&gt;&lt;span style=&quot;white-space: nowrap;font-size:12px;color:#7f7f7f&quot;&gt;&amp;nbsp; &amp;nbsp; &amp;nbsp; 我们现在要清醒地知道一个概念，因为人性的弱点，家长会有哪些毛病：&lt;/span&gt;&lt;/p&gt;&lt;p&gt;&lt;span style=&quot;white-space: nowrap;font-size:12px;color:#7f7f7f&quot;&gt;&amp;nbsp; &amp;nbsp; &amp;nbsp; 第一，拖拉&lt;/span&gt;&lt;/p&gt;&lt;p&gt;&lt;span style=&quot;white-space: nowrap;font-size:12px;color:#7f7f7f&quot;&gt;&amp;nbsp; &amp;nbsp; &amp;nbsp; 第二，都是打电话来的，烦死了；都是发单页的，这样的会参加多了，我都不相信。&lt;/span&gt;&lt;/p&gt;&lt;p&gt;&lt;span style=&quot;white-space: nowrap;font-size:12px;color:#7f7f7f&quot;&gt;&amp;nbsp; &amp;nbsp; &amp;nbsp; 第三，到底说的是不是真实的，会不会又干什么？&lt;/span&gt;&lt;/p&gt;&lt;p&gt;&lt;span style=&quot;white-space: nowrap;font-size:12px;color:#7f7f7f&quot;&gt;&amp;nbsp; &amp;nbsp; &amp;nbsp; 第四，家长对于你们打了很多次电话表示反感怎么办？&lt;/span&gt;&lt;/p&gt;&lt;p&gt;&lt;span style=&quot;white-space: nowrap;font-size:12px;color:#7f7f7f&quot;&gt;&amp;nbsp; &amp;nbsp; &amp;nbsp; 所以，当家长担心的时候，就说出来你们的案例，案例就是你们的成果，说给家长听，通过成果再告诉家长我&lt;/span&gt;&lt;/p&gt;&lt;p&gt;&lt;span style=&quot;white-space: nowrap;font-size:12px;color:#7f7f7f&quot;&gt;&amp;nbsp; &amp;nbsp; &amp;nbsp; 们能帮到你的孩子。&lt;/span&gt;&lt;/p&gt;&lt;p&gt;&lt;span style=&quot;white-space: nowrap;font-size:12px;color:#7f7f7f&quot;&gt;&lt;br/&gt;&lt;/span&gt;&lt;/p&gt;&lt;p&gt;&lt;span style=&quot;white-space: nowrap;font-size:12px;color:#7f7f7f&quot;&gt;&amp;nbsp; &amp;nbsp; &amp;nbsp; 那么，面对家长不相信怎么办？&lt;/span&gt;&lt;/p&gt;&lt;p&gt;&lt;span style=&quot;white-space: nowrap;font-size:12px;color:#7f7f7f&quot;&gt;&amp;nbsp; &amp;nbsp; &amp;nbsp; &lt;strong&gt;第一个，家长拖拉，要说时间对孩子的重要性；&lt;/strong&gt;&lt;/span&gt;&lt;/p&gt;&lt;p&gt;&lt;span style=&quot;white-space: nowrap;font-size:12px;color:#7f7f7f&quot;&gt;&lt;strong&gt;&amp;nbsp; &amp;nbsp; &amp;nbsp;第二个，家长说打电话烦死了，所有学校都一样，这时候你就要说真相，说出你和别人不一样的地方；&lt;/strong&gt;&lt;/span&gt;&lt;/p&gt;&lt;p&gt;&lt;span style=&quot;white-space: nowrap;font-size:12px;color:#7f7f7f&quot;&gt;&lt;strong&gt;&amp;nbsp; &amp;nbsp; &amp;nbsp;第三个，家长担心你的真实性，你就要说你的案例。&lt;/strong&gt;&lt;/span&gt;&lt;/p&gt;&lt;p&gt;&lt;span style=&quot;white-space: nowrap;font-size:12px;color:#7f7f7f&quot;&gt;&amp;nbsp; &amp;nbsp; &amp;nbsp; 这个时候你要记住一个原理，叫“联合就是切割”原理。什么意思？就是我要联合一部分，我就要切割一部分；&lt;/span&gt;&lt;/p&gt;&lt;p&gt;&lt;span style=&quot;white-space: nowrap;font-size:12px;color:#7f7f7f&quot;&gt;&amp;nbsp; &amp;nbsp; &amp;nbsp; 有一部分人喜欢我，我就要联合他，我就要切割一部分不喜欢我的人。所以这个问题不需要解决，只要有目标&lt;/span&gt;&lt;/p&gt;&lt;p&gt;&lt;span style=&quot;white-space: nowrap;font-size:12px;color:#7f7f7f&quot;&gt;&amp;nbsp; &amp;nbsp; &amp;nbsp; 感的人都不会去想的。 &amp;nbsp; &amp;nbsp; &amp;nbsp; &amp;nbsp;&lt;/span&gt;&lt;/p&gt;&lt;p&gt;&lt;span style=&quot;white-space: nowrap;font-size:12px;color:#7f7f7f&quot;&gt;&amp;nbsp; &amp;nbsp; &amp;nbsp; &lt;strong&gt;最后一件事情，家长问，这个活动有用吗？&lt;/strong&gt;我参加这么多，一点都没用，都一样。&lt;/span&gt;&lt;/p&gt;&lt;p&gt;&lt;span style=&quot;white-space: nowrap;font-size:12px;color:#7f7f7f&quot;&gt;&amp;nbsp; &amp;nbsp; &amp;nbsp; 这个时候请一定记住，不要反驳家长的话。你怎么能说没有用呢？你又没有参加，你怎么知道的呢？不要反驳&lt;/span&gt;&lt;/p&gt;&lt;p&gt;&lt;span style=&quot;white-space: nowrap;font-size:12px;color:#7f7f7f&quot;&gt;&amp;nbsp; &amp;nbsp; &amp;nbsp; 任何消费者的话。&lt;/span&gt;&lt;/p&gt;&lt;p&gt;&lt;span style=&quot;white-space: nowrap;font-size:12px;color:#7f7f7f&quot;&gt;&amp;nbsp; &amp;nbsp; “是的，您说的是对的，这样的活动的确有很多是有问题的。”所以当家长说出问题的时候，家长其实说的是结&lt;/span&gt;&lt;/p&gt;&lt;p&gt;&lt;span style=&quot;white-space: nowrap;font-size:12px;color:#7f7f7f&quot;&gt;&amp;nbsp; &amp;nbsp; &amp;nbsp; 果，这个结果是怎么产生的呢？是行为产生的。什么样的行为产生什么样的结果。所以，你要跟家长分析，产&lt;/span&gt;&lt;/p&gt;&lt;p&gt;&lt;span style=&quot;white-space: nowrap;font-size:12px;color:#7f7f7f&quot;&gt;&amp;nbsp; &amp;nbsp; &amp;nbsp; 生不好的结果的原因是什么，有可能请的嘉宾不好，有可能主持方面没有主持经验，有可能是内容不合适。所&lt;/span&gt;&lt;/p&gt;&lt;p&gt;&lt;span style=&quot;white-space: nowrap;font-size:12px;color:#7f7f7f&quot;&gt;&amp;nbsp; &amp;nbsp; &amp;nbsp; 以你要说，先肯定他说的话，同时说出他说的结果是什么原因产生的，告诉他我们是怎么改进和别人不一样的。&lt;/span&gt;&lt;/p&gt;&lt;p&gt;&lt;span style=&quot;white-space: nowrap;font-size:12px;color:#7f7f7f&quot;&gt;&amp;nbsp; &amp;nbsp; &amp;nbsp; 只要你反驳家长说，不是的，你不能这么认为，你就死定了。因为这个时候你是和他站在对立面了。 一旦造成&lt;/span&gt;&lt;/p&gt;&lt;p&gt;&lt;span style=&quot;white-space: nowrap;font-size:12px;color:#7f7f7f&quot;&gt;&amp;nbsp; &amp;nbsp; &amp;nbsp; 对立面的时候，你说的任何一句话他都要反驳。因为他要赢回来，越是普通人，越自卑；越自卑，越急躁；越急&lt;/span&gt;&lt;/p&gt;&lt;p&gt;&lt;span style=&quot;white-space: nowrap;font-size:12px;color:#7f7f7f&quot;&gt;&amp;nbsp; &amp;nbsp; &amp;nbsp; 躁，越怕别人不认可；越怕别人不认可，他就越反抗；越反抗，越对抗；越对抗，越不相信。&lt;/span&gt;&lt;/p&gt;&lt;p&gt;&lt;span style=&quot;white-space: nowrap;font-size:12px;color:#7f7f7f&quot;&gt;&lt;br/&gt;&lt;/span&gt;&lt;/p&gt;&lt;p&gt;&lt;span style=&quot;white-space: nowrap;font-size:12px;color:#7f7f7f&quot;&gt;&amp;nbsp; &amp;nbsp; &amp;nbsp; 最后再问一遍，他说有用吗？怎么怎么样。还有问效果怎么样？这个时候其实是他的“没有勇气”出现了。当他&lt;/span&gt;&lt;/p&gt;&lt;p&gt;&lt;span style=&quot;white-space: nowrap;font-size:12px;color:#7f7f7f&quot;&gt;&amp;nbsp; &amp;nbsp; &amp;nbsp; 说，真的像你说的这样吗？效果到底怎么样？其实就是他的没有勇气的担心出来了。那这个担心怎么办？你要消&lt;/span&gt;&lt;/p&gt;&lt;p&gt;&lt;span style=&quot;white-space: nowrap;font-size:12px;color:#7f7f7f&quot;&gt;&amp;nbsp; &amp;nbsp; &amp;nbsp; 除他的担心：放心吧，不会骗你的，我们做了这么多次了，我们的口碑在这里，骗你干什么？骗你我们辛辛苦苦&lt;/span&gt;&lt;/p&gt;&lt;p&gt;&lt;span style=&quot;white-space: nowrap;font-size:12px;color:#7f7f7f&quot;&gt;&amp;nbsp; &amp;nbsp; &amp;nbsp; 建立的口碑就没了。这个时候你要说的是给他安全感，让他信任你。那么就跟他说：骗你干什么？我们干了那么&lt;/span&gt;&lt;/p&gt;&lt;p&gt;&lt;span style=&quot;white-space: nowrap;font-size:12px;color:#7f7f7f&quot;&gt;&amp;nbsp; &amp;nbsp; &amp;nbsp; 多年了，那么好的口碑，那么多的家长信任我们，难道我们会骗你一个人把我们的口碑搞坏吗？那也太得不偿失&lt;/span&gt;&lt;/p&gt;&lt;p&gt;&lt;span style=&quot;white-space: nowrap;font-size:12px;color:#7f7f7f&quot;&gt;&amp;nbsp; &amp;nbsp; &amp;nbsp; 了吧。&lt;/span&gt;&lt;/p&gt;&lt;p&gt;&lt;span style=&quot;white-space: nowrap;font-size:12px;color:#7f7f7f&quot;&gt;&lt;br/&gt;&lt;/span&gt;&lt;/p&gt;&lt;p&gt;&lt;span style=&quot;white-space: nowrap;font-size:12px;color:#7f7f7f&quot;&gt;&amp;nbsp; &amp;nbsp; &amp;nbsp; 在《心理学》当中，有一个数字叫7，同样的话说7遍，对别人来说是一种催眠。所以这样的话，你要说7遍。放&lt;/span&gt;&lt;/p&gt;&lt;p&gt;&lt;span style=&quot;white-space: nowrap;font-size:12px;color:#7f7f7f&quot;&gt;&amp;nbsp; &amp;nbsp; &amp;nbsp; 心吧，没事的，相信我，我们做了很多年了，值得你信任，没问题的，来吧，一定会好的，相信我。要重复说这&lt;/span&gt;&lt;/p&gt;&lt;p&gt;&lt;span style=&quot;white-space: nowrap;font-size:12px;color:#7f7f7f&quot;&gt;&amp;nbsp; &amp;nbsp; &amp;nbsp; 样的话，而且越快越好，越快越有底气。&lt;/span&gt;&lt;/p&gt;&lt;p&gt;&lt;span style=&quot;white-space: nowrap;font-size:12px;color:#7f7f7f&quot;&gt;&amp;nbsp; &amp;nbsp; &amp;nbsp; 这就是你们解说活动的重要的地方，总而言之，解说活动也无非以下几点：&lt;/span&gt;&lt;/p&gt;&lt;p&gt;&lt;span style=&quot;white-space: nowrap;font-size:12px;color:#7f7f7f&quot;&gt;&amp;nbsp; &amp;nbsp; &amp;nbsp; 时间、地点、嘉宾、流程、我们保证不会出状况、对孩子的帮助、作用，以及让他信任你。&lt;/span&gt;&lt;/p&gt;&lt;p&gt;&lt;span style=&quot;white-space: nowrap;font-size:12px;color:#7f7f7f&quot;&gt;&amp;nbsp; &amp;nbsp; &amp;nbsp;&amp;nbsp;&lt;/span&gt;&lt;/p&gt;&lt;p&gt;&lt;span style=&quot;white-space: nowrap;font-size:12px;color:#7f7f7f&quot;&gt;&amp;nbsp; &amp;nbsp; &amp;nbsp; 最后，在邀约家长的时候，我们老师的状态必须调整，老师无论是谁，打电话要本着三个原则，叫&lt;strong&gt;电话的三大&lt;/strong&gt;&lt;/span&gt;&lt;/p&gt;&lt;p&gt;&lt;span style=&quot;white-space: nowrap;font-size:12px;color:#7f7f7f&quot;&gt;&lt;strong&gt;&amp;nbsp; &amp;nbsp; &amp;nbsp;原则&lt;/strong&gt;。 &amp;nbsp; &amp;nbsp;&lt;/span&gt;&lt;/p&gt;&lt;p&gt;&lt;span style=&quot;white-space: nowrap;font-size:12px;color:#7f7f7f&quot;&gt;&amp;nbsp; &amp;nbsp; &amp;nbsp; &lt;strong&gt;第一，老师的态度要坚定。&lt;/strong&gt;&lt;/span&gt;&lt;/p&gt;&lt;p&gt;&lt;span style=&quot;white-space: nowrap;font-size:12px;color:#7f7f7f&quot;&gt;&lt;strong&gt;&amp;nbsp; &amp;nbsp; &amp;nbsp;第二，老师打电话的情绪，微信语音的情绪。情绪一定要高昂，情绪一定要快乐。因为只有这样，才能&lt;/strong&gt;&lt;/span&gt;&lt;/p&gt;&lt;p&gt;&lt;strong style=&quot;color: rgb(127, 127, 127); font-size: 12px; white-space: nowrap; line-height: 1.42857;&quot;&gt;&amp;nbsp; &amp;nbsp; &amp;nbsp;传递正能量给别人。&lt;/strong&gt;&lt;br/&gt;&lt;/p&gt;&lt;p&gt;&lt;span style=&quot;white-space: nowrap;font-size:12px;color:#7f7f7f&quot;&gt;&lt;strong&gt;&amp;nbsp; &amp;nbsp; &amp;nbsp;第三是最重要的，就是打电话必须本着简单、真实、有效。&lt;/strong&gt;&lt;/span&gt;&lt;/p&gt;&lt;p&gt;&lt;span style=&quot;white-space: nowrap;font-size:12px;color:#7f7f7f&quot;&gt;&amp;nbsp; &amp;nbsp; &amp;nbsp; 其实做校长的都是企业家。你要知道企业家只管三件事情，第一是自身的领导力必须要提高，你不提高领导力，&lt;/span&gt;&lt;/p&gt;&lt;p&gt;&lt;span style=&quot;white-space: nowrap;font-size:12px;color:#7f7f7f&quot;&gt;&amp;nbsp; &amp;nbsp; &amp;nbsp; 就永远搞不定你的员工；第二你一定要懂得管理，因为没有人，你是永远创造不了价值的，所以必须要有人；第&lt;/span&gt;&lt;/p&gt;&lt;p&gt;&lt;span style=&quot;white-space: nowrap;font-size:12px;color:#7f7f7f&quot;&gt;&amp;nbsp; &amp;nbsp; &amp;nbsp; 三要懂得团队的训练，因为孩子是教育出来的，员工也是教育出来的。老板一定要有领导力，企业的文化一定要&lt;/span&gt;&lt;/p&gt;&lt;p&gt;&lt;span style=&quot;white-space: nowrap;font-size:12px;color:#7f7f7f&quot;&gt;&amp;nbsp; &amp;nbsp; &amp;nbsp; 交给你自己来塑造，不能交给任何人。因为企业文化就是精神领袖，人家信仰了其他员工的精神文化，你就死定&lt;/span&gt;&lt;/p&gt;&lt;p&gt;&lt;span style=&quot;white-space: nowrap;font-size:12px;color:#7f7f7f&quot;&gt;&amp;nbsp; &amp;nbsp; &amp;nbsp; 了。你什么都不干，你教学不会也行，招生不会也行，都可以让别人来做，因为能力的事都可以交给别人来做，&lt;/span&gt;&lt;/p&gt;&lt;p&gt;&lt;span style=&quot;white-space: nowrap;font-size:12px;color:#7f7f7f&quot;&gt;&amp;nbsp; &amp;nbsp; &amp;nbsp; 但是领导力和团队文化，以及管理这些东西你必须要做。否则能量都给别人了。&lt;/span&gt;&lt;/p&gt;&lt;p&gt;&lt;span style=&quot;white-space: nowrap;font-size:12px;color:#7f7f7f&quot;&gt;&amp;nbsp; &amp;nbsp; &amp;nbsp; 很多人说管心真难，不难。你只要来听我的&lt;strong&gt;《心学》&lt;/strong&gt;，你的心就比谁都大；你只要听团队建设，你的团队建设&lt;/span&gt;&lt;/p&gt;&lt;p&gt;&lt;span style=&quot;white-space: nowrap;font-size:12px;color:#7f7f7f&quot;&gt;&amp;nbsp; &amp;nbsp; &amp;nbsp; 肯定没有问题；你只要听管理，你的管理智慧绝对没问题。我不骗大家，这是多年经验的积累和总结。&lt;/span&gt;&lt;/p&gt;&lt;p&gt;&lt;span style=&quot;white-space: nowrap;font-size:12px;color:#7f7f7f&quot;&gt;&amp;nbsp; &amp;nbsp; &amp;nbsp; 你要知道我们整个教育行业讲管理的人，和讲营销的人，有多少人是真的实践出来的？有多少人是听出来乱说&lt;/span&gt;&lt;/p&gt;&lt;p&gt;&lt;span style=&quot;white-space: nowrap;font-size:12px;color:#7f7f7f&quot;&gt;&amp;nbsp; &amp;nbsp; &amp;nbsp; 的&lt;/span&gt;&lt;span style=&quot;color: rgb(127, 127, 127); font-size: 12px; white-space: nowrap; line-height: 1.42857;&quot;&gt;？你们要明白，这可不像方法，随便说，没问题。但是收心的、智慧范畴的东西，那些真的是要体验才能知&lt;/span&gt;&lt;/p&gt;&lt;p&gt;&lt;span style=&quot;color: rgb(127, 127, 127); font-size: 12px; white-space: nowrap; line-height: 1.42857;&quot;&gt;&amp;nbsp; &amp;nbsp; &amp;nbsp; 道。&lt;/span&gt;&lt;/p&gt;&lt;p&gt;&lt;br/&gt;&lt;/p&gt;','2016-08-30 12:05:51',17,'小成果，大宣传，搞定家长之前先了解家长的性格特点，掌握邀约的话术技巧。（附德飞老师语音）',0,0,35,0,1,2,0,35,0,'/Uploads/img/57c6d37a4a65f.jpg','如何做到邀约家长到校','2016-08-31 20:54:18'),(35,0,'&lt;p style=&quot;line-height: 22.8571px; white-space: normal;&quot;&gt;我们去做咨询，必须要懂的几件事——咨询师具备的素质，咨询的常识与咨询话术。&lt;/p&gt;&lt;p style=&quot;line-height: 22.8571px; white-space: normal;&quot;&gt;&lt;strong&gt;一、咨询师必备的素质&lt;/strong&gt;&lt;/p&gt;&lt;p style=&quot;line-height: 22.8571px; white-space: normal;&quot;&gt;首先我们去做咨询的时候，咨询的工作人员要具备的几个必要的素质，&lt;/p&gt;&lt;p style=&quot;line-height: 22.8571px; white-space: normal;&quot;&gt;&amp;nbsp; &amp;nbsp; 1. 要懂得热情&lt;/p&gt;&lt;p style=&quot;line-height: 22.8571px; white-space: normal;&quot;&gt;&amp;nbsp; &amp;nbsp; 2. 要懂得礼节&lt;/p&gt;&lt;p style=&quot;line-height: 22.8571px; white-space: normal;&quot;&gt;&amp;nbsp; &amp;nbsp; 3. 要做到思维清晰&lt;/p&gt;&lt;p style=&quot;line-height: 22.8571px; white-space: normal;&quot;&gt;&amp;nbsp; &amp;nbsp; 4. 相信。这是最重要的，要相信你们的东西很好&lt;/p&gt;&lt;p style=&quot;line-height: 22.8571px; white-space: normal;&quot;&gt;&amp;nbsp; &amp;nbsp; 5. 表达能力没问题&lt;/p&gt;&lt;p style=&quot;line-height: 22.8571px; white-space: normal;&quot;&gt;&amp;nbsp; &amp;nbsp; 6. 就是我们常说的，一个人要有粘性，最重要的就是粘性。&lt;/p&gt;&lt;p style=&quot;line-height: 22.8571px; white-space: normal;&quot;&gt;&amp;nbsp; &amp;nbsp; 7. 就是咨询中也是最重要的，叫专业。什么叫专业呢？这个专业可不是说，我是专&lt;span style=&quot;line-height: 1.42857;&quot;&gt;业的咨询人士，而是你要懂得你的专业，在你这个上面这个专业。所以咨询师应该懂得&lt;/span&gt;&lt;span style=&quot;line-height: 1.42857;&quot;&gt;一点儿童心理的东西，儿童家庭教育的一点点东西。他要具备的是应该是咨询师他是综&lt;/span&gt;&lt;span style=&quot;line-height: 1.42857;&quot;&gt;合素质人才，他什么都能和家长聊。&lt;/span&gt;&lt;/p&gt;&lt;p style=&quot;line-height: 22.8571px; white-space: normal;&quot;&gt;&amp;nbsp; &amp;nbsp; 所以你的老师要专业，对本行要非常非常的轻松，这就需要大量地培训老师，培训三个方面的基础知识：&lt;/p&gt;&lt;p style=&quot;line-height: 22.8571px; white-space: normal;&quot;&gt;&lt;/p&gt;&lt;p style=&quot;line-height: 22.8571px; white-space: normal;&quot;&gt;&amp;nbsp; &amp;nbsp; 1. 我们产品的系统知识&lt;/p&gt;&lt;p style=&quot;line-height: 22.8571px; white-space: normal;&quot;&gt;&amp;nbsp; &amp;nbsp; 2. 关于教育类的知识&lt;/p&gt;&lt;p style=&quot;line-height: 22.8571px; white-space: normal;&quot;&gt;&amp;nbsp; &amp;nbsp; 3. 市场知识&lt;/p&gt;&lt;p style=&quot;line-height: 22.8571px; white-space: normal;&quot;&gt;&amp;nbsp; &amp;nbsp; 同时，咨询师不能做三件事，哪三件事？&lt;/p&gt;&lt;p style=&quot;line-height: 22.8571px; white-space: normal;&quot;&gt;&amp;nbsp; &amp;nbsp; 1. 不能装精明 &amp;nbsp;&amp;nbsp;&lt;/p&gt;&lt;p style=&quot;line-height: 22.8571px; white-space: normal;&quot;&gt;&amp;nbsp; &amp;nbsp; 2. 不能邋遢 &amp;nbsp; &amp;nbsp;&lt;/p&gt;&lt;p style=&quot;line-height: 22.8571px; white-space: normal;&quot;&gt;&amp;nbsp; &amp;nbsp; 3. 最重要的一点，眼神要专注对方。&lt;/p&gt;&lt;p style=&quot;line-height: 22.8571px; white-space: normal;&quot;&gt;&amp;nbsp; &amp;nbsp; 除了基本的素质外，还需要结合咨询师的个人素养。&lt;/p&gt;&lt;p style=&quot;line-height: 22.8571px; white-space: normal;&quot;&gt;&amp;nbsp; &amp;nbsp; 首先第一条自信，必备的个人素质与其他的那几种素质都是可以培养的，个人素养是培养不出来的，一定是先天具备，请记住一定要自信。&lt;/p&gt;&lt;p style=&quot;line-height: 22.8571px; white-space: normal;&quot;&gt;&amp;nbsp; &amp;nbsp; 第二个是勇气，勇气就是敢于和家长交流。&lt;/p&gt;&lt;p style=&quot;line-height: 22.8571px; white-space: normal;&quot;&gt;&amp;nbsp; &amp;nbsp; 第三点注意的是咨询师要具备的最重要的一个素养，是奉献精神，一个特别自私的人是做不好咨询师的。&lt;/p&gt;&lt;p style=&quot;line-height: 22.8571px; white-space: normal;&quot;&gt;&amp;nbsp; &amp;nbsp;&lt;/p&gt;&lt;p style=&quot;line-height: 22.8571px; white-space: normal;&quot;&gt;&lt;strong&gt;二、咨询的常识&lt;/strong&gt;&lt;/p&gt;&lt;p style=&quot;line-height: 22.8571px; white-space: normal;&quot;&gt;&amp;nbsp; &amp;nbsp; 1. 产品的作用&lt;/p&gt;&lt;p style=&quot;line-height: 22.8571px; white-space: normal;&quot;&gt;&amp;nbsp; &amp;nbsp; &amp;nbsp; （1）差异化的作用，就是我们与对手比有一个差异化，我们好在哪里。比如说对手他是48次课教会音标，我们是24节课教会音标，我们的差异化就是让孩子短期内记住音标，节省孩子的学习时间，同时我们的音标又很准，又很棒。或者说，我们是外教教的音标，一定要说你和别人家的差异化。&lt;/p&gt;&lt;p style=&quot;line-height: 22.8571px; white-space: normal;&quot;&gt;&amp;nbsp; &amp;nbsp; &amp;nbsp; （2）产品本身的功能。比如说音乐本身的功能是可以让一个孩子学钢琴以后陶冶他的情操，让他内心很富足、很快乐，坚持学习钢琴的孩子会怎么怎么样，这就是产品本身的作用。如果我们没有办法给客户说清楚我们产品本身的功能的话，客户就不知道学习这个东西到底有什么用，而我们现在的咨询最麻烦的这一块，可能会说我们家考级考得好，我们家什么什么好，那是你们家的差异化，但是产品本身却没有塑造这个价值。&lt;/p&gt;&lt;p style=&quot;line-height: 22.8571px; white-space: normal;&quot;&gt;&amp;nbsp; &amp;nbsp; 2. 我们产品的优势是什么？就是孩子学了我们的东西会比学了别人的东西的优势在&lt;span style=&quot;line-height: 1.42857;&quot;&gt;在哪？这点很重要。如果咨询师不知道产品的优势，都没有办法给家长讲更多的东西。&lt;/span&gt;&lt;/p&gt;&lt;p style=&quot;line-height: 22.8571px; white-space: normal;&quot;&gt;&amp;nbsp; &amp;nbsp; 3. 我们家的案例是什么？一定要写案例，一定要把案例了解清楚。比如说，你是加盟了别人的项目，但是你当地还没做，别人做了，你就把这个项目的背景和项目在其他地方的案例说出来，因为他能在其他地方有效果，在我们地方也有效果。你要懂得给家长解释，给家长说。有一部分人用好了以后，口碑传播。最早无论你做什么样的知名度广告，总是有一部分人听，一部分人选择，有一部分人怀疑，慢慢那一部分人用的效果好以后，口碑传到这些怀疑的人身上，这些怀疑的人慢慢相信了也会用，就会带动更多不用的人。&lt;/p&gt;&lt;p style=&quot;line-height: 22.8571px; white-space: normal;&quot;&gt;&amp;nbsp; &amp;nbsp; 《品牌时代已经来临了》那篇文章我发给了我们每个学友，在那里面详细说了品牌运作的宣传。我说过，营销就是在消费者的脑袋里插上钉子，同时也在消费者的脑袋里拔钉子，插上属于我们企业记忆的钉子，拔掉别的企业的钉子。好多人做活动做两次就不做了，做一次就不做了，你知名度宣传都不够，你凭什么招生好啊？你就宣传一次，你怎么可能好呢？这个方案不适合，那个方案不适合，哪个方案适合呢？&lt;/p&gt;&lt;p style=&quot;line-height: 22.8571px; white-space: normal;&quot;&gt;&amp;nbsp; &amp;nbsp; 4. 我们学校的教材理念。为什么要有教学理念呢？因为教学的理念代表着你们的行&lt;span style=&quot;line-height: 1.42857;&quot;&gt;为准则是什么，就是你们家的文化和行为准则就是这个样子的，它是行为准则的一个标准和标签，所以当咨询师和家长谈理念的时候就了不起了。&lt;/span&gt;&lt;/p&gt;&lt;p style=&quot;line-height: 22.8571px; white-space: normal;&quot;&gt;&amp;nbsp; &amp;nbsp; 5. 价格政策及排课。&lt;/p&gt;&lt;p style=&quot;line-height: 22.8571px; white-space: normal;&quot;&gt;&amp;nbsp; &amp;nbsp; &amp;nbsp; &amp;nbsp;这个就是对我们产品本身的进行的属性了解，是最基础的。&lt;/p&gt;&lt;p style=&quot;line-height: 22.8571px; white-space: normal;&quot;&gt;&amp;nbsp; &amp;nbsp; 6. 熟悉学校的具体信息和情况。&lt;/p&gt;&lt;p style=&quot;line-height: 22.8571px; white-space: normal;&quot;&gt;&amp;nbsp; &amp;nbsp; &amp;nbsp; &amp;nbsp;你了解的越多，家长觉得你待的时间长。你在一个企业里待的时间越长，你说这个企业好的时候，别人才会相信你。如果这个企业不行的话，你早就不在这里待着了，所以这也是侧面了解。请永远记住，咨询就是细节活，有可能你咨询的99%让家长都满意，就1%没做到，就完了。&lt;/p&gt;&lt;p style=&quot;white-space: normal; line-height: 24px;&quot;&gt;&lt;br/&gt;&lt;/p&gt;&lt;p style=&quot;white-space: normal; line-height: 24px;&quot;&gt;&lt;strong&gt;三、咨询的话术&lt;/strong&gt;&lt;/p&gt;&lt;p style=&quot;line-height: 22.8571px; white-space: normal;&quot;&gt;&amp;nbsp; &amp;nbsp; &amp;nbsp;1. 针对不信任的家长怎么办？&lt;/p&gt;&lt;p style=&quot;line-height: 22.8571px; white-space: normal;&quot;&gt;&amp;nbsp; &amp;nbsp; &amp;nbsp;2. 对于在乎价格的家长，很多家长上来就会问，你的价格怎么样？ &amp;nbsp; &amp;nbsp;&lt;/p&gt;&lt;p style=&quot;line-height: 22.8571px; white-space: normal;&quot;&gt;&amp;nbsp; &amp;nbsp; &amp;nbsp;3. 家长还会说，那我再考虑考虑吧，以后再说。这样的家长他内心里要么就是对价格有担心，要么就是对产品不满意，这时你要说不要紧慢慢考虑，能不能告诉我你在考虑或者担心什么吗？这个时候要问，要懂得发问了，一旦他说出他的担心——价格，你就按照第二个回答，价格对应的是价值，价值对应的是保证，对吧？如果家长一再说就是我们孩子现在不着急，我看一看再说，这个时候会出现一种什么状态呢？第一种，如果他说是价格，你就按照刚才第二种情况回答。&lt;/p&gt;&lt;p style=&quot;line-height: 22.8571px; white-space: normal;&quot;&gt;&amp;nbsp; &amp;nbsp; 第一个价格问题，那个价格你刚才跟他说了。第二个价格因为刚才已经回答完了，&lt;span style=&quot;line-height: 1.42857;&quot;&gt;第二个就是不着急还有时间呢。这个时候你要记住，就跟家长说，是的，还有时间呢，其实你不用担心也不用考虑，我们这边挺好的，因为你今天定下来以后会怎么怎么样，你今天不定下来以后会怎么怎么样。记住在这个时候如果感觉到家长不在乎时间是在拖延，这种拖延症我们要给家长讲清楚，时间对于孩子的重要性是什么。记住了吗？时间对于孩子的重要性是什么。&lt;/span&gt;&lt;/p&gt;&lt;p style=&quot;line-height: 22.8571px; white-space: normal;&quot;&gt;&amp;nbsp; &amp;nbsp; “好了这事以后再说，我考虑考虑。”它会衍生出很多很多问题，第一个是价格，第二个是时间，第三个就是我回去和我的爱人商量一下。这个时候他要说我回去和谁谁商量一下，其实代表着什么呢？他有担心或者没有决策权，这个时候你要给他谈什么问题呢？就一点，我相信你的爱人和你一样爱你的孩子，你的爱人对我们的情况不了解，你是了解的，你也知道我们能帮到你的孩子，你就决定在我们这儿学习吧，没关系的，如果你的爱人有担心，你下次和她一起过来，我来跟你们说，即使到时候你们不满意，我也可以退给你们。&lt;/p&gt;&lt;p style=&quot;line-height: 22.8571px; white-space: normal;&quot;&gt;&amp;nbsp; &amp;nbsp; 总而言之，不要让他回去和他爱人商量，你要告诉他一件事就是，你的爱人不了解，你商量是没用的，你应该把你的爱人带到我们这儿来，他们以后几乎很少会把爱人带过来的，带过来你不担心，你能咨询得让他满意就能咨询得让他爱人满意，所以对于他们回去和谁谁商量的，你们要回复的就是我相信他们和你一样爱你的孩子，你也知道我们能帮到你的孩子，就不要商量了，你就定下来吧，如果回去以后你的爱人或谁有担心，你把他带到我这里来，我来告诉你，我来给他解答。同时我也可以告诉你们夫妻关系怎么维护，家庭教育怎么搞，最后对你的孩子教育会更好一点。&lt;/p&gt;&lt;p style=&quot;line-height: 22.8571px; white-space: normal;&quot;&gt;&amp;nbsp; &amp;nbsp; 请永远记住和家长说话的任何时候，不要说你说的那句话我不认可，你说的这个话有问题，什么情况等等。记住不去理他，千万不能和家长对着说话，我觉得你说的这句话有问题，我就是说话怎么怎么样，这样的话千万不行，他说的永远都是对的，你只要表达出你的观点就可以了，切记，是不是？ &amp;nbsp; &amp;nbsp;&lt;/p&gt;&lt;p style=&quot;line-height: 22.8571px; white-space: normal;&quot;&gt;&amp;nbsp; &amp;nbsp; 4. 我们家离这边太远了，我没有时间怎么办？如果说打个比方，家长说我离你这边有点远，你要问他你住在哪里。他住在某某小区，你就要很清楚那个小区到你这个地方大概有多少距离，所以说你们的咨询师要对你们周边的环境要非常了解。哦，你们住的那个地方到我们这里大概需要半个小时的时间，你家孩子几岁了？八岁了。孩子可以自己坐公交车或怎么怎么来，家长说孩子让我不放心怎么办？你要跟他讲，没问题的，我们这边大部分的孩子都是自己过来学习的，这也可以锻炼孩子的自主学习能力，有的家长说我孩子小，我要自己送来，我没有时间。你要跟他讲，我们很多家长都在忙，都没有时间，其实我们这一辈子忙不就为了孩子忙吗？既然你也知道我们这里适合你的孩子，能帮助你的孩子，那这一点点时间算什么呢？挤一挤就可以了，为了孩子成长得更好，哪个家长不付出更多呀？&lt;/p&gt;&lt;p style=&quot;line-height: 22.8571px; white-space: normal;&quot;&gt;&amp;nbsp; &amp;nbsp; 所以这就是你应该和家长沟通到的东西，无论家长怎么说话，无论他说什么，你永&lt;/p&gt;&lt;p style=&quot;line-height: 22.8571px; white-space: normal;&quot;&gt;远记住一句话，都要说到我们要说的范畴来，&lt;/p&gt;&lt;p style=&quot;line-height: 22.8571px; white-space: normal;&quot;&gt;&amp;nbsp; &amp;nbsp; 在这个世界上，有四个字是人类永远绕不过去的，叫精进和正向。考虑问题要精进而不是负的东西，一旦往负的地方考虑，这一辈子永远是进步不了的。你有再多的能力，看似有点小成功，那也是假的，那是没用的。好啦，一定给你们老师说清楚，再怎么做咨询，再怎么样搞定家长，一定记住，只要家长和孩子在一起，一定让其中任何一个人，把孩子带出去玩儿，和孩子过去玩儿，你和家长聊天，否则你一个人只和家长聊天，去问家长要钱，没有人关注他的孩子,你的学校还有爱吗？这一点很重要。&lt;/p&gt;&lt;p&gt;&lt;br/&gt;&lt;/p&gt;','2016-08-31 00:51:27',17,'我们去做咨询，必须要懂的几件事——咨询师具备的素质，咨询的常识与咨询话术。（附德飞老师语音）',0,0,7,0,1,2,0,7,0,'/Uploads/img/57c6d34246d01.jpg','如何做好咨询？','2016-08-31 20:53:27'),(36,0,'&lt;p&gt;&lt;span style=&quot;white-space: nowrap;&quot;&gt;各位亲爱的学友大家好！&lt;/span&gt;&lt;/p&gt;&lt;p&gt;&lt;span style=&quot;white-space: nowrap;&quot;&gt;&amp;nbsp; &amp;nbsp; 希望大家把这篇文章看完！天地人和走过一年多的时间，经过系统的研究我想告诉&lt;/span&gt;&lt;/p&gt;&lt;p&gt;&lt;span style=&quot;white-space: nowrap;&quot;&gt;各位&lt;/span&gt;&lt;span style=&quot;white-space: nowrap; line-height: 1.42857;&quot;&gt;亲爱的学友，培训学校市场已经进入到品牌战略时代了，也就是说从现在开始，品&lt;/span&gt;&lt;/p&gt;&lt;p&gt;&lt;span style=&quot;white-space: nowrap; line-height: 1.42857;&quot;&gt;牌时&lt;/span&gt;&lt;span style=&quot;line-height: 1.42857; white-space: nowrap;&quot;&gt;代已经来临了。&lt;/span&gt;&lt;span style=&quot;white-space: nowrap; line-height: 1.42857;&quot;&gt;经过了各个培训学校的努力，氛围的塑造，任何区域几乎不再是空&lt;/span&gt;&lt;/p&gt;&lt;p&gt;&lt;span style=&quot;white-space: nowrap; line-height: 1.42857;&quot;&gt;白区&lt;/span&gt;&lt;span style=&quot;line-height: 1.42857; white-space: nowrap;&quot;&gt;域了，营销方案大家做得不可谓不多了，家长已经进入到了营销疲惫期，所以家长&lt;/span&gt;&lt;/p&gt;&lt;p&gt;&lt;span style=&quot;line-height: 1.42857; white-space: nowrap;&quot;&gt;对品&lt;/span&gt;&lt;span style=&quot;line-height: 1.42857; white-space: nowrap;&quot;&gt;牌的渴求已经到了一个临界点，所以我们希望我们的学友在接下来的日子里，能按&lt;/span&gt;&lt;/p&gt;&lt;p&gt;&lt;span style=&quot;line-height: 1.42857; white-space: nowrap;&quot;&gt;照我&lt;/span&gt;&lt;span style=&quot;line-height: 1.42857; white-space: nowrap;&quot;&gt;们给的方案，不光是简单的营销，更多得是品牌的植入，无论你是开分校，还是做&lt;/span&gt;&lt;/p&gt;&lt;p&gt;&lt;span style=&quot;line-height: 1.42857; white-space: nowrap;&quot;&gt;单校，&lt;/span&gt;&lt;span style=&quot;line-height: 1.42857; white-space: nowrap;&quot;&gt;都需要进行系统的品牌植入。&lt;/span&gt;&lt;/p&gt;&lt;p&gt;&lt;span style=&quot;white-space: nowrap;&quot;&gt;&amp;nbsp; &amp;nbsp; 品牌塑造方法，今天简单给大家介绍以下四种：&lt;/span&gt;&lt;/p&gt;&lt;p&gt;&lt;span style=&quot;white-space: nowrap;&quot;&gt;&lt;br/&gt;&lt;/span&gt;&lt;/p&gt;&lt;p&gt;&lt;span style=&quot;white-space: nowrap;&quot;&gt;&lt;strong&gt;一、宣传&lt;/strong&gt;&lt;/span&gt;&lt;/p&gt;&lt;p&gt;&lt;span style=&quot;white-space: nowrap;&quot;&gt;&amp;nbsp; &amp;nbsp; 1.技术宣传：我们必须宣传我们的师资力量或者我们自创的或加盟的教学体系，需&lt;/span&gt;&lt;/p&gt;&lt;p&gt;&lt;span style=&quot;white-space: nowrap;&quot;&gt;要系&lt;/span&gt;&lt;span style=&quot;white-space: nowrap; line-height: 1.42857;&quot;&gt;统地给家长宣传。比如：（1）做研讨会； （2）老师参与全国性的交流和学习 &amp;nbsp;&lt;/span&gt;&lt;/p&gt;&lt;p&gt;&lt;span style=&quot;line-height: 1.42857; white-space: nowrap;&quot;&gt;（3）邀&lt;/span&gt;&lt;span style=&quot;white-space: nowrap; line-height: 1.42857;&quot;&gt;请领导到学校视察和指导；（4）我们加盟的项目或教学法，它的成果的系统宣&lt;/span&gt;&lt;/p&gt;&lt;p&gt;&lt;span style=&quot;white-space: nowrap; line-height: 1.42857;&quot;&gt;传。&lt;/span&gt;&lt;/p&gt;&lt;p&gt;&lt;span style=&quot;white-space: nowrap;&quot;&gt;&amp;nbsp; &amp;nbsp; 2.成果宣传：系统地宣传学校发展过程中取得到的成果，把每一年的成果系统地组&lt;/span&gt;&lt;/p&gt;&lt;p&gt;&lt;span style=&quot;white-space: nowrap;&quot;&gt;织起&lt;/span&gt;&lt;span style=&quot;white-space: nowrap; line-height: 1.42857;&quot;&gt;来，重新系统地花一个月时间宣传一次。比如：（1）家访曾经到学校上过课的优秀&lt;/span&gt;&lt;/p&gt;&lt;p&gt;&lt;span style=&quot;white-space: nowrap; line-height: 1.42857;&quot;&gt;孩子；（2）学校获得的所有成果的集中；（3）邀请之前优秀孩子的家长到学校做报告&lt;/span&gt;&lt;/p&gt;&lt;p&gt;&lt;span style=&quot;white-space: nowrap; line-height: 1.42857;&quot;&gt;会；（4）之前优秀孩子的系统感言等用微营销的方式宣传出去。&lt;/span&gt;&lt;/p&gt;&lt;p&gt;&lt;span style=&quot;white-space: nowrap;&quot;&gt;&amp;nbsp; &amp;nbsp; 3.学校规划宣传：必须让家长阐述学校的规划，规划分为两块：一个是针对用户的，&lt;/span&gt;&lt;/p&gt;&lt;p&gt;&lt;span style=&quot;white-space: nowrap;&quot;&gt;一&lt;/span&gt;&lt;span style=&quot;white-space: nowrap; line-height: 1.42857;&quot;&gt;个针对员工的（员工的今天不讲）。针对用户这一块的我们要说出以下几方面内容：&lt;/span&gt;&lt;/p&gt;&lt;p&gt;&lt;span style=&quot;white-space: nowrap; line-height: 1.42857;&quot;&gt;我&lt;/span&gt;&lt;span style=&quot;white-space: nowrap; line-height: 1.42857;&quot;&gt;们的理念、我们未来的教学方式、我们未来的服务方式、我们未来的活动、我们未来&lt;/span&gt;&lt;/p&gt;&lt;p&gt;&lt;span style=&quot;white-space: nowrap; line-height: 1.42857;&quot;&gt;的&lt;/span&gt;&lt;span style=&quot;white-space: nowrap; line-height: 1.42857;&quot;&gt;会议等用这些方式系统地提升教学和家校服务体系。让家长系统地了解我们的学校，&lt;/span&gt;&lt;/p&gt;&lt;p&gt;&lt;span style=&quot;white-space: nowrap; line-height: 1.42857;&quot;&gt;认&lt;/span&gt;&lt;span style=&quot;white-space: nowrap; line-height: 1.42857;&quot;&gt;知我们的学校。&lt;/span&gt;&lt;/p&gt;&lt;p&gt;&lt;span style=&quot;white-space: nowrap;&quot;&gt;&lt;br/&gt;&lt;/span&gt;&lt;/p&gt;&lt;p&gt;&lt;span style=&quot;white-space: nowrap;&quot;&gt;&lt;strong&gt;二、内容&lt;/strong&gt;&lt;/span&gt;&lt;/p&gt;&lt;p&gt;&lt;span style=&quot;white-space: nowrap;&quot;&gt;&amp;nbsp; &amp;nbsp; 1.学校给家长提供的内容不仅仅是课程的范畴，更多的是课程之外的家校服务体系&lt;/span&gt;&lt;/p&gt;&lt;p&gt;&lt;span style=&quot;white-space: nowrap;&quot;&gt;的：（1）孩子成长讲座，孩子成长活动、孩子拓展训练营；（2）父母方面的角度、夫&lt;/span&gt;&lt;/p&gt;&lt;p&gt;&lt;span style=&quot;white-space: nowrap;&quot;&gt;妻关系、个人成长、亲子训练营、亲子活动、亲子讲座；（3）学校和家长之间的联谊活&lt;/span&gt;&lt;/p&gt;&lt;p&gt;&lt;span style=&quot;white-space: nowrap;&quot;&gt;动：观影、聚餐、旅游、活动等大量的和家长在一起非教学范畴的活动。&lt;/span&gt;&lt;/p&gt;&lt;p&gt;&lt;span style=&quot;white-space: nowrap;&quot;&gt;&amp;nbsp; &amp;nbsp; 2.和当地的关工委、心理协会、心理学爱好者举行关联的活动，从上往下宣传学校&lt;/span&gt;&lt;/p&gt;&lt;p&gt;&lt;span style=&quot;white-space: nowrap;&quot;&gt;的品牌活动，让家长看到我们更专业。&lt;/span&gt;&lt;/p&gt;&lt;p&gt;&lt;span style=&quot;white-space: nowrap;&quot;&gt;&lt;br/&gt;&lt;/span&gt;&lt;/p&gt;&lt;p&gt;&lt;span style=&quot;white-space: nowrap;&quot;&gt;&lt;strong&gt;三、渠道&lt;/strong&gt;&lt;/span&gt;&lt;/p&gt;&lt;p&gt;&lt;span style=&quot;white-space: nowrap;&quot;&gt;&amp;nbsp; &amp;nbsp; 如果没有能力开分校的或者开分校没有合适的地址，需要做以下几件事：&lt;/span&gt;&lt;/p&gt;&lt;p&gt;&lt;span style=&quot;white-space: nowrap;&quot;&gt;&amp;nbsp; &amp;nbsp; 1.植入课程到更多的关联学校去；&lt;/span&gt;&lt;/p&gt;&lt;p&gt;&lt;span style=&quot;white-space: nowrap;&quot;&gt;&amp;nbsp; &amp;nbsp; 2.在更多的学校里边装修一个教室是自己风格的进行合作授课——店中店模式；&lt;/span&gt;&lt;/p&gt;&lt;p&gt;&lt;span style=&quot;white-space: nowrap;&quot;&gt;&amp;nbsp; &amp;nbsp; 3.给当地的所有学校提供简单的教学服务（你提供不提供服务，他们也会模仿你，&lt;/span&gt;&lt;/p&gt;&lt;p&gt;&lt;span style=&quot;white-space: nowrap;&quot;&gt;还不如大量的进行免费培训、同行互相学习的活动）&lt;/span&gt;&lt;/p&gt;&lt;p&gt;&lt;span style=&quot;white-space: nowrap;&quot;&gt;&amp;nbsp; &amp;nbsp; 4.和关联出现孩子的地方，比如说奶粉店、服装店、商场举行关联活动。&lt;/span&gt;&lt;/p&gt;&lt;p&gt;&lt;span style=&quot;white-space: nowrap;&quot;&gt;&amp;nbsp; &amp;nbsp; 如果开分校的也需要做以上几件事，但是你的模式是1+1+N模式，1指的是品牌，1指&lt;/span&gt;&lt;/p&gt;&lt;p&gt;&lt;span style=&quot;white-space: nowrap;&quot;&gt;的是直营店，N指得是店中店的品牌植入。&lt;/span&gt;&lt;/p&gt;&lt;p&gt;&lt;span style=&quot;white-space: nowrap;&quot;&gt;&lt;br/&gt;&lt;/span&gt;&lt;/p&gt;&lt;p&gt;&lt;span style=&quot;white-space: nowrap;&quot;&gt;&lt;strong&gt;四、广告&lt;/strong&gt;&lt;/span&gt;&lt;/p&gt;&lt;p&gt;&lt;span style=&quot;white-space: nowrap;&quot;&gt;&amp;nbsp; &amp;nbsp; 第一个宣传指的是软文和微营销范畴，这个广告指的是传统方向的广告，你需要做&lt;/span&gt;&lt;/p&gt;&lt;p&gt;&lt;span style=&quot;white-space: nowrap;&quot;&gt;以下几件事：1.在饭店的包间里或大堂做上你的广告牌，绘画的可以做环创；2.给一些&lt;/span&gt;&lt;/p&gt;&lt;p&gt;&lt;span style=&quot;white-space: nowrap;&quot;&gt;超市做门头，植入我们的Logo和广告语；3.在婴儿保健店，超市做店内的植入的广告牌：&lt;/span&gt;&lt;/p&gt;&lt;p&gt;&lt;span style=&quot;white-space: nowrap;&quot;&gt;易拉宝、X展架、吊旗、气球、免费的赠品；4.书籍：做一些和孩子关联性的书籍，而非&lt;/span&gt;&lt;/p&gt;&lt;p&gt;&lt;span style=&quot;white-space: nowrap;&quot;&gt;本子、玩具送给家长，进行品牌植入；5.家装式：大量的家装客厅和厨房用具植入广告，&lt;/span&gt;&lt;/p&gt;&lt;p&gt;&lt;span style=&quot;white-space: nowrap;&quot;&gt;如果有能力做环创的提供环创；6.给大型的在建建筑做外围环创，外围广告牌植入。&lt;/span&gt;&lt;/p&gt;&lt;p&gt;&lt;span style=&quot;white-space: nowrap;&quot;&gt;&lt;br/&gt;&lt;/span&gt;&lt;/p&gt;&lt;p&gt;&lt;span style=&quot;white-space: nowrap;&quot;&gt;&amp;nbsp; &amp;nbsp; 品牌时代已经来临，请我们各位学友不要东奔西走，让你做的都是最好的，也是你&lt;/span&gt;&lt;/p&gt;&lt;p&gt;&lt;span style=&quot;white-space: nowrap;&quot;&gt;必须要做的，天地人和能解决你的所有问题，只是你自己愿不愿意去做而已，能不能做&lt;/span&gt;&lt;/p&gt;&lt;p&gt;&lt;span style=&quot;white-space: nowrap;&quot;&gt;到的问题，这个世界上没有做不到的东西，只有你敢不敢去。比如：你会说没有钱请老&lt;/span&gt;&lt;/p&gt;&lt;p&gt;&lt;span style=&quot;white-space: nowrap;&quot;&gt;师，难道没有钱能买房子吗？只是你不敢投资而已，不要说你没钱，哪一个做企业的不&lt;/span&gt;&lt;/p&gt;&lt;p&gt;&lt;span style=&quot;white-space: nowrap;&quot;&gt;是勒紧裤腰带在自己身上想尽一切办法拿出资金来，不顾一切地去创业？！&lt;/span&gt;&lt;/p&gt;&lt;p&gt;&lt;br/&gt;&lt;/p&gt;','2016-08-31 12:53:53',17,'培训学校市场已经进入到品牌战略时代了，也就是说从现在开始，品牌时代已经来临了',0,0,4,0,1,2,0,4,0,'/Uploads/img/57c662e1c0676.jpg','品牌时代已经来临了','2016-08-31 19:07:36'),(37,0,'&lt;p&gt;&lt;br/&gt;&lt;/p&gt;&lt;p&gt;&lt;span style=&quot;font-family:宋体, SimSun&quot;&gt;中国的家长不是不重视早教，不是不知道孩子上早教好，不上的主要原因有三个：&lt;/span&gt;&lt;/p&gt;&lt;p&gt;&lt;span style=&quot;font-family:宋体, SimSun&quot;&gt;&amp;nbsp; &amp;nbsp; 一、没钱，孩子资金稍微有点紧张，觉得没必要；&lt;/span&gt;&lt;/p&gt;&lt;p&gt;&lt;span style=&quot;font-family:宋体, SimSun&quot;&gt;&amp;nbsp; &amp;nbsp; 二、觉得很多早教没有效果，不专业；&amp;nbsp;&lt;/span&gt;&lt;/p&gt;&lt;p&gt;&lt;span style=&quot;font-family:宋体, SimSun&quot;&gt;&amp;nbsp; &amp;nbsp; 三、没有时间，早教都需要妈妈陪着孩子。&lt;/span&gt;&lt;/p&gt;&lt;p&gt;&lt;span style=&quot;font-family:宋体, SimSun&quot;&gt;&amp;nbsp; &amp;nbsp; 很多人认为，家长不认为孩子上早教很重要，这一点是错误的。我可以这么讲，没有几个家长不认为孩子上早教很重要的，主要是在早教阶段没有看到效果，这个主要问题就是我们行业从业人员的认知问题，我们缺失最主要表现在宣传策划的立足点，比如说很多早教都在宣传自己的专业度上，却忘记了一个根本的原因，你专不专业家长根本不不懂，家长考核你专不专业的根本标准是孩子的受益，但是，我们又没有办法让孩子在早教期间这种受益就展现出来，归根结底的原因是孩子年龄太小，在行为上的表现比较弱化，必然就不可能有太多的结果，所以，这个阶段孩子形成主要是心理阶段和性格，又因为孩子小，表现不明显，家长就觉得没有收获。所以，请大家必须明确一件事情，如果我们的宣传的立足点还在儿童的受益上，这本身就是一个错误，我们宣传的立足点应该在家长上，通过成功人和普通人之间的性格、心理状态的分析，来延伸出他在幼儿阶段受到教育的方式和方法，让家长来感同身受，让家长来体验自己的生命状态和幼儿阶段的关联性，从而让他认知到自己现在的状态与幼儿阶段息息相关，如果他对自己现在的状态不满意或者满意，都影响着他对幼儿阶段的重视程度。所以，来置换出让家长感觉到幼儿阶段的重要性。这个时候需要大量的案例，甚至对成功的人和失败人的案例分析，专家的讲座，国内外一线幼儿教育知识的普及。所以你需要做以下几件事：&lt;/span&gt;&lt;/p&gt;&lt;p&gt;&lt;span style=&quot;font-family:宋体, SimSun&quot;&gt;&amp;nbsp; &amp;nbsp;&lt;strong&gt; 1.在怀孕期间就应该完成对准妈妈早教期间的知识普及&lt;/strong&gt; &amp;nbsp;&lt;/span&gt;&lt;/p&gt;&lt;p&gt;&lt;span style=&quot;font-family:宋体, SimSun&quot;&gt;&amp;nbsp; &amp;nbsp; &lt;strong&gt;2.开展课程不是以成交为目的，而是以体验专业化为目的。&lt;/strong&gt;这一点是针对竞争对手而做的。要告诉所有的妈妈的在给孩子选择早教中心的时候，不是盲目地选择，而是比较，因为早教越专业，对孩子未来影响越大。就要鼓励更多的家长到所有的早教中心都去体验一次，同时，要让家长知道，孩子喜不喜欢一个老师不重要，重要的是这个老师专业，如果喜欢这个老师，这个老师不专业就教不好孩子。就像所有的孩子都喜欢自己的妈妈，那妈妈把孩子教育好了吗？ &amp;nbsp;&lt;/span&gt;&lt;/p&gt;&lt;p&gt;&lt;span style=&quot;font-family:宋体, SimSun&quot;&gt;&amp;nbsp; &amp;nbsp; &lt;strong&gt;3.建立妈妈俱乐部：&lt;/strong&gt;就是让妈妈带妈妈加入更多的俱乐部，举行长期的亲子教育沙龙，亲子活动以及妈妈之间的美容、幸福密码等活动。投入必要的资金来维持俱乐部的正常运营。并让自己的早教中心有一些人格魅力的妈妈们担任俱乐部的理事长和组织者。当然她们一定是你的铁杆才行。这样就形成了自己的宣传圈子和媒体。 &amp;nbsp;&lt;/span&gt;&lt;/p&gt;&lt;p&gt;&lt;span style=&quot;font-family:宋体, SimSun&quot;&gt;&amp;nbsp; &amp;nbsp;&lt;strong&gt; 4.规模致胜：&lt;/strong&gt;什么叫规模致胜呢？就是建立消费者多元选择而形成规模，比如说，北京的国贸就是世界上所有一流品牌集散地，我们到国贸去，不认为它的是杂货铺，而是中国物品最权威的地方。如果我们到的秀水街，就认为它是杂货铺，因为那里是中国最烂的货在那里卖。所以，如果我们的培训学校没有自己的品牌，只做加盟的话，那就是品牌凝聚力形成规模化！所以你的早教体验中心不应该是哪一个品牌，而是若干个全国一线品牌的集散地，喜欢不同方式的家长都能到我这里来。 &amp;nbsp;&lt;/span&gt;&lt;/p&gt;&lt;p&gt;&lt;span style=&quot;font-family:宋体, SimSun&quot;&gt;&lt;strong&gt;&amp;nbsp; &amp;nbsp; 5.产业线拓展：&lt;/strong&gt;早教是一个生命线很窄的市场，如果一个孩子两岁上早教的话，三岁就上幼儿园了，他在早教待的时间就很短，而一个早教中心的成交率又很低，如果你还能活下来就说明一个问题，你见到的家长很多，你有没有发现，你和很多家长建立的必要联系和链接，最后他并没有到你这儿来上课，最后这样的资源就浪费了，所以，我们估算了一下，一个早教中心，如果有市场团队来支撑他的话，这个市场团队不光可以支撑一个早教中心，一个早教中心还可以支撑两个幼儿园。所以，即使你现在没有钱开幼儿园，你也应该去拿少量资金入股一个幼儿园，而不是选择和幼儿园合作，把孩子推荐给他们，拿点钱，实在不行，你就和幼儿园合作，把孩子给他，拿一点钱吧。&lt;/span&gt;&lt;/p&gt;&lt;p&gt;&amp;nbsp;&lt;/p&gt;','2016-08-31 20:42:33',17,'如果我们的宣传的立足点还在儿童的受益上，这本身就是一个错误。我们宣传的立足点应该在家长上，通过成功人和普通人之间的性格、心理状态的分析，来延伸出他在幼儿阶段受到教育的方式和方法，让家长感觉到幼儿阶段的重要性。',0,0,6,0,1,1,0,6,0,'/Uploads/img/57c6d0b915c8a.jpg','早教招生致胜需要做这5件事','2016-08-31 20:48:09'),(38,0,'&lt;p&gt;&lt;span style=&quot;font-family: 微软雅黑, &amp;#39;Microsoft YaHei&amp;#39;; color: inherit; line-height: 1.1;&quot;&gt;&lt;/span&gt;&lt;/p&gt;&lt;p&gt;&lt;span style=&quot;font-family:微软雅黑, Microsoft YaHei&quot;&gt;&amp;nbsp; &amp;nbsp; &amp;nbsp; &amp;nbsp;其实关于幼儿园招生，我们要明白一个道理：一个孩子一旦选择一个幼儿园，中途转园的可能性不大。所以，我们要瞄准对手的幼儿园内部的孩子，这样的招生难度会很大，当然不是说不可以这样做，我们更重要的要瞄准空白市场，而非对手。所以，这就是新生儿、即将入园的孩子，所以，只要是要上幼儿园孩子年龄之前的孩子，都是我们的招生对象。所以，你需要阻断对手，链接这个年龄段的孩子。比如说，孩子即将入园了，你应该在入园之前开展入园适应班把孩子先圈进来，同时，你还需要做异业联盟，在这些孩子会出现的地方，比如，儿童游乐场、奶粉专卖店、育婴保健中心、儿童影楼甚至是妇产科，甚至是月嫂，甚至是孩子胎教阶段，都是你要做的对象。也就是说，你的对手不一定是幼儿园，却是早教，如果一个幼儿园有能力普及早教知识，建立家长粘性，孩子上你的幼儿园是必然的事情，其实未来的发展都是一个行业干掉一个行业，一个行业取代一个行业，这就相当于服装行业的快速发展造成裁缝行业的消失，所以，你需要做以下几件事：&lt;/span&gt;&lt;/p&gt;&lt;p&gt;&lt;span style=&quot;font-family:微软雅黑, Microsoft YaHei&quot;&gt;&amp;nbsp; &amp;nbsp; &amp;nbsp; &amp;nbsp;&lt;strong&gt;1. 入园适应班：&lt;/strong&gt;很多孩子上幼儿园，家长担心一下子离开家长，孩子不适应，这个过渡阶段是所有家长都比较担心的，所以在这个方面，要开展必要的手段。&lt;/span&gt;&lt;/p&gt;&lt;p&gt;&lt;span style=&quot;font-family:微软雅黑, Microsoft YaHei&quot;&gt;&amp;nbsp; &amp;nbsp; &amp;nbsp; &lt;strong&gt;&amp;nbsp;2. 异业联盟：&lt;/strong&gt;必须和早教中心达成战略共识，必须和奶粉专卖店、育婴保健中心、儿童影楼展开异业联盟，建立大型活动，可以这么讲，越和我们没有关联的行业，却有共同客户的人合作，我们取得的资源是最多的。&lt;/span&gt;&lt;/p&gt;&lt;p&gt;&lt;span style=&quot;font-family:微软雅黑, Microsoft YaHei&quot;&gt;&amp;nbsp; &amp;nbsp; &amp;nbsp; &amp;nbsp;&lt;strong&gt;3. 免费服务：&lt;/strong&gt;很多上不起早教的，很多请不起月嫂的，很多没有办法进行胎教的，这些人都对教育孩子很重视，因为孩子越小，家长的重视程度越高，我们应该为这样的家长提供免费的服务和帮助，尽管他这些地方不一定有钱上，但是幼儿园他是必然要上的。所以，这种免费的长期服务，有的人会说，这有的是一两年，有的是两三年，时间太长了，但是我要告诉你的是，一个幼儿园的发展，我们要制定短期计划、中期计划和长期发展计划，而根本不是和同行进行价格竞争，因为你们真正的对手不一定完全来自同行，中国未来会普及幼儿教育，中国的家长越来越重视幼儿教育，中国教育与世界教育最重要的接轨就是幼儿教育的发展，而不是九年义务教育。所以，幼儿园的收费会越来越高，利润会越来越大，专业度也会越来越高，所以希望大家在我说的这三个方面能坚持做下去。当然了，如果你是现在新开的园，孩子招生不好的园，为了引流，恰好你的资金还可以支撑一段时间，不妨尝试免费试试。因为这是最好的一种方式了。&lt;/span&gt;&lt;/p&gt;&lt;p&gt;&lt;br/&gt;&lt;/p&gt;','2016-08-31 20:47:50',17,'关于幼儿园招生，我们要明白一个道理：一个孩子一旦选择一个幼儿园，中途转园的可能性不大。',0,0,8,0,1,1,0,8,0,'/Uploads/img/57c6d2d3d7a76.jpg','幼儿园应该怎么招生？','2016-08-31 20:51:36'),(39,0,'&lt;p&gt;&lt;br/&gt;&lt;/p&gt;&lt;h3&gt;&amp;nbsp; &lt;span style=&quot;font-size:12px;font-family:微软雅黑, Microsoft YaHei&quot;&gt;老祖宗告诉我们，“师者，传道授业解惑也”。这是对老师责任的最好的概括，因为爸爸妈妈在教育方面的不专业性，再加上没有过多的时间和精力，在引导、教育孩子方面有些手足无措，所以才有老师这个职业的诞生。就像我们不会做衣服一样，做得不好、或者不愿意做，我们才到市场上买衣服。老师在孩子的教育上起到的作用至关重要，甚至是大于家庭的。所以对于老师的选择家长必须慎重。最优秀的家长不光是给予孩子教育机会，而是要学会帮助、分辨并且为孩子做选择。&lt;br/&gt;&lt;/span&gt;&lt;span style=&quot;font-size:12px;font-family:微软雅黑, Microsoft YaHei&quot;&gt;&amp;nbsp; &amp;nbsp; &amp;nbsp; &amp;nbsp;一个老师必须要给孩子传授专业的知识体系，同时还传授做人的道理，塑造行为和习惯标准，使其有做事和分辨是非的能力，让孩子能适应社会的快速发展。为什么说不是所有的老师都是老师呢？因为从专业知识上讲，具备初中知识的人就可以教小学的孩子，他们的知识体系只要大于被教的孩子就可以了。但是老师给孩子传授的不仅是专业知识，众所周知，专业知识和一个人的成功没有必然的联系。低学历的人也可以驾驭高学历的人，一个人成功是能量和智慧的强大，所以要求老师专业知识以外的能力至关重要。&lt;br/&gt;&lt;/span&gt;&lt;span style=&quot;font-size:12px;font-family:微软雅黑, Microsoft YaHei&quot;&gt;&amp;nbsp; &amp;nbsp; &amp;nbsp; &amp;nbsp;如果说孩子是你的唯一，是你的希望，那今天你就不应该侥幸和懒惰，应该慎重地为孩子选择一个好的老师。好的老师他就是孩子的榜样、心目中的信仰、价值观的航灯。老师对孩子的影响是一辈子的，您还记得您小时候最喜欢和最讨厌的学科是因为什么造成的吗？是不是源于当时对那个老师的喜欢和讨厌呢？所以各位家长请认真帮孩子选择最优秀的老师。&lt;br/&gt;&lt;/span&gt;&lt;span style=&quot;font-size:12px;font-family:微软雅黑, Microsoft YaHei&quot;&gt;&amp;nbsp; &amp;nbsp; &amp;nbsp; &amp;nbsp;一个老师教出的学生考上北京大学、清华大学，他可以成为名师，这只是代表了他自己的成功。但是，我们不能把带了100个孩子，只把其中的20个孩子教育好的老师就认为是好老师，还有其他80个孩子又怎么办呢？那80个孩子背后代表着80个家庭，那这80个家庭的希望和未来又在哪里？我们怎么能拿自己的孩子当做别人成功的实践者呢？他再强，如果不能对我们的孩子负责，那么他是好老师吗? 他再厉害，没有把我们的孩子教育好，那么他也不是孩子的好老师。所以，给你孩子选择一个负责的老师，适合我们孩子自己的老师。能教会孩子专业知识、做人道理，塑造孩子行为习惯的老师，是每一个家长在孩子成长过程当中，最重要、最根本、最必须的责任。因为想要有什么样的结果必须要有什么样的行为。思维决定行为，行为决定结果，所以孩子的行为习惯是一切的根源.&lt;br/&gt;&lt;/span&gt;&lt;span style=&quot;font-size:12px;font-family:微软雅黑, Microsoft YaHei&quot;&gt;&amp;nbsp; &amp;nbsp; &amp;nbsp; &amp;nbsp;所以，我们就应该清醒地认识到，什么样的人才能做老师？什么样的人才配做老师？什么样的老师才是真正优秀的老师？如果你真的爱孩子，半个小时的时间应该有吧？那么请你认真地把这篇文章仔细地阅读几遍。&lt;br/&gt;&lt;/span&gt;&lt;span style=&quot;font-size:12px;font-family:微软雅黑, Microsoft YaHei&quot;&gt;&amp;nbsp; &amp;nbsp; &amp;nbsp; &amp;nbsp;&lt;strong&gt;第一，老师对自己行业的信仰至关重要。&lt;/strong&gt;&lt;br/&gt;&lt;/span&gt;&lt;span style=&quot;font-size:12px;font-family:微软雅黑, Microsoft YaHei&quot;&gt;他必须要爱教育、爱孩子：一个人只有喜欢自己的行业，并对职业有敬畏心理，才不会抱怨、才不会信口开河、才能做到专业、才能严谨、才能全力以赴、才能有激情、有状态、才能产生智慧。只有这样才能成为这个行业的佼佼者，才能为自己服务的人更好地负责。每一个孩子承载的是一个家族，乃至一个国家的使命，而对于家长来说，孩子即全部，所以选择好的老师至关重要。有些老师不努力，无非自己就少赚一点钱，但是对于家长来说，一辈子的希望就有可能葬送在他们的手里。所以老师必须要有对行业的信仰和对职业的敬畏（因为没有敬畏就没有底线，没有底线就会随意，不严谨）&lt;br/&gt;&lt;/span&gt;&lt;span style=&quot;font-size:12px;font-family:微软雅黑, Microsoft YaHei&quot;&gt;&amp;nbsp; &amp;nbsp; &amp;nbsp; &amp;nbsp;&lt;strong&gt;第二，强大的学习能力。&lt;/strong&gt;&lt;br/&gt;&lt;/span&gt;&lt;span style=&quot;font-size:12px;font-family:微软雅黑, Microsoft YaHei&quot;&gt;当下社会在迅猛发展，知识在快速变更，一个人如果不学习，他的知识、思想和智慧就会逐步被淘汰，就会枯竭。那么他给孩子传递的都是滞后的的理论，滞后的思想和智慧。就没有办法让孩子跟上社会发展的节奏，更不用说适应未来社会的发展了。那么您看到这里，您觉得缺乏学习力的老师是不是对孩子未来的毁灭呢？&lt;br/&gt;&lt;/span&gt;&lt;span style=&quot;font-size:12px;font-family:微软雅黑, Microsoft YaHei&quot;&gt;&amp;nbsp; &amp;nbsp; &amp;nbsp; &amp;nbsp;&lt;strong&gt;第三，扎实的学科知识体系。&lt;/strong&gt;&lt;br/&gt;&lt;/span&gt;&lt;span style=&quot;font-size:12px;font-family:微软雅黑, Microsoft YaHei&quot;&gt;一个老师的学科知识体系如果很匮乏，那么他只会传递课本上孩子要学的知识，就不会发散孩子的思维，无法形成孩子的想象力和思维力。因为只有想象力丰富的孩子才能自动去探索知识，从而形成强大的思维力。我们在前面说过，一个人要有好的结果，必须有相对应的行为。行为产生的前提一定是脑海中的思维。&lt;br/&gt;&lt;/span&gt;&lt;span style=&quot;font-size:12px;font-family:微软雅黑, Microsoft YaHei&quot;&gt;&amp;nbsp; &amp;nbsp; &amp;nbsp; &amp;nbsp;&lt;strong&gt;第四，关联的学科知识体系的掌握。&lt;/strong&gt;&lt;br/&gt;&lt;/span&gt;&lt;span style=&quot;font-size:12px;font-family:微软雅黑, Microsoft YaHei&quot;&gt;一个人，一个老师，只了解自己所教授的学科知识，那么他的知识是相对狭隘的。因为孩子还是在学习过程中，很多的科目是关联的，比如数学、物理、化学都是相关联的。打个比方，一个数学老师在课堂上讲到了速度，他不仅能教会孩子速度是怎么计算的，并且能在孩子计算速度的题目当中，给孩子举个关于火箭升空的例子，告诉孩子一些火箭能上空的原因是燃烧了能量，还有一些物理的能量守恒原理。这样孩子不仅对于知识形成了思维的跨越，而且上物理课和化学课的时候，就会产生浓厚的兴趣去探索、研究物理的能量守恒原理和能量转化原理，以及化学的物质生成原理。所以，老师掌握关联学科知识的掌控对孩子的教学至关重要。&lt;br/&gt;&lt;/span&gt;&lt;span style=&quot;font-size:12px;font-family:微软雅黑, Microsoft YaHei&quot;&gt;&amp;nbsp; &amp;nbsp; &amp;nbsp; &amp;nbsp;&lt;strong&gt;第五，因材施教的能力。&lt;/strong&gt;&lt;br/&gt;&lt;/span&gt;&lt;span style=&quot;font-size:12px;font-family:微软雅黑, Microsoft YaHei&quot;&gt;当孩子学习学科知识的时候，同时把一些做人的道理，做事的方法用小故事进行解析，然后引导孩子生活中的行为方向和标准是至关重要的。打个比方，一个老师在讲“乌鸦反哺”的故事就教育孩子要孝顺父母，那么这个老师的能力是肤浅的，如果这个老师能从这个故事当中给孩子塑造强烈的感恩情怀，这才是优秀的老师。在此基础上，他还告诉孩子一个人只有懂得感恩，才会孝顺父母、诚信对待朋友以及陌生人。那么在成长的路上，他会拥有很多的人脉和能量资源向他聚拢而来。那么此时，您觉得孩子成功的机会和可能，会不会比别的孩子大很多呢？不懂得感恩的人，很多的机会和资源就会远离他，那他成功的几率就比别人小很多。然后，指导孩子怎样孝顺父母和感恩别人，并刺激孩子产生这些行为，继而形成行为惯性，即行为习惯。&lt;br/&gt;&lt;/span&gt;&lt;span style=&quot;font-size:12px;font-family:微软雅黑, Microsoft YaHei&quot;&gt;&amp;nbsp; &amp;nbsp; &amp;nbsp; &amp;nbsp; &lt;strong&gt;第六，塑造孩子行为和习惯的能力。&lt;/strong&gt;&lt;br/&gt;&lt;/span&gt;&lt;span style=&quot;font-size:12px;font-family:微软雅黑, Microsoft YaHei&quot;&gt;任何一个人的成功，都必须有相对应的行为，任何的成长都不是知识的积累，而是用所学的知识去指导行为，去做到，再把做到之后的体验，生成智慧。而一个人的成功和学科知识是没有必然联系的，任何人的成功都是智慧和能量的统一协调。所以塑造孩子的行为和习惯，是助孩子成功的第一个至关重要的环节，睿智的您觉得是不是如此呢？这也是老师在教育工作中非常重要的责任和使命。&lt;br/&gt;&lt;/span&gt;&lt;span style=&quot;font-size:12px;font-family:微软雅黑, Microsoft YaHei&quot;&gt;&amp;nbsp; &amp;nbsp; &amp;nbsp; &amp;nbsp;&lt;strong&gt;第七，严谨的态度。&lt;/strong&gt;&lt;br/&gt;&lt;/span&gt;&lt;span style=&quot;font-size:12px;font-family:微软雅黑, Microsoft YaHei&quot;&gt;任何人做事如果说很随意，就会有很多问题和麻烦出现，别人就无法感觉到专业和信任，那么产生的结果一定是糟糕的。致命的是老师在孩子成长过程中起着榜样的作用，孩子很容易就会效仿老师的很多东西，如果说一个老师的态度不严紧，做事随意，那么在孩子的行为和习惯塑成的过程中，就会影响孩子。所以老师务必要有严谨的态度。&lt;br/&gt;&lt;/span&gt;&lt;span style=&quot;font-size:12px;font-family:微软雅黑, Microsoft YaHei&quot;&gt;&amp;nbsp; &amp;nbsp; &amp;nbsp; &lt;strong&gt;&amp;nbsp;第八，巧妙地传授知识的方法和能力。&lt;/strong&gt;&lt;br/&gt;&lt;/span&gt;&lt;span style=&quot;font-size:12px;font-family:微软雅黑, Microsoft YaHei&quot;&gt;任何的知识在传授过程中，因为孩子的接受方式，心理成长阶段特点的不同，他是需要不同的方法和技巧的。有时候用机制刺激，声调高低，语速快慢，眼神对接，肢体语言手段，有时要运用故事，风趣幽默的同时不失严谨。这样孩子就会轻松、积极、主动、阳光、自信而绽放。反之，孩子首先会不喜欢老师，然后不喜欢学习。因为任何人都想在轻松、有趣的环境下接受一切。没有方法，孩子的理解能力、性格特点等等各不一样，这个时候，就需要老师有巧妙设计授课方式和技巧的能力，等等。&lt;br/&gt;&lt;/span&gt;&lt;span style=&quot;line-height: 22.8571px;font-size:12px;font-family:微软雅黑, Microsoft YaHei&quot;&gt;&amp;nbsp; &amp;nbsp; &amp;nbsp; 因为生命不可逆，孩子的成长不可逆，所以选择一个优秀的老师至关重要。&lt;/span&gt;&lt;/h3&gt;&lt;p&gt;&lt;br/&gt;&lt;/p&gt;','2016-08-31 21:20:34',17,'为什么说不是所有的老师都是老师呢？',0,0,9,0,1,1,0,9,0,'/Uploads/img/57c6d9a28489f.jpg','什么样的老师才是合格的老师？','2016-08-31 21:20:34'),(40,0,'&lt;p&gt;&lt;span style=&quot;white-space: nowrap;&quot;&gt;亲爱的各位学友：&lt;/span&gt;&lt;/p&gt;&lt;p&gt;&lt;span style=&quot;white-space: nowrap;&quot;&gt;&amp;nbsp; &amp;nbsp; 今天来给大家谈一谈，学校服务体系升级的方法：&lt;/span&gt;&lt;/p&gt;&lt;p&gt;&lt;span style=&quot;white-space: nowrap;&quot;&gt;&amp;nbsp; &amp;nbsp; 一、学校服务体系的升级归根结底是家长需求的变化，倒逼我们必须要升级来满足&lt;/span&gt;&lt;/p&gt;&lt;p&gt;&lt;span style=&quot;white-space: nowrap;&quot;&gt;家长变化的需求。所以，经常回访家长，引导家长向我们提问，并将问题进行归类、总&lt;/span&gt;&lt;/p&gt;&lt;p&gt;&lt;span style=&quot;white-space: nowrap;&quot;&gt;结，优化我们解答家长问题的模板，便于每一个回访专员能够简单有效地回复家长问题。&lt;/span&gt;&lt;/p&gt;&lt;p&gt;&lt;span style=&quot;white-space: nowrap;&quot;&gt;&amp;nbsp; &amp;nbsp; 二、在让家长主动提问的过程当中，归纳总结家长需要解决孩子存在问题的方法和&lt;/span&gt;&lt;/p&gt;&lt;p&gt;&lt;span style=&quot;white-space: nowrap;&quot;&gt;技巧，便于更新沙龙、讲座等内容（当一段时间家长都关心某个问题的时候，我们开这&lt;/span&gt;&lt;/p&gt;&lt;p&gt;&lt;span style=&quot;white-space: nowrap;&quot;&gt;种主题的讲座或沙龙，家长的参与度就会更高，也显得我们更专业）。&lt;/span&gt;&lt;/p&gt;&lt;p&gt;&lt;span style=&quot;white-space: nowrap;&quot;&gt;&amp;nbsp; &amp;nbsp; 三、同时便于我们追加新的项目和课程，更新我们的教学方法，不仅升级课程，而&lt;/span&gt;&lt;/p&gt;&lt;p&gt;&lt;span style=&quot;white-space: nowrap;&quot;&gt;且提出差异化和增值部分。&lt;/span&gt;&lt;/p&gt;&lt;p&gt;&lt;span style=&quot;white-space: nowrap;&quot;&gt;&amp;nbsp; &amp;nbsp; 四、针对普遍性问题，推广周末营或者短期营，这样会避免我们闭门造车，同时也&lt;/span&gt;&lt;/p&gt;&lt;p&gt;&lt;span style=&quot;white-space: nowrap;&quot;&gt;会避免我们宣传乏力，因为我们不知道家长的需求或者我们自以为家长的需求是什么，&lt;/span&gt;&lt;/p&gt;&lt;p&gt;&lt;span style=&quot;white-space: nowrap;&quot;&gt;我们的宣传就会落后或不切实际，有可能定位和策划不准确。&lt;/span&gt;&lt;/p&gt;&lt;p&gt;&lt;span style=&quot;white-space: nowrap;&quot;&gt;&amp;nbsp; &amp;nbsp; 以上四点，是我们定期回访家长的重要原因，希望每一个学友都要做到，不要怕麻&lt;/span&gt;&lt;/p&gt;&lt;p&gt;&lt;span style=&quot;white-space: nowrap;&quot;&gt;烦。当我们主动去面对、去回访的时候，其实这就是我们服务态度的转变，当我们努力&lt;/span&gt;&lt;/p&gt;&lt;p&gt;&lt;span style=&quot;white-space: nowrap;&quot;&gt;去更新服务家长的姿势时，你会发现，这种进步让家长更加开心，因为通过回访后总结&lt;/span&gt;&lt;/p&gt;&lt;p&gt;&lt;span style=&quot;white-space: nowrap;&quot;&gt;出的方法与技巧来推荐或者引导家长去教育孩子，就会更准确，让家长更幸福，也会建&lt;/span&gt;&lt;/p&gt;&lt;p&gt;&lt;span style=&quot;white-space: nowrap;&quot;&gt;立我们和家长之间的粘性以及口碑。（希望大家一定要做到这件事情，因为这件事情现&lt;/span&gt;&lt;/p&gt;&lt;p&gt;&lt;span style=&quot;white-space: nowrap;&quot;&gt;在大部分的学校都没有做，你要做了，就显得难能可贵）&lt;/span&gt;&lt;/p&gt;&lt;p&gt;&lt;span style=&quot;white-space: nowrap;&quot;&gt;&amp;nbsp; &amp;nbsp; 最后一句：我爱你们！&lt;/span&gt;&lt;/p&gt;','2016-08-31 21:44:26',17,'学校服务体系的升级归根结底是家长需求的变化，倒逼我们必须要升级来满足 家长变化的需求。',0,0,2,0,1,2,0,2,0,'/Uploads/img/57c6df3a46573.jpg','学校服务体系升级的方法','2016-08-31 21:44:26');
/*!40000 ALTER TABLE `info_article` ENABLE KEYS */;
UNLOCK TABLES;

--
-- Table structure for table `info_article_tendency`
--

DROP TABLE IF EXISTS `info_article_tendency`;
/*!40101 SET @saved_cs_client     = @@character_set_client */;
/*!40101 SET character_set_client = utf8 */;
CREATE TABLE `info_article_tendency` (
  `id` bigint(20) NOT NULL AUTO_INCREMENT,
  `article_id` bigint(20) NOT NULL,
  `create_time` datetime DEFAULT NULL,
  `tendency_type` int(11) NOT NULL,
  `user_id` bigint(20) NOT NULL,
  PRIMARY KEY (`id`)
) ENGINE=InnoDB AUTO_INCREMENT=170 DEFAULT CHARSET=utf8 COLLATE=utf8_unicode_ci;
/*!40101 SET character_set_client = @saved_cs_client */;

--
-- Dumping data for table `info_article_tendency`
--

LOCK TABLES `info_article_tendency` WRITE;
/*!40000 ALTER TABLE `info_article_tendency` DISABLE KEYS */;
INSERT INTO `info_article_tendency` VALUES (1,20,'2016-08-16 14:42:12',2,5),(2,22,'2016-08-16 14:42:21',2,5),(9,31,'2016-08-17 11:07:24',2,8),(15,16,'2016-08-17 11:22:04',2,4),(16,29,'2016-08-17 11:28:50',2,3),(18,22,'2016-08-17 11:34:35',2,7),(19,12,'2016-08-17 12:02:16',3,25),(21,15,'2016-08-17 17:11:56',2,23),(22,15,'2016-08-17 17:30:23',2,11),(23,29,'2016-08-17 17:56:30',2,5),(24,28,'2016-08-17 17:56:36',2,5),(25,23,'2016-08-17 17:56:42',2,5),(26,31,'2016-08-17 21:01:45',2,2),(28,13,'2016-08-18 12:35:26',2,25),(29,11,'2016-08-18 12:35:42',2,25),(30,30,'2016-08-18 12:35:50',2,25),(31,15,'2016-08-18 12:35:56',2,25),(32,29,'2016-08-18 12:36:04',2,25),(33,10,'2016-08-18 12:36:10',2,25),(36,13,'2016-08-18 19:41:41',2,2),(43,11,'2016-08-18 20:53:00',2,42),(76,20,'2016-08-19 01:20:35',2,43),(79,30,'2016-08-19 14:46:34',2,42),(82,18,'2016-08-19 17:59:40',2,48),(88,29,'2016-08-22 11:12:29',2,50),(89,12,'2016-08-22 15:31:57',11,1),(90,27,'2016-08-22 15:34:11',11,4),(91,27,'2016-08-22 16:04:04',0,4),(92,27,'2016-08-22 16:16:36',2,15518201056),(93,27,'2016-08-22 16:17:01',3,15518201056),(94,29,'2016-08-22 16:43:32',2,48),(96,27,'2016-08-23 19:50:03',2,45),(137,7,'2016-08-24 14:28:55',2,42),(139,4,'2016-08-24 15:05:41',2,54),(146,31,'2016-08-24 21:56:21',2,42),(148,23,'2016-08-24 23:31:58',2,96),(157,29,'2016-08-26 21:14:56',2,56),(158,31,'2016-08-27 22:45:54',2,146),(159,29,'2016-08-28 01:41:43',2,182),(161,20,'2016-08-29 10:14:50',2,302),(163,16,'2016-08-29 17:47:42',2,50),(169,21,'2016-08-30 15:29:22',2,303);
/*!40000 ALTER TABLE `info_article_tendency` ENABLE KEYS */;
UNLOCK TABLES;

--
-- Table structure for table `info_category`
--

DROP TABLE IF EXISTS `info_category`;
/*!40101 SET @saved_cs_client     = @@character_set_client */;
/*!40101 SET character_set_client = utf8 */;
CREATE TABLE `info_category` (
  `id` bigint(20) NOT NULL AUTO_INCREMENT,
  `status` varchar(255) COLLATE utf8_unicode_ci NOT NULL,
  `create_time` datetime DEFAULT NULL,
  `_desc` varchar(255) COLLATE utf8_unicode_ci DEFAULT NULL,
  `name` varchar(255) COLLATE utf8_unicode_ci NOT NULL,
  `parent_id` bigint(20) NOT NULL,
  `sub_ids` varchar(255) COLLATE utf8_unicode_ci DEFAULT NULL,
  `thumb` varchar(255) COLLATE utf8_unicode_ci DEFAULT NULL,
  `type` int(11) NOT NULL,
  `update_time` datetime DEFAULT NULL,
  `app_thumb` varchar(255) COLLATE utf8_unicode_ci DEFAULT NULL COMMENT 'APP',
  PRIMARY KEY (`id`)
) ENGINE=InnoDB AUTO_INCREMENT=57 DEFAULT CHARSET=utf8 COLLATE=utf8_unicode_ci;
/*!40101 SET character_set_client = @saved_cs_client */;

--
-- Dumping data for table `info_category`
--

LOCK TABLES `info_category` WRITE;
/*!40000 ALTER TABLE `info_category` DISABLE KEYS */;
INSERT INTO `info_category` VALUES (1,'add','2016-08-16 10:21:03','知识目录','知识目录',0,NULL,'',0,'2016-08-16 10:21:03',NULL),(2,'add','2016-08-16 10:21:16','学校类型','学校类型',0,'','',0,'2016-08-16 10:21:16',NULL),(3,'update','2016-08-16 10:21:29','方案','方案',1,'17,18,19,20','/Uploads/img/57b42a67dfff2.png',1,'2016-08-17 17:12:07',NULL),(4,'update','2016-08-16 10:21:38','咨询','咨询',1,'21,25,22','/Uploads/img/57b42a7e0879d.png',1,'2016-08-17 17:12:30',NULL),(5,'update','2016-08-16 10:21:45','团队','团队',1,'26,27,28,29,30','/Uploads/img/57b42a872d61c.png',1,'2016-08-17 17:12:39',NULL),(6,'update','2016-08-16 10:21:54','薪酬','薪酬',1,'31,32,33','/Uploads/img/57b42a8dc450a.png',1,'2016-08-17 17:12:45',NULL),(7,'update','2016-08-16 10:22:02','营销','营销',1,'34,35','/Uploads/img/57b42a94ec1cd.png',1,'2016-08-17 17:12:52',NULL),(8,'update','2016-08-16 10:22:11','教学','教学',1,'36,37','/Uploads/img/57b42a9b47f9f.png',1,'2016-08-17 17:12:59',NULL),(9,'update','2016-08-16 10:22:20','家教','家教',1,'38,39,40,41','/Uploads/img/57b42aa9e2edf.png',1,'2016-08-17 17:13:13',NULL),(10,'update','2016-08-16 10:22:29','精选','精选',1,'42,43,44','/Uploads/img/57b42ab609b17.png',1,'2016-08-17 17:13:26',NULL),(12,'update','2016-08-16 10:22:48','中小学文化课','中小学文化课',2,'45,46','/Uploads/img/57b42b9d8b66e.png',2,'2016-08-17 17:17:17',NULL),(13,'update','2016-08-16 10:22:59','艺术素质','艺术素质',2,'47,48,49,50,51,52,53','/Uploads/img/57b42bbed24e4.png',2,'2016-08-17 17:17:50',NULL),(14,'update','2016-08-16 10:23:07','托管','托管',2,NULL,'/Uploads/img/57b42bca743e6.png',2,'2016-08-17 17:18:02',NULL),(15,'update','2016-08-16 10:23:20','早期教育','早期教育',2,'56,55,54','/Uploads/img/57b42be5b2684.png',2,'2016-08-17 17:18:29',NULL),(16,'update','2016-08-16 10:23:32','全脑开发','全脑开发',2,NULL,'/Uploads/img/57b42bf8c083c.png',2,'2016-08-17 17:18:48',NULL),(17,'add','2016-08-16 10:23:55','早期教育','早期教育',3,'','',1,'2016-08-16 10:23:55',NULL),(18,'add','2016-08-16 10:24:10','小学文化课','小学文化课',3,NULL,'',1,'2016-08-16 10:24:10',NULL),(19,'add','2016-08-16 10:24:21','中学文化课','中学文化课',3,NULL,'',1,'2016-08-16 10:24:21',NULL),(20,'add','2016-08-16 10:24:32','艺术素质','艺术素质',3,NULL,'',1,'2016-08-16 10:24:32',NULL),(21,'add','2016-08-16 10:24:43','电话咨询','电话咨询',4,NULL,'',1,'2016-08-16 10:24:43',NULL),(22,'update','2016-08-16 10:24:52','讲座音频','当面咨询',4,NULL,'/Uploads/img/57c5b88907950.jpg',1,'2016-08-31 00:49:12','/Uploads/img/57c5b88907e10.jpg'),(25,'add','2016-08-16 10:25:28','咨询技巧','咨询技巧',4,NULL,'',1,'2016-08-16 10:25:28',NULL),(26,'add','2016-08-16 10:25:40','文化','文化',5,NULL,'',1,'2016-08-16 10:25:40',NULL),(27,'add','2016-08-16 10:25:48','流程','流程',5,NULL,'',1,'2016-08-16 10:25:48',NULL),(28,'add','2016-08-16 10:25:56','制度','制度',5,NULL,'',1,'2016-08-16 10:25:56',NULL),(29,'add','2016-08-16 10:26:07','架构','架构',5,NULL,'',1,'2016-08-16 10:26:07',NULL),(30,'add','2016-08-16 10:27:44','领导力','领导力',5,NULL,'',1,'2016-08-16 10:27:44',NULL),(31,'add','2016-08-16 10:27:54','薪酬','薪酬',6,NULL,'',1,'2016-08-16 10:27:54',NULL),(32,'add','2016-08-16 10:28:02','绩效','绩效',6,NULL,'',1,'2016-08-16 10:28:02',NULL),(33,'add','2016-08-16 10:28:17','奖惩','奖惩',6,NULL,'',1,'2016-08-16 10:28:17',NULL),(34,'add','2016-08-16 10:28:35','常规营销','常规营销',7,NULL,'',1,'2016-08-16 10:28:35',NULL),(35,'add','2016-08-16 10:28:45','自媒体营销','自媒体营销',7,NULL,'',1,'2016-08-16 10:28:45',NULL),(36,'add','2016-08-16 10:28:59','教务','教务',8,NULL,'',1,'2016-08-16 10:28:59',NULL),(37,'add','2016-08-16 10:29:17','教研','教研',8,NULL,'',1,'2016-08-16 10:29:17',NULL),(38,'add','2016-08-16 10:29:34','讲座范本','讲座范本',9,NULL,'',1,'2016-08-16 10:29:34',NULL),(39,'add','2016-08-16 10:29:50','讲座视频','讲座视频',9,NULL,'',1,'2016-08-16 10:29:50',NULL),(40,'add','2016-08-16 10:30:01','讲座音频','讲座音频',9,NULL,'',1,'2016-08-16 10:30:01',NULL),(41,'add','2016-08-16 10:30:13','精选文章','精选文章',9,NULL,'',1,'2016-08-16 10:30:13',NULL),(42,'add','2016-08-16 10:30:25','德飞老师','德飞老师',10,NULL,'',1,'2016-08-16 10:30:25',NULL),(43,'add','2016-08-16 10:30:33','其他导师','其他导师',10,NULL,'',1,'2016-08-16 10:30:33',NULL),(44,'add','2016-08-16 10:30:46','校长必读','校长必读',10,NULL,'',1,'2016-08-16 10:30:46',NULL),(45,'add','2016-08-16 10:30:56','小学文化课','小学文化课',12,NULL,'',2,'2016-08-16 10:30:56',NULL),(46,'add','2016-08-16 10:31:06','中学文化课','中学文化课',12,NULL,'',2,'2016-08-16 10:31:06',NULL),(47,'add','2016-08-16 10:31:14','舞蹈','舞蹈',13,NULL,'',2,'2016-08-16 10:31:14',NULL),(48,'add','2016-08-16 10:31:28','跆拳道','跆拳道',13,NULL,'',2,'2016-08-16 10:31:28',NULL),(49,'add','2016-08-16 10:31:37','乐器','乐器',13,NULL,'',2,'2016-08-16 10:31:37',NULL),(50,'add','2016-08-16 10:31:46','体育','体育',13,NULL,'',2,'2016-08-16 10:31:46',NULL),(51,'add','2016-08-16 10:32:04','音乐','音乐',13,NULL,'',2,'2016-08-16 10:32:04',NULL),(52,'add','2016-08-16 10:32:17','口才','口才',13,NULL,'',2,'2016-08-16 10:32:17',NULL),(53,'add','2016-08-16 10:32:25','其他','其他',13,NULL,'',2,'2016-08-16 10:32:25',NULL),(54,'update','2016-08-16 10:32:38','早教','早教',15,NULL,'',2,'2016-08-16 11:07:40',NULL),(55,'update','2016-08-16 10:32:48','幼儿园','幼儿园',15,NULL,'',2,'2016-08-16 11:07:32',NULL),(56,'update','2016-08-16 10:32:59','幼小衔接','幼小衔接',15,NULL,'',2,'2016-08-16 11:07:25',NULL);
/*!40000 ALTER TABLE `info_category` ENABLE KEYS */;
UNLOCK TABLES;

--
-- Table structure for table `info_category_article`
--

DROP TABLE IF EXISTS `info_category_article`;
/*!40101 SET @saved_cs_client     = @@character_set_client */;
/*!40101 SET character_set_client = utf8 */;
CREATE TABLE `info_category_article` (
  `article_id` bigint(20) NOT NULL,
  `category_id` bigint(20) NOT NULL,
  PRIMARY KEY (`article_id`,`category_id`),
  KEY `FK11n2au4juo1cetx7ud1gu2bvw` (`category_id`),
  CONSTRAINT `FK11n2au4juo1cetx7ud1gu2bvw` FOREIGN KEY (`category_id`) REFERENCES `info_category` (`id`),
  CONSTRAINT `FKpqn6ms740cq8v2lr3yg1a7lvv` FOREIGN KEY (`article_id`) REFERENCES `info_article` (`id`)
) ENGINE=InnoDB DEFAULT CHARSET=utf8 COLLATE=utf8_unicode_ci;
/*!40101 SET character_set_client = @saved_cs_client */;

--
-- Dumping data for table `info_category_article`
--

LOCK TABLES `info_category_article` WRITE;
/*!40000 ALTER TABLE `info_category_article` DISABLE KEYS */;
INSERT INTO `info_category_article` VALUES (40,3),(2,12),(19,12),(26,12),(29,12),(39,12),(3,13),(20,13),(24,13),(27,13),(30,13),(4,14),(8,15),(17,15),(18,15),(14,16),(23,16),(37,17),(38,17),(35,22),(33,25),(11,26),(21,26),(10,28),(12,28),(13,28),(15,30),(22,30),(29,30),(30,30),(14,34),(16,34),(17,34),(27,34),(28,34),(24,38),(2,42),(3,42),(4,42),(5,42),(6,42),(7,42),(23,42),(26,42),(31,42),(8,44),(9,44),(18,44),(19,44),(20,44),(25,44),(36,44),(39,44),(25,45),(31,45),(5,46),(28,46),(6,47),(13,47),(22,47),(7,48),(21,48),(12,50),(11,52),(10,53),(35,53),(36,53),(40,53),(33,54),(37,54),(9,55),(38,55),(15,56),(16,56);
/*!40000 ALTER TABLE `info_category_article` ENABLE KEYS */;
UNLOCK TABLES;

--
-- Table structure for table `notice_device_token`
--

DROP TABLE IF EXISTS `notice_device_token`;
/*!40101 SET @saved_cs_client     = @@character_set_client */;
/*!40101 SET character_set_client = utf8 */;
CREATE TABLE `notice_device_token` (
  `id` bigint(20) NOT NULL AUTO_INCREMENT,
  `device_token` varchar(255) DEFAULT NULL,
  `platform` int(11) NOT NULL,
  `user_id` bigint(20) NOT NULL,
  `user_type` int(11) NOT NULL,
  PRIMARY KEY (`id`),
  UNIQUE KEY `UK1hok5jcqqa1oh4buooi1e1djy` (`user_id`,`user_type`,`platform`),
  UNIQUE KEY `UK_4r03k2r81f6gbji1s8ukr8556` (`device_token`)
) ENGINE=InnoDB AUTO_INCREMENT=153 DEFAULT CHARSET=utf8;
/*!40101 SET character_set_client = @saved_cs_client */;

--
-- Dumping data for table `notice_device_token`
--

LOCK TABLES `notice_device_token` WRITE;
/*!40000 ALTER TABLE `notice_device_token` DISABLE KEYS */;
/*!40000 ALTER TABLE `notice_device_token` ENABLE KEYS */;
UNLOCK TABLES;

--
-- Table structure for table `notice_message`
--

DROP TABLE IF EXISTS `notice_message`;
/*!40101 SET @saved_cs_client     = @@character_set_client */;
/*!40101 SET character_set_client = utf8 */;
CREATE TABLE `notice_message` (
  `id` bigint(20) NOT NULL AUTO_INCREMENT,
  `content` text COLLATE utf8_unicode_ci,
  `create_time` datetime DEFAULT NULL,
  `priority` int(11) NOT NULL,
  `sender_id` bigint(20) NOT NULL,
  `title` varchar(255) COLLATE utf8_unicode_ci DEFAULT NULL,
  `type` int(11) NOT NULL,
  PRIMARY KEY (`id`)
) ENGINE=InnoDB AUTO_INCREMENT=11 DEFAULT CHARSET=utf8 COLLATE=utf8_unicode_ci;
/*!40101 SET character_set_client = @saved_cs_client */;

--
-- Dumping data for table `notice_message`
--

LOCK TABLES `notice_message` WRITE;
/*!40000 ALTER TABLE `notice_message` DISABLE KEYS */;
INSERT INTO `notice_message` VALUES (1,'Welcome to 校营通&lt;br/&gt;&lt;p&gt;&lt;br/&gt;&lt;/p&gt;','2016-08-18 22:55:13',0,18,'Welcome',0),(2,'&lt;p&gt;欢迎使用本平台&lt;/p&gt;','2016-08-18 23:04:31',0,18,'欢迎光临',0),(3,'&lt;p&gt;关于呼和浩特会议通知：&lt;/p&gt;&lt;p&gt;&amp;nbsp; 呼和浩特！我们来了&lt;/p&gt;','2016-08-19 17:57:38',1,17,'关于呼和浩特会议通知',0),(4,'&lt;p&gt;呼和浩特会议通知&lt;/p&gt;','2016-08-19 17:58:06',1,17,'呼和浩特会议通知',0),(5,'&lt;p&gt;呼和浩特&lt;/p&gt;','2016-08-19 17:58:38',1,17,'呼和浩特',0),(6,'&lt;p&gt;呼和浩特&lt;/p&gt;','2016-08-19 17:59:50',1,17,'呼和浩特',0),(7,'&lt;p&gt;呼和浩特&lt;/p&gt;','2016-08-19 18:01:12',1,17,'呼和浩特',0),(8,'&lt;p&gt;&amp;nbsp;&amp;nbsp;&amp;nbsp; 学校运营难，尤其是教育培训行业分蛋糕者越来越多的情况下，不论初衷是跟风还是追梦，这个行业的蛋糕是愈发不易得了，除非您有过得硬的运营体系。运营不易，发展就无从谈起，所以说，学校的良好发展在于有优秀的运营，优秀的运营在于体系的建立。&lt;br/&gt;&amp;nbsp;&amp;nbsp;&amp;nbsp; 在8月，天地人和将为校长们的学校发展天南海北地奔波，献计献策，全新打造小而美的精英论坛—《中国民办教育培训行业业绩倍增精英校长峰会》，你定会不虚此行的。&lt;/p&gt;','2016-08-22 10:49:33',1,17,'重庆校长峰会',0),(9,'&lt;p&gt;&amp;nbsp;&amp;nbsp;&amp;nbsp; 学校运营难，尤其是教育培训行业分蛋糕者越来越多的情况下，不论初衷是跟风还是追梦，这个行业的蛋糕是愈发不易得了，除非您有过得硬的运营体系。运营不易，发展就无从谈起，所以说，学校的良好发展在于有优秀的运营，优秀的运营在于体系的建立。&lt;br/&gt;&amp;nbsp;&amp;nbsp;&amp;nbsp; 在8月，天地人和将为校长们的学校发展天南海北地奔波，献计献策，全新打造小而美的精英论坛—《中国民办教育培训行业业绩倍增精英校长峰会》，你定会不虚此行的。&lt;/p&gt;','2016-08-22 10:57:11',1,17,'重庆校长峰会',0),(10,'&lt;p&gt;&amp;nbsp;&amp;nbsp;&amp;nbsp; 学校运营难，尤其是教育培训行业分蛋糕者越来越多的情况下，不论初衷是跟风还是追梦，这个行业的蛋糕是愈发不易得了，除非您有过得硬的运营体系。运营不易，发展就无从谈起，所以说，学校的良好发展在于有优秀的运营，优秀的运营在于体系的建立。&lt;br/&gt;&amp;nbsp;&amp;nbsp;&amp;nbsp; 在8月，天地人和将为校长们的学校发展天南海北地奔波，献计献策，全新打造小而美的精英论坛—《中国民办教育培训行业业绩倍增精英校长峰会》，你定会不虚此行的。&lt;/p&gt;','2016-08-22 11:08:49',0,17,'重庆校长峰会',0);
/*!40000 ALTER TABLE `notice_message` ENABLE KEYS */;
UNLOCK TABLES;

--
-- Table structure for table `notice_target`
--

DROP TABLE IF EXISTS `notice_target`;
/*!40101 SET @saved_cs_client     = @@character_set_client */;
/*!40101 SET character_set_client = utf8 */;
CREATE TABLE `notice_target` (
  `id` bigint(20) NOT NULL AUTO_INCREMENT,
  `notice_id` bigint(20) NOT NULL,
  `noticed_read` bit(1) NOT NULL,
  `noticed_read_time` datetime DEFAULT NULL,
  `read` bit(1) NOT NULL,
  `read_time` datetime DEFAULT NULL,
  `user_id` bigint(20) NOT NULL,
  PRIMARY KEY (`id`),
  UNIQUE KEY `UKg0qx1u20qs95qn2xrhm51qgvm` (`notice_id`,`user_id`),
  CONSTRAINT `FKnfuenfpps3j57mm13cyvhj31i` FOREIGN KEY (`notice_id`) REFERENCES `notice_message` (`id`)
) ENGINE=InnoDB AUTO_INCREMENT=2 DEFAULT CHARSET=utf8 COLLATE=utf8_unicode_ci;
/*!40101 SET character_set_client = @saved_cs_client */;

--
-- Dumping data for table `notice_target`
--

LOCK TABLES `notice_target` WRITE;
/*!40000 ALTER TABLE `notice_target` DISABLE KEYS */;
INSERT INTO `notice_target` VALUES (1,10,'\0',NULL,'','2016-08-22 16:27:28',42);
/*!40000 ALTER TABLE `notice_target` ENABLE KEYS */;
UNLOCK TABLES;

--
-- Table structure for table `shop_invoice`
--

DROP TABLE IF EXISTS `shop_invoice`;
/*!40101 SET @saved_cs_client     = @@character_set_client */;
/*!40101 SET character_set_client = utf8 */;
CREATE TABLE `shop_invoice` (
  `id` bigint(20) NOT NULL AUTO_INCREMENT,
  `create_time` datetime DEFAULT NULL,
  `_desc` varchar(255) COLLATE utf8_unicode_ci DEFAULT NULL,
  `header` varchar(255) COLLATE utf8_unicode_ci DEFAULT NULL,
  `money` int(11) NOT NULL,
  `name` varchar(255) COLLATE utf8_unicode_ci DEFAULT NULL,
  `no` varchar(255) COLLATE utf8_unicode_ci DEFAULT NULL,
  `open_invoice_time` datetime DEFAULT NULL,
  `type` int(11) NOT NULL,
  `update_time` datetime DEFAULT NULL,
  PRIMARY KEY (`id`)
) ENGINE=InnoDB AUTO_INCREMENT=17 DEFAULT CHARSET=utf8 COLLATE=utf8_unicode_ci;
/*!40101 SET character_set_client = @saved_cs_client */;

--
-- Dumping data for table `shop_invoice`
--

LOCK TABLES `shop_invoice` WRITE;
/*!40000 ALTER TABLE `shop_invoice` DISABLE KEYS */;
INSERT INTO `shop_invoice` VALUES (1,NULL,NULL,'[personal] fsf',0,NULL,NULL,NULL,1,NULL),(2,NULL,NULL,'[company] adsfasdfdasfsda',0,NULL,NULL,NULL,1,NULL),(3,NULL,NULL,'[personal] asdfdf',0,NULL,NULL,NULL,1,NULL),(4,NULL,NULL,'[personal] gerendanwei',0,NULL,NULL,NULL,1,NULL),(5,NULL,NULL,'[personal] ',160000,NULL,NULL,NULL,1,NULL),(6,NULL,NULL,'sdf',3000,NULL,NULL,NULL,1,NULL),(7,NULL,NULL,'啊啊啊。',1140,NULL,NULL,NULL,1,NULL),(8,NULL,NULL,'[personal] ',80000,NULL,NULL,NULL,1,NULL),(9,NULL,NULL,'sdf',3000,NULL,NULL,NULL,1,NULL),(10,NULL,NULL,'sdf',3000,NULL,NULL,NULL,1,NULL),(11,NULL,NULL,'sdf',3000,NULL,NULL,NULL,1,NULL),(12,NULL,NULL,'sdf',3000,NULL,NULL,NULL,1,NULL),(13,NULL,NULL,'sdf',80000,NULL,NULL,NULL,1,NULL),(14,NULL,NULL,'sdf',80000,NULL,NULL,NULL,1,NULL),(15,NULL,NULL,'sdf',80000,NULL,NULL,NULL,1,NULL),(16,NULL,NULL,'哦破陪',80000,NULL,NULL,NULL,1,NULL);
/*!40000 ALTER TABLE `shop_invoice` ENABLE KEYS */;
UNLOCK TABLES;

--
-- Table structure for table `shop_order`
--

DROP TABLE IF EXISTS `shop_order`;
/*!40101 SET @saved_cs_client     = @@character_set_client */;
/*!40101 SET character_set_client = utf8 */;
CREATE TABLE `shop_order` (
  `id` varchar(255) CHARACTER SET utf8 NOT NULL,
  `create_time` datetime DEFAULT NULL,
  `message` varchar(255) COLLATE utf8_unicode_ci DEFAULT NULL,
  `money` int(11) NOT NULL,
  `pay_method` int(11) NOT NULL,
  `pay_time` datetime DEFAULT NULL,
  `purchase_quantity` int(11) NOT NULL,
  `status` int(11) NOT NULL,
  `update_time` datetime DEFAULT NULL,
  `user_id` bigint(20) NOT NULL,
  `invoice_id` bigint(20) DEFAULT NULL,
  `product_id` bigint(20) DEFAULT NULL,
  KEY `FKgnnorvwndldvnkas3u42dr7n2` (`invoice_id`),
  KEY `FK8k2elyrcjwh4f7e26f4r8yegh` (`product_id`),
  CONSTRAINT `FK8k2elyrcjwh4f7e26f4r8yegh` FOREIGN KEY (`product_id`) REFERENCES `shop_product` (`id`),
  CONSTRAINT `FKgnnorvwndldvnkas3u42dr7n2` FOREIGN KEY (`invoice_id`) REFERENCES `shop_invoice` (`id`)
) ENGINE=InnoDB DEFAULT CHARSET=utf8 COLLATE=utf8_unicode_ci;
/*!40101 SET character_set_client = @saved_cs_client */;

--
-- Dumping data for table `shop_order`
--

LOCK TABLES `shop_order` WRITE;
/*!40000 ALTER TABLE `shop_order` DISABLE KEYS */;
INSERT INTO `shop_order` VALUES ('14714208792661176','2016-08-17 16:01:19','',40000,0,NULL,2,1,'2016-08-17 16:01:19',11,1,5),('14714209151411481','2016-08-17 16:01:55','fsaddsfsdaf',80000,0,NULL,1,1,'2016-08-17 16:01:55',14,2,1),('1471421286324780','2016-08-17 16:08:06','',3000,0,NULL,1,1,'2016-08-17 16:08:06',7,NULL,2),('14714212988731464','2016-08-17 16:08:19','fwewef',3000,0,NULL,1,1,'2016-08-17 16:08:19',14,NULL,2),('1471421495360892','2016-08-17 16:11:35','',20000,0,NULL,1,1,'2016-08-17 16:11:35',8,NULL,5),('1471421512024553','2016-08-17 16:11:52',NULL,80000,0,NULL,1,1,'2016-08-17 16:11:52',5,NULL,1),('1471421532134866','2016-08-17 16:12:12','',100000,0,NULL,1,1,'2016-08-17 16:12:12',8,NULL,4),('1471421578143558','2016-08-17 16:12:58',NULL,80000,0,NULL,1,1,'2016-08-17 16:12:58',5,NULL,1),('1471421601325566','2016-08-17 16:13:21',NULL,80000,0,NULL,1,1,'2016-08-17 16:13:21',5,NULL,1),('1471421701066559','2016-08-17 16:15:01',NULL,80000,0,NULL,1,1,'2016-08-17 16:15:01',5,NULL,1),('14714217127281410','2016-08-17 16:15:13','',80000,0,NULL,1,1,'2016-08-17 16:15:13',14,NULL,1),('1471421733814877','2016-08-17 16:15:34','',100000,0,NULL,1,1,'2016-08-17 16:15:34',8,NULL,4),('1471421748424873','2016-08-17 16:15:48','',100000,0,NULL,1,1,'2016-08-17 16:15:48',8,NULL,4),('14714236884711477','2016-08-17 16:48:08','',3000,0,NULL,1,1,'2016-08-17 16:48:08',14,NULL,2),('14714242258492311','2016-08-17 16:57:06','',80000,0,NULL,1,1,'2016-08-17 16:57:06',23,NULL,1),('1471424333750848','2016-08-17 16:58:54','',100000,0,NULL,1,1,'2016-08-17 16:58:54',8,NULL,4),('14714243458382341','2016-08-17 16:59:06','第三方发史蒂夫啊士大夫史蒂夫第三方打分都是粉色的发了的开始说的好可怜公司的控股说的话科技公司的很健康十多个看见合适的会计师的后果会计师的规划空间都是干活监控hs',24000,0,NULL,8,1,'2016-08-17 16:59:06',23,NULL,2),('1471424351457873','2016-08-17 16:59:11','',100000,0,NULL,1,1,'2016-08-17 16:59:11',8,NULL,4),('14714245048211479','2016-08-17 17:01:45','sfafs',80000,0,NULL,1,1,'2016-08-17 17:01:45',14,3,1),('14714245619971497','2016-08-17 17:02:42','',20000,0,NULL,1,1,'2016-08-17 17:02:42',14,4,5),('14714250545432325','2016-08-17 17:10:55','',3000,0,NULL,1,1,'2016-08-17 17:10:55',23,NULL,2),('1471425279802844','2016-08-17 17:14:40','',80000,0,NULL,1,1,'2016-08-17 17:14:40',8,NULL,1),('14714264410521136','2016-08-17 17:34:01',NULL,80000,0,NULL,1,1,'2016-08-17 17:34:01',11,NULL,1),('1471426848719826','2016-08-17 17:40:49','',80000,0,NULL,1,1,'2016-08-17 17:40:49',8,NULL,1),('14714287519352335','2016-08-17 18:12:32',NULL,80000,0,NULL,1,1,'2016-08-17 18:12:32',23,NULL,1),('14714292081492355','2016-08-17 18:20:08','',380,0,NULL,1,1,'2016-08-17 18:20:08',23,NULL,7),('14714292651062397','2016-08-17 18:21:05','',380,0,NULL,1,1,'2016-08-17 18:21:05',23,NULL,7),('14714293713091187','2016-08-17 18:22:51','',160000,0,NULL,2,1,'2016-08-17 18:22:51',11,5,1),('14714297315631181','2016-08-17 18:28:52','',160000,0,NULL,2,1,'2016-08-17 18:28:52',11,NULL,1),('14714298246132398','2016-08-17 18:30:25','',80000,0,NULL,1,1,'2016-08-17 18:30:25',23,NULL,1),('1471430032754510','2016-08-17 18:33:53','dsfdf',3000,0,NULL,1,1,'2016-08-17 18:33:53',5,6,2),('1471432010912210','2016-08-17 19:06:51','',80000,0,NULL,1,1,'2016-08-17 19:06:51',2,8,1),('14714320306932367','2016-08-17 19:07:11',NULL,80000,0,NULL,1,1,'2016-08-17 19:07:11',23,NULL,1),('14714320415652388','2016-08-17 19:07:22',NULL,80000,0,NULL,1,1,'2016-08-17 19:07:22',23,NULL,1),('1471432077411537','2016-08-17 19:07:57','dsfdf',3000,0,NULL,1,1,'2016-08-17 19:07:57',5,9,2),('1471432077924583','2016-08-17 19:07:58',NULL,80000,0,NULL,1,1,'2016-08-17 19:07:58',5,NULL,1),('1471432082921556','2016-08-17 19:08:03','dsfdf',3000,0,NULL,1,1,'2016-08-17 19:08:03',5,10,2),('14714321015981151','2016-08-17 19:08:22',NULL,80000,0,NULL,1,1,'2016-08-17 19:08:22',11,NULL,1),('1471432275421539','2016-08-17 19:11:15','dsfdf',3000,0,NULL,1,1,'2016-08-17 19:11:15',5,11,2),('1471432283353554','2016-08-17 19:11:23','dsfdf',3000,0,NULL,1,1,'2016-08-17 19:11:23',5,12,2),('1471432299737561','2016-08-17 19:11:40','dsfdf',80000,0,NULL,1,1,'2016-08-17 19:11:40',5,13,1),('1471432312541575','2016-08-17 19:11:53','dsfdf',80000,0,NULL,1,1,'2016-08-17 19:11:53',5,14,1),('1471432316931554','2016-08-17 19:11:57','dsfdf',80000,0,NULL,1,1,'2016-08-17 19:11:57',5,15,1),('1471432606971596','2016-08-17 19:16:47',NULL,80000,0,NULL,1,1,'2016-08-17 19:16:47',5,NULL,1),('14714326115081191','2016-08-17 19:16:52',NULL,80000,0,NULL,1,1,'2016-08-17 19:16:52',11,NULL,1),('1471432724648670','2016-08-17 19:18:45','',80000,0,NULL,1,1,'2016-08-17 19:18:45',6,NULL,1),('1471432745340632','2016-08-17 19:19:05','',100000,0,NULL,1,1,'2016-08-17 19:19:05',6,NULL,4),('1471432786001624','2016-08-17 19:19:46','',100000,0,NULL,1,1,'2016-08-17 19:19:46',6,NULL,4),('1471434244586560','2016-08-17 19:44:05',NULL,80000,0,NULL,1,1,'2016-08-17 19:44:05',5,NULL,1),('1471435911686875','2016-08-17 20:11:52','',100000,0,NULL,1,1,'2016-08-17 20:11:52',8,NULL,4),('14714402044473154','2016-08-17 21:23:24',NULL,100000,0,NULL,1,1,'2016-08-17 21:23:24',31,NULL,4),('1471444930404271','2016-08-17 22:42:10','',100000,0,NULL,1,1,'2016-08-17 22:42:10',2,NULL,4),('1471444930725256','2016-08-17 22:42:11','',100000,0,NULL,1,1,'2016-08-17 22:42:11',2,NULL,4),('14714849674262340','2016-08-18 09:49:27','',80000,0,NULL,1,1,'2016-08-18 09:49:27',23,NULL,1),('14714915162543613','2016-08-18 11:38:36','',80000,0,NULL,1,1,'2016-08-18 11:38:36',36,NULL,1),('14715023486593927','2016-08-18 14:39:09',NULL,80000,0,NULL,1,1,'2016-08-18 14:39:09',39,NULL,1),('14715080960953884','2016-08-18 16:14:56',NULL,380,0,NULL,1,1,'2016-08-18 16:14:56',38,NULL,7),('1471519180460856','2016-08-18 19:19:40','',7600,0,NULL,20,1,'2016-08-18 19:19:40',8,NULL,7),('1471519268765841','2016-08-18 19:21:09','',10000,0,NULL,1,1,'2016-08-18 19:21:09',8,NULL,3),('14715204253603629','2016-08-18 19:40:25','你几次',80000,0,NULL,1,1,'2016-08-18 19:40:25',36,16,1),('20160819000015224613','2016-08-19 09:23:41','',80000,0,NULL,1,1,'2016-08-19 09:23:41',48,NULL,1),('20160819000025224686','2016-08-19 17:53:42','',100000,0,NULL,1,1,'2016-08-19 17:53:42',48,NULL,4),('2016081900003-657036','2016-08-19 19:10:11','',10000,0,NULL,1,1,'2016-08-19 19:10:11',43,NULL,3),('2016081900004-560488','2016-08-19 19:10:18','',380,0,NULL,1,1,'2016-08-19 19:10:18',60,NULL,7),('2016081900005-560478','2016-08-19 19:14:24','',380,0,NULL,1,1,'2016-08-19 19:14:24',60,NULL,7),('20160819000061796093','2016-08-19 19:17:57','vggg ',20000,0,NULL,1,1,'2016-08-19 19:17:57',49,NULL,5),('20160819000071796073','2016-08-19 19:18:25','黑板报',100000,0,NULL,1,1,'2016-08-19 19:18:25',49,NULL,4),('20160819000082650321','2016-08-19 19:26:46','',380,0,NULL,1,1,'2016-08-19 19:26:46',74,NULL,7),('20160819000092650368','2016-08-19 19:26:46','',380,0,NULL,1,1,'2016-08-19 19:26:46',74,NULL,7),('20160819000112650397','2016-08-19 19:26:46','',380,0,NULL,1,1,'2016-08-19 19:26:46',74,NULL,7),('20160819000102650314','2016-08-19 19:26:46','',380,0,NULL,1,1,'2016-08-19 19:26:46',74,NULL,7),('20160819000122650377','2016-08-19 19:26:46','',380,0,NULL,1,1,'2016-08-19 19:26:46',74,NULL,7),('20160819000132650392','2016-08-19 19:26:46','',380,0,NULL,1,1,'2016-08-19 19:26:46',74,NULL,7),('20160819000142650342','2016-08-19 19:26:46','',380,0,NULL,1,1,'2016-08-19 19:26:46',74,NULL,7),('20160819000162650325','2016-08-19 19:26:46','',380,0,NULL,1,1,'2016-08-19 19:26:46',74,NULL,7),('20160819000152650355','2016-08-19 19:26:46','',380,0,NULL,1,1,'2016-08-19 19:26:46',74,NULL,7),('20160819000172650311','2016-08-19 19:26:46','',380,0,NULL,1,1,'2016-08-19 19:26:46',74,NULL,7),('20160819000182650398','2016-08-19 19:26:46','',380,0,NULL,1,1,'2016-08-19 19:26:46',74,NULL,7),('20160819000192650369','2016-08-19 19:26:46','',380,0,NULL,1,1,'2016-08-19 19:26:46',74,NULL,7),('20160819000202650394','2016-08-19 19:26:47','',380,0,NULL,1,1,'2016-08-19 19:26:47',74,NULL,7),('20160819000214250948','2016-08-19 19:30:01','',80000,0,NULL,1,1,'2016-08-19 19:30:01',62,NULL,1),('20160819000222650378','2016-08-19 19:30:17','',380,0,NULL,1,1,'2016-08-19 19:30:17',74,NULL,7),('20160819000232650373','2016-08-19 19:30:17','',380,0,NULL,1,1,'2016-08-19 19:30:17',74,NULL,7),('20160819000242650352','2016-08-19 19:30:17','',380,0,NULL,1,1,'2016-08-19 19:30:17',74,NULL,7),('20160819000252650335','2016-08-19 19:30:17','',380,0,NULL,1,1,'2016-08-19 19:30:17',74,NULL,7),('20160819000262650325','2016-08-19 19:30:17','',380,0,NULL,1,1,'2016-08-19 19:30:17',74,NULL,7),('20160819000272650364','2016-08-19 19:30:17','',380,0,NULL,1,1,'2016-08-19 19:30:17',74,NULL,7),('20160819000282650351','2016-08-19 19:30:19','',380,0,NULL,1,1,'2016-08-19 19:30:19',74,NULL,7),('20160819000294250952','2016-08-19 19:31:18','',380,0,NULL,1,1,'2016-08-19 19:31:18',62,NULL,7),('20160819000305100656','2016-08-19 19:32:16','',380,0,NULL,1,1,'2016-08-19 19:32:16',75,NULL,7),('20160819000319774020','2016-08-19 19:35:18','',80000,0,NULL,1,1,'2016-08-19 19:35:18',81,NULL,1),('20160819000324250927','2016-08-19 19:35:34','',380,0,NULL,1,1,'2016-08-19 19:35:34',62,NULL,7),('2016081900033-743393','2016-08-19 19:35:44','',80000,0,NULL,1,1,'2016-08-19 19:35:44',72,NULL,1),('2016081900034-743388','2016-08-19 19:35:44','',80000,0,NULL,1,1,'2016-08-19 19:35:44',72,NULL,1),('2016081900035-743324','2016-08-19 19:35:51','',80000,0,NULL,1,1,'2016-08-19 19:35:51',72,NULL,1),('2016081900036-223478','2016-08-19 19:36:11','',380,0,NULL,1,1,'2016-08-19 19:36:11',71,NULL,7),('2016081900037-203935','2016-08-19 19:36:47',NULL,80000,0,NULL,1,1,'2016-08-19 19:36:47',45,NULL,1),('2016081900038-743319','2016-08-19 19:37:33','',380,0,NULL,1,1,'2016-08-19 19:37:33',72,NULL,7),('2016081900039-743352','2016-08-19 19:37:39','',380,0,NULL,1,1,'2016-08-19 19:37:39',72,NULL,7),('20160819000409774077','2016-08-19 19:41:47','',380,0,NULL,1,1,'2016-08-19 19:41:47',81,NULL,7),('2016081900041-560432','2016-08-19 19:43:49','',380,0,NULL,1,1,'2016-08-19 19:43:49',60,NULL,7),('2016081900042-560456','2016-08-19 19:43:59','',3000,0,NULL,1,1,'2016-08-19 19:43:59',60,NULL,2),('2016082000001-657098','2016-08-20 13:04:37','',380,0,NULL,1,1,'2016-08-20 13:04:37',43,NULL,7),('2016082000002-286271','2016-08-20 13:47:08',NULL,3000,0,NULL,1,1,'2016-08-20 13:47:08',42,NULL,2),('2016082000003-286226','2016-08-20 13:47:18',NULL,80000,0,NULL,1,1,'2016-08-20 13:47:18',42,NULL,1),('2016082000004-286296','2016-08-20 13:47:55',NULL,3000,0,NULL,1,1,'2016-08-20 13:47:55',42,NULL,2),('2016082000005-286294','2016-08-20 13:48:03',NULL,100000,0,NULL,1,1,'2016-08-20 13:48:03',42,NULL,4),('20160820000068589097','2016-08-20 15:43:17','',80000,0,NULL,1,1,'2016-08-20 15:43:17',54,NULL,1),('20160820000075822583','2016-08-20 16:10:54','',20000,0,NULL,1,1,'2016-08-20 16:10:54',56,NULL,5),('20160820000085822556','2016-08-20 16:11:09','',20000,0,NULL,1,1,'2016-08-20 16:11:09',56,NULL,5),('20160820000095822585','2016-08-20 16:11:15','',20000,0,NULL,1,1,'2016-08-20 16:11:15',56,NULL,5),('20160820000105822524','2016-08-20 16:11:47','',100000,0,NULL,1,1,'2016-08-20 16:11:47',56,NULL,4),('20160820000115822543','2016-08-20 16:11:52','',100000,0,NULL,1,1,'2016-08-20 16:11:52',56,NULL,4),('20160820000125822526','2016-08-20 20:30:50','',100000,0,NULL,1,1,'2016-08-20 20:30:50',56,NULL,4),('20160820000134545254','2016-08-20 21:32:16','我',10000,0,NULL,1,1,'2016-08-20 21:32:16',80,NULL,3),('2016082000014-390340','2016-08-20 21:46:47','',380,0,NULL,1,1,'2016-08-20 21:46:47',95,NULL,7),('20160820000156775285','2016-08-20 21:53:02','',380,0,NULL,1,1,'2016-08-20 21:53:02',98,NULL,7),('20160820000162650355','2016-08-20 22:31:01','brunch',380,0,NULL,1,1,'2016-08-20 22:31:01',74,NULL,7),('2016082000017-458438','2016-08-20 22:32:57','',80000,0,NULL,1,1,'2016-08-20 22:32:57',78,NULL,1),('2016082000018-458439','2016-08-20 22:33:17','',380,0,NULL,1,1,'2016-08-20 22:33:17',78,NULL,7),('2016082100001-220556','2016-08-21 14:44:32','',380,0,NULL,1,1,'2016-08-21 14:44:32',93,NULL,7),('2016082100002-220513','2016-08-21 14:44:51','',80000,0,NULL,1,1,'2016-08-21 14:44:51',93,NULL,1),('20160821000034961277','2016-08-21 16:41:04','',380,0,NULL,1,1,'2016-08-21 16:41:04',103,NULL,7),('20160822000015224632','2016-08-22 16:41:56','客户留言',20000,0,NULL,1,1,'2016-08-22 16:41:56',48,NULL,5),('20160822000025224644','2016-08-22 17:01:31','',3800,0,NULL,10,1,'2016-08-22 17:01:31',48,NULL,7),('20160822000035224672','2016-08-22 18:05:21','',100000,0,NULL,1,1,'2016-08-22 18:05:21',48,NULL,4),('2016082300001-286278','2016-08-23 11:08:03',NULL,80000,0,NULL,1,1,'2016-08-23 11:08:03',42,NULL,1),('2016082300002-286276','2016-08-23 11:57:01',NULL,80000,0,NULL,1,1,'2016-08-23 11:57:01',42,NULL,1),('2016082300003-286256','2016-08-23 11:57:01',NULL,80000,0,NULL,1,1,'2016-08-23 11:57:01',42,NULL,1),('2016082300004-286236','2016-08-23 11:58:35',NULL,80000,0,NULL,1,1,'2016-08-23 11:58:35',42,NULL,1),('2016082300005-286295','2016-08-23 11:58:53',NULL,80000,0,NULL,1,1,'2016-08-23 11:58:53',42,NULL,1),('2016082300006-286251','2016-08-23 14:24:21',NULL,80000,0,NULL,1,1,'2016-08-23 14:24:21',42,NULL,1),('20160823000075822524','2016-08-23 17:49:58','',100000,0,NULL,1,1,'2016-08-23 17:49:58',56,NULL,4),('20160824000015822553','2016-08-24 00:21:43','',80000,0,NULL,1,1,'2016-08-24 00:21:43',56,NULL,1),('2016082400002-203966','2016-08-24 10:33:57',NULL,80000,0,NULL,1,1,'2016-08-24 10:33:57',45,NULL,1),('2016082400003-203984','2016-08-24 10:35:54',NULL,80000,0,NULL,1,1,'2016-08-24 10:35:54',45,NULL,1),('20160824000045822593','2016-08-24 15:14:10','',100000,0,NULL,1,1,'2016-08-24 15:14:10',56,NULL,4),('20160824000055822568','2016-08-24 15:20:42','',10000,0,NULL,1,1,'2016-08-24 15:20:42',56,NULL,3),('20160824000065822574','2016-08-24 17:09:21','',80000,0,NULL,1,1,'2016-08-24 17:09:21',56,NULL,1),('20160824000075822542','2016-08-24 17:09:48','',80000,0,NULL,1,1,'2016-08-24 17:09:48',56,NULL,1),('20160824000085822581','2016-08-24 17:09:58','',3000,0,NULL,1,1,'2016-08-24 17:09:58',56,NULL,2),('2016082500001-286250','2016-08-25 10:20:39',NULL,80000,0,NULL,1,1,'2016-08-25 10:20:39',42,NULL,1),('20160825000025224638','2016-08-25 11:36:25','',80000,0,NULL,1,1,'2016-08-25 11:36:25',48,NULL,1),('2016082500003-761658','2016-08-25 14:36:26',NULL,380,0,NULL,1,1,'2016-08-25 14:36:26',123,NULL,7),('2016082500004-203964','2016-08-25 15:43:29',NULL,10000,0,NULL,1,1,'2016-08-25 15:43:29',45,NULL,3),('2016082500005-286229','2016-08-25 16:10:14',NULL,3000,0,NULL,1,1,'2016-08-25 16:10:14',42,NULL,2),('2016082500006-286227','2016-08-25 16:10:28',NULL,380,0,NULL,1,1,'2016-08-25 16:10:28',42,NULL,7),('2016082500007-286250','2016-08-25 17:47:24',NULL,3000,0,NULL,1,1,'2016-08-25 17:47:24',42,NULL,2),('2016082500008-220586','2016-08-25 19:02:48',NULL,80000,0,NULL,1,1,'2016-08-25 19:02:48',93,NULL,1),('2016082600001-405068','2016-08-26 11:07:19',NULL,20000,0,NULL,1,1,'2016-08-26 11:07:19',106,NULL,5),('2016082600002-286263','2016-08-26 14:48:33',NULL,80000,0,NULL,1,1,'2016-08-26 14:48:33',42,NULL,1),('20160827000017158768','2016-08-27 21:39:36',NULL,380,0,NULL,1,1,'2016-08-27 21:39:36',145,NULL,7),('20160827000027158734','2016-08-27 21:39:42',NULL,380,0,NULL,1,1,'2016-08-27 21:39:42',145,NULL,7),('2016082700003-203712','2016-08-27 23:33:19','没图片吗？\n\n',10000,0,NULL,1,1,'2016-08-27 23:33:19',282,NULL,3),('20160829000015963239','2016-08-29 11:59:33',NULL,80000,0,NULL,1,1,'2016-08-29 11:59:33',303,NULL,1),('2016082900002-116822','2016-08-29 17:48:26','',3000,0,NULL,1,1,'2016-08-29 17:48:26',50,NULL,2),('2016083000001-203923','2016-08-30 11:34:51','',80000,0,NULL,1,1,'2016-08-30 11:34:51',45,NULL,1),('20160830000025963224','2016-08-30 16:06:40','',80000,0,NULL,1,1,'2016-08-30 16:06:40',303,NULL,1),('20160831000015799737','2016-08-31 01:17:17','',80000,0,NULL,1,1,'2016-08-31 01:17:17',41,NULL,1);
/*!40000 ALTER TABLE `shop_order` ENABLE KEYS */;
UNLOCK TABLES;

--
-- Table structure for table `shop_product`
--

DROP TABLE IF EXISTS `shop_product`;
/*!40101 SET @saved_cs_client     = @@character_set_client */;
/*!40101 SET character_set_client = utf8 */;
CREATE TABLE `shop_product` (
  `id` bigint(20) NOT NULL AUTO_INCREMENT,
  `create_time` datetime DEFAULT NULL,
  `_desc` varchar(255) COLLATE utf8_unicode_ci DEFAULT NULL,
  `expire_time` datetime DEFAULT NULL,
  `full_payment` int(4) NOT NULL DEFAULT '1' COMMENT 'product ',
  `name` varchar(255) COLLATE utf8_unicode_ci DEFAULT NULL,
  `permission` int(11) NOT NULL,
  `price` int(11) NOT NULL,
  `service_cycle` int(11) NOT NULL,
  `thumb` varchar(255) COLLATE utf8_unicode_ci DEFAULT NULL,
  `type` int(11) NOT NULL,
  `update_time` datetime DEFAULT NULL,
  `unit` varchar(255) COLLATE utf8_unicode_ci DEFAULT NULL,
  `content` text COLLATE utf8_unicode_ci,
  `unshelve` bit(1) NOT NULL DEFAULT b'0' COMMENT 'æ˜¯å¦ä¸‹æž¶ã€€ï¼‘ä¸ºä¸‹æž¶ 0ä¸ä¸‹æž¶',
  PRIMARY KEY (`id`)
) ENGINE=InnoDB AUTO_INCREMENT=10 DEFAULT CHARSET=utf8 COLLATE=utf8_unicode_ci;
/*!40101 SET character_set_client = @saved_cs_client */;

--
-- Dumping data for table `shop_product`
--

LOCK TABLES `shop_product` WRITE;
/*!40000 ALTER TABLE `shop_product` DISABLE KEYS */;
INSERT INTO `shop_product` VALUES (1,'2016-08-16 15:53:17','采用科学有效的“眼脑直映”训练方式，改变学生传统的阅读习惯',NULL,0,'高效阅读',1,80000,0,'/Uploads/img/57b2c66d05b9e.png',2,'2016-08-17 16:24:04','1年','&lt;p&gt;&amp;nbsp;&amp;nbsp;&amp;nbsp;&amp;nbsp;&amp;nbsp;&amp;nbsp; 高效阅读是由北京天地人和著名教育专家团队通过对人脑阅读习惯的深入研究，并结合脑科学、眼科学、心理学、教育学以及国内外相关资讯等多方面的学科研究成果设计而成。采用科学有效的“眼脑直映”训练方式，改变学生传统的阅读习惯，通过高效阅读专用APP平板、学力机、瞬间感知训练等方法，不仅让学生拥有高人一等的阅读能力，还能有效解决让家长头疼的孩子注意力不够集中、上课走神、作业拖拉、理解能力不强等一系列的学习效率低的问题。&lt;br/&gt;&amp;nbsp;&amp;nbsp;&amp;nbsp;&amp;nbsp;&amp;nbsp;&amp;nbsp;&amp;nbsp; 考核标准：1000套教材，教材：120元/套&lt;/p&gt;','\0'),(2,'2016-08-16 15:55:02','集研发，生产、教学及推广为一体的科教项目。致力于幼、少儿科技能力培养',NULL,0,'小小爱迪生',1,3000,0,'/Uploads/img/57b2c6d605e26.png',2,'2016-08-16 17:25:43','300套','&lt;p&gt;&amp;nbsp;&amp;nbsp;&amp;nbsp;&amp;nbsp;&amp;nbsp;&amp;nbsp;小小爱迪生是国内第一家集研发，生产、教学及项目推广为一体的科技类教育公司。主要从事幼、少儿科技能力培养。&lt;br/&gt;&amp;nbsp;&amp;nbsp;&amp;nbsp;&amp;nbsp;&amp;nbsp;&amp;nbsp; 小小爱迪生少年创客培训基地集研发、生产、教学为一体。参考欧美成熟的“做中学，玩中学，错中学”的教育理念，根据中国孩子特点采取探究式教学、赏识教育的模式，参照多元智能教育理论，创办了一整套的小小爱迪生少年创客培训体系。&lt;br/&gt;&amp;nbsp;&amp;nbsp;&amp;nbsp;&amp;nbsp;&amp;nbsp;&amp;nbsp;我们的体系包含物理、化学、生物、天文、地理、机械、电子等相关知识。老师采用探究式教学引导孩子发现生活中的规律和科学，并用这些知识完成一件相关的科技作品，作品带回家后反复的玩耍体验中可以提升孩子的认识和感悟。不仅可以提高孩子的能力、还可以提高孩子的学习兴趣、专注力和自信心。&lt;br/&gt;&amp;nbsp;&amp;nbsp;&amp;nbsp;&amp;nbsp;&amp;nbsp;&amp;nbsp;针对老师科学教学演示实验器材匮乏的现象，我司进行了大量大型演示教具的研发、生产，不仅可以为老师提供上课时的教具，同时也可以单独为中小学校搭建科学探究馆。&lt;br/&gt;&amp;nbsp;&amp;nbsp;&amp;nbsp;&amp;nbsp;&amp;nbsp;&amp;nbsp;小小爱迪生已经在东北师大附小，吉林市第一实验小学等一些小学，吉林市龙潭区青少年活动中心，承德市青少年活动中心，唐山市青少年活动中心等机构，以及一些校外培训学校合作了小小爱迪生创客培训课程，在校园社会实践、第二课堂、科学课的革新方面取得了良好的效果。多年的青少年科技教育普及中我们得出一个结论：好校长未必搞科技，但搞科技的一定是一个好校长。&lt;br/&gt;&amp;nbsp;&amp;nbsp;&amp;nbsp;&amp;nbsp;&amp;nbsp;&amp;nbsp;公司在器材研发生产之外，邀请诸多专家学者精心设计的教学环节崭新的教法也非常新颖，保证了孩子在观察能力，发现问题解决问题的能力，创新能力，动手能力，表达能力和团队协作的能力方面锻炼和提升，带给社会真正的素质教育。让孩子学会如何观察、如何思考、如何动手。&lt;/p&gt;','\0'),(3,'2016-08-16 15:56:47','国际化创意少儿乐高培训课程，培养孩子动手、创新、合作等能力。',NULL,0,'瓦莉机器人',1,10000,0,'/Uploads/img/57b2c73fbb3aa.png',2,'2016-08-17 15:55:19','次/4人','&lt;p&gt;&amp;nbsp;&amp;nbsp;&amp;nbsp;&amp;nbsp;&amp;nbsp;&amp;nbsp; 瓦莉机器人是一家国际化的创意乐高少儿科技培训中心。致力于3-12岁少儿的乐高教学课程，通过&amp;#39;Learning by Making&amp;#39; 的自主教育理念，打开脑洞，充分发挥孩子想象力与创造力，可以愉快地学到物理、数学、计算机等学科知识，让孩子孩子具备合理有序规划事件并独立自主解决问题的良好习惯，从而潜移默化的影响孩子生活学习的各个方面，全方位培养孩子的动手能力、创新思维、团队合作等综合能力。 &lt;br/&gt;&lt;/p&gt;','\0'),(4,'2016-08-16 15:58:25','旨在开发青少年脑潜能，含实践教学、课程研发、加盟推广和服务支持',NULL,0,'天元新脑',1,100000,0,'/Uploads/img/57b2c7a13b524.png',2,'2016-08-17 16:06:34','次/永久','&lt;p&gt;&amp;nbsp; &amp;nbsp;&amp;nbsp;&amp;nbsp;&amp;nbsp;“天元新脑”隶属于北京天地和教育集团，是一家专门致力于青少年脑潜能开发及各项特色课程的研发与培训，集实践教学、课程研发、加盟推广、服务支持为一体的教育机构。&lt;br/&gt;&amp;nbsp; &amp;nbsp;&amp;nbsp;&amp;nbsp;&amp;nbsp; 天元新脑以“成就一个孩子，幸福一个家庭，实现中国梦”的伟大企业使命为己任。引进国际先进的全脑潜能开发教育理念和课程，结合中国教育现状，经过教育专家团队多年潜心研究和教学实践，特别推出一套系统全面的全脑潜能开发课程。&lt;br/&gt;&amp;nbsp; &amp;nbsp;&amp;nbsp;&amp;nbsp;&amp;nbsp;“天元新脑”注重培养青少年的超强记忆力、丰富的想像力、快速阅读力、非凡的创造力等综合能力。通过大量有趣、生动、愉快的课程设置，开启右脑想象力、启发大脑潜能，提高孩子的综合能力，让他们在快乐、感恩、自信中成长，为未来的精彩人生奠定丰厚的基础。&lt;br/&gt;&amp;nbsp; &amp;nbsp;&amp;nbsp;&amp;nbsp;&amp;nbsp;课程设置秉着“先塑造人格为本、提升能力为主、再全面提高学习成绩”的教育理念，公司秉着“全力以赴、为善去恶，精进正向”的经营理念，力争为每位学员提供专业、权威、轻松、有趣的训练，让每位接触“天元新脑”的人都能感受到脑力革命带来的惊喜与希望！&lt;/p&gt;','\0'),(5,'2016-08-16 15:59:55','16年倾心研究，28节笔法操，实现用笔专业性，书写节奏性',NULL,0,'华栋练字',1,20000,0,'/Uploads/img/57b2c7fbf17b3.png',2,'2016-08-16 17:27:15','2年','&lt;p&gt;&amp;nbsp;&amp;nbsp;&amp;nbsp;&amp;nbsp;&amp;nbsp;&amp;nbsp; 华栋练字：16年倾心研究，28节笔法操，实现用笔专业性，书写节奏性，无尘教学的规模性。大道至简，科学权威!&lt;br/&gt;&amp;nbsp;&amp;nbsp;&amp;nbsp;&amp;nbsp;&amp;nbsp;&amp;nbsp;华栋练字法，深入晋唐古帖。从中提取精髓完善练字体系。采用高清高帧视频同步教学和版权七节二十八套笔法操，颠覆传统的教学练字方法。实现一对一百、两百胜过一对一。38小时练成一手漂亮的硬笔字，字迹轻、快、立体感实用性强，古韵浓郁、适合现在中高考电子阅卷、趣味横生、大道至简，举一反三，触类旁通，从根里解决了广大学生练字的困惑，练字不写字，融心、脑、手畅通是华栋练字的核心，真正做到写一手漂亮字和呼吸一样简单。&lt;/p&gt;','\0'),(7,'2016-08-17 17:43:34','为校长们学校发展天南海北地奔波，献计献策，打造小而美的精英论坛',NULL,0,'重庆校长峰会',1,380,0,'/Uploads/img/57b431c62a10c.png',3,'2016-08-17 17:43:34','人次','&lt;p&gt;&amp;nbsp; 学校运营难，尤其是教育培训行业分蛋糕者越来越多的情况下，不论初衷是跟风还是追梦，这个行业的蛋糕是愈发不易得了，除非您有过得硬的运营体系。运营不易，发展就无从谈起，所以说，学校的良好发展在于有优秀的运营，优秀的运营在于体系的建立。&lt;/p&gt;&lt;p&gt;&amp;nbsp; 在8月，天地人和将为校长们的学校发展天南海北地奔波，献计献策，全新打造小而美的精英论坛—《中国民办教育培训行业业绩倍增精英校长峰会》，你定会不虚此行的。&lt;/p&gt;&lt;p&gt;&lt;br/&gt;&lt;/p&gt;','\0'),(9,'2016-08-18 10:22:46','',NULL,0,'',1,0,0,'',1,'2016-08-18 10:22:46','','','\0');
/*!40000 ALTER TABLE `shop_product` ENABLE KEYS */;
UNLOCK TABLES;

--
-- Table structure for table `user`
--

DROP TABLE IF EXISTS `user`;
/*!40101 SET @saved_cs_client     = @@character_set_client */;
/*!40101 SET character_set_client = utf8 */;
CREATE TABLE `user` (
  `id` bigint(20) NOT NULL AUTO_INCREMENT,
  `create_time` datetime DEFAULT NULL,
  `email` varchar(255) COLLATE utf8_unicode_ci DEFAULT NULL,
  `name` varchar(255) COLLATE utf8_unicode_ci DEFAULT NULL,
  `phone` bigint(20) DEFAULT NULL,
  `portrait` varchar(255) COLLATE utf8_unicode_ci DEFAULT NULL,
  `pwd` varchar(70) COLLATE utf8_unicode_ci NOT NULL,
  `qqid` varchar(255) COLLATE utf8_unicode_ci DEFAULT NULL,
  `sinaid` varchar(255) COLLATE utf8_unicode_ci DEFAULT NULL,
  `status` int(11) NOT NULL,
  `type` int(11) NOT NULL,
  `update_time` datetime DEFAULT NULL,
  `wechatid` varchar(255) COLLATE utf8_unicode_ci DEFAULT NULL,
  `address_id` bigint(20) DEFAULT NULL,
  `level_id` int(11) DEFAULT NULL,
  PRIMARY KEY (`id`),
  UNIQUE KEY `UK94f2jyy9aadl2ojq9p66ms52f` (`phone`,`type`),
  KEY `FKtef4yrwcciaim0ehvc0aidpjl` (`address_id`),
  KEY `FKnrvwilsqjctl3iybv4jsr6p9e` (`level_id`),
  CONSTRAINT `FKnrvwilsqjctl3iybv4jsr6p9e` FOREIGN KEY (`level_id`) REFERENCES `user_level` (`id`),
  CONSTRAINT `FKtef4yrwcciaim0ehvc0aidpjl` FOREIGN KEY (`address_id`) REFERENCES `common_address` (`id`)
) ENGINE=InnoDB AUTO_INCREMENT=317 DEFAULT CHARSET=utf8 COLLATE=utf8_unicode_ci;
/*!40101 SET character_set_client = @saved_cs_client */;

--
-- Dumping data for table `user`
--

LOCK TABLES `user` WRITE;
/*!40000 ALTER TABLE `user` DISABLE KEYS */;
INSERT INTO `user` VALUES (17,'2016-08-17 15:27:10','fanqi@tdrhedu.com','樊 琦',3704062961992,'/Uploads/img/57c6ef63e5851.png','4ae4e7c6594bc89fd98c23f9e86bbadb',NULL,NULL,0,1,'2016-08-17 15:27:10',NULL,NULL,8),(18,'2016-08-17 15:31:53','luojian@tdrhedu.com','罗 坚',18612037319,NULL,'aa5ab81f7002e681fdce0a6d09597115',NULL,NULL,0,1,'2016-08-17 15:31:53',NULL,NULL,5),(24,'2016-08-17 18:42:33',NULL,'李',13911927204,NULL,'1cc9b83067ee804c193108c447a0b96f',NULL,NULL,0,0,'2016-08-22 09:28:22',NULL,NULL,1),(25,'2016-08-17 18:45:11',NULL,NULL,15874424986,NULL,'7e38bc1bc66ce6b17faa4b3126c9e505',NULL,NULL,0,0,'2016-08-17 18:45:11',NULL,NULL,1),(26,'2016-08-17 18:45:53',NULL,NULL,18075803933,NULL,'6cfcf1623b35f00fb6f9829b2ff069b0',NULL,NULL,0,0,'2016-08-17 18:45:53',NULL,NULL,1),(27,'2016-08-17 18:48:29',NULL,NULL,13020755115,NULL,'0bfebe130b41cfae93a47956d57baba0',NULL,NULL,0,0,'2016-08-17 18:48:29',NULL,NULL,1),(28,'2016-08-17 18:48:40',NULL,NULL,13463312700,NULL,'f6f34df1386cd1d8888df79ff6be5c17',NULL,NULL,0,0,'2016-08-17 18:48:40',NULL,NULL,1),(29,'2016-08-17 18:55:52',NULL,NULL,15769288878,NULL,'c38b1b4b6c1ea9f581546315a4d94e31',NULL,NULL,0,0,'2016-08-17 18:55:52',NULL,NULL,1),(30,'2016-08-17 18:56:23',NULL,NULL,18622088944,NULL,'6c049ee8e25f59d6bf20942142715421',NULL,NULL,0,0,'2016-08-17 18:56:23',NULL,NULL,1),(31,'2016-08-17 21:15:45',NULL,NULL,18991938593,NULL,'6ebe76c9fb411be97b3b0d48b791a7c9',NULL,NULL,0,0,'2016-08-17 21:15:45',NULL,NULL,1),(32,'2016-08-18 08:42:31',NULL,'京华培训学校',18732835488,NULL,'33814acc0b112f9c4a7d49a407321729',NULL,NULL,0,0,'2016-08-18 23:57:40',NULL,NULL,1),(33,'2016-08-18 10:17:49',NULL,NULL,13520421189,NULL,'e10adc3949ba59abbe56e057f20f883e',NULL,NULL,0,0,'2016-08-18 10:17:49',NULL,NULL,1),(34,'2016-08-18 10:25:12','tangzhanshuai@tdrhedu.com','汤 占帅',9330338548779,NULL,'4ae4e7c6594bc89fd98c23f9e86bbadb',NULL,NULL,0,1,'2016-08-18 10:25:12',NULL,NULL,5),(35,'2016-08-18 11:22:10',NULL,NULL,18810517221,NULL,'e1c0cf8a9993a77f4e6df27e030a32e9',NULL,NULL,0,0,'2016-08-18 11:22:10',NULL,NULL,1),(36,'2016-08-18 11:34:16',NULL,NULL,18310004980,NULL,'3866e3e5fb971d09059036be23a48f42',NULL,NULL,0,0,'2016-08-18 11:34:16',NULL,NULL,1),(37,'2016-08-18 11:46:10','jiashuaishuai@tdrhedu.com','贾 帅帅',4316512788887,NULL,'42f326eb445f6e792cb1a3e572dbeab2',NULL,NULL,0,1,'2016-08-18 11:46:10',NULL,NULL,5),(38,'2016-08-18 14:19:57',NULL,NULL,18611239957,'/resources/upload/image/2016/7/2bda9a85a7229e9a960f94569e15b850','c9ff60a440da6134ca557d5e8f72dfac',NULL,NULL,0,0,'2016-08-18 16:13:27',NULL,NULL,1),(39,'2016-08-18 14:38:18',NULL,NULL,15610119050,NULL,'bb54b00cc7a7ce4d752541fa01012dfc',NULL,NULL,0,0,'2016-08-18 14:38:18',NULL,NULL,1),(40,'2016-08-18 19:08:21',NULL,NULL,15927141957,NULL,'8d40f7dd36b52d1cae7702b2e5fa4184',NULL,NULL,0,0,'2016-08-18 19:08:21',NULL,NULL,1),(41,'2016-08-18 20:00:24',NULL,'罗大剑',18612037319,'/resources/upload/image/2016/7/baa39a29cad3f69089dc89997a3cbdd6','21218cca77804d2ba1922c33e0151105',NULL,NULL,0,0,'2016-08-31 23:13:38',NULL,155,1),(42,'2016-08-18 20:02:30',NULL,'学校名称',18688882222,'/resources/upload/image/2016/7/39b003337bd51be2cf62de6f3837c46e','5bacd9f25613659b2fbd2f3a58822e5c',NULL,NULL,0,0,'2016-08-18 22:54:04',NULL,45,4),(43,'2016-08-18 20:03:36',NULL,'好样的',18910103387,'/resources/upload/image/2016/7/172c6dbacfa76a32422a3cf7bf2220f2','21218cca77804d2ba1922c33e0151105',NULL,NULL,0,0,'2016-08-29 22:41:17',NULL,149,1),(45,'2016-08-18 20:13:30',NULL,'梦辉英语',15810153479,NULL,'21218cca77804d2ba1922c33e0151105',NULL,NULL,0,0,'2016-08-22 09:06:57',NULL,78,1),(46,'2016-08-18 20:36:05',NULL,NULL,18510257851,NULL,'f597a5c3f192c28e5e185152c77524c0',NULL,NULL,0,0,'2016-08-18 20:36:05',NULL,NULL,1),(47,'2016-08-18 20:36:13',NULL,NULL,18610876092,NULL,'e10adc3949ba59abbe56e057f20f883e',NULL,NULL,0,0,'2016-08-18 20:36:13',NULL,NULL,1),(48,'2016-08-19 09:14:41',NULL,'测试学校',15110081322,'/resources/upload/image/2016/7/01e19e234cc700d90580ea68f77ac2e0','e10adc3949ba59abbe56e057f20f883e',NULL,NULL,0,0,'2016-08-25 17:02:44',NULL,122,1),(49,'2016-08-19 11:38:14',NULL,'郭v个',13261053210,NULL,'21218cca77804d2ba1922c33e0151105',NULL,NULL,0,0,'2016-08-19 11:42:36',NULL,NULL,1),(50,'2016-08-19 12:27:10',NULL,'小小的学校',18612202201,NULL,'21218cca77804d2ba1922c33e0151105',NULL,NULL,0,0,'2016-08-25 16:52:38',NULL,121,1),(51,'2016-08-19 14:09:49',NULL,NULL,15801466260,NULL,'e10adc3949ba59abbe56e057f20f883e',NULL,NULL,0,0,'2016-08-19 14:09:49',NULL,NULL,1),(52,'2016-08-19 14:53:14',NULL,'减肥减肥就',15810344249,'/resources/upload/image/2016/7/e0a6a284fd20818acc3282d3b21459ca','e10adc3949ba59abbe56e057f20f883e',NULL,NULL,0,0,'2016-08-19 15:50:11',NULL,54,1),(53,'2016-08-19 14:59:49',NULL,NULL,15090067067,NULL,'e36a2f90240e9e84483504fd4a704452',NULL,NULL,0,0,'2016-08-19 14:59:49',NULL,NULL,1),(54,'2016-08-19 15:32:44',NULL,NULL,15518201056,NULL,'e10adc3949ba59abbe56e057f20f883e',NULL,NULL,0,0,'2016-08-19 15:32:44',NULL,NULL,1),(55,'2016-08-19 15:35:41',NULL,NULL,13121782698,'/resources/upload/image/2016/7/1821c75860a70aa3248faa5a48ff6de1','e10adc3949ba59abbe56e057f20f883e',NULL,NULL,0,0,'2016-08-19 15:44:34',NULL,NULL,1),(56,'2016-08-19 16:07:13',NULL,'都知道',18193107457,'/resources/upload/image/2016/7/69bb1babad2cc77bbf9f8e8c8cde6e02','96e79218965eb72c92a549dd5a330112',NULL,NULL,0,0,'2016-08-25 11:40:58',NULL,101,1),(57,'2016-08-19 16:26:11',NULL,'天地人和',15090067066,'/resources/upload/image/2016/7/9283404bd42300f58c823fa73438b772','e36a2f90240e9e84483504fd4a704452',NULL,NULL,0,0,'2016-08-19 16:46:04',NULL,68,1),(58,'2016-08-19 19:07:31',NULL,NULL,18611239570,NULL,'cabac44bf4f5dfc2a2bfbc742a37d7d8',NULL,NULL,0,0,'2016-08-19 19:07:31',NULL,NULL,1),(59,'2016-08-19 19:07:45',NULL,NULL,18519659535,NULL,'934b33f0032a2440edf07f6a1aec88f1',NULL,NULL,0,0,'2016-08-19 19:07:45',NULL,NULL,1),(60,'2016-08-19 19:07:48',NULL,NULL,18636694800,NULL,'971dcf22308c6c8301bdfd8862e9045a',NULL,NULL,0,0,'2016-08-19 19:07:48',NULL,NULL,1),(61,'2016-08-19 19:07:50',NULL,NULL,18510643585,NULL,'633fe072fb4b4ada5b5519a904c30d53',NULL,NULL,0,0,'2016-08-19 19:07:50',NULL,NULL,1),(62,'2016-08-19 19:08:02',NULL,'四小',13693752275,'/resources/upload/image/2016/7/ec03120dbb61fa9375fe4c84f9ddc617','94fd5ea2d615e5d4d0e494cc907cc966',NULL,NULL,0,0,'2016-08-20 22:28:58',NULL,76,1),(63,'2016-08-19 19:11:51',NULL,NULL,15628785158,'/resources/upload/image/2016/7/daaf647473793d59e350150a02c6fd0e','bafdf58c3d75b004484626bb25dc6d1c',NULL,NULL,0,0,'2016-08-19 19:27:27',NULL,NULL,1),(64,'2016-08-19 19:14:10',NULL,NULL,18510709736,NULL,'63a92f986d634446a2cd75e4e3a23e54',NULL,NULL,0,0,'2016-08-19 19:14:10',NULL,NULL,1),(65,'2016-08-19 19:14:34',NULL,NULL,18611262052,NULL,'004e1050a4b4315b7a46d8b322800f0d',NULL,NULL,0,0,'2016-08-19 19:14:34',NULL,NULL,1),(66,'2016-08-19 19:14:57',NULL,NULL,13354248218,NULL,'515981f544167ef76f19f8de934cb12f',NULL,NULL,0,0,'2016-08-19 19:14:57',NULL,NULL,1),(67,'2016-08-19 19:15:18',NULL,NULL,13573126703,NULL,'c3b8b49508c853e0845d9ac62b3540b0',NULL,NULL,0,0,'2016-08-19 19:15:18',NULL,NULL,1),(68,'2016-08-19 19:15:58',NULL,NULL,18610320316,NULL,'71feb83a18ad041d009c9f0f80a2e234',NULL,NULL,0,0,'2016-08-19 19:15:58',NULL,NULL,1),(69,'2016-08-19 19:17:13',NULL,NULL,18618229703,NULL,'aa127850d436f3d9106e91a8fb1ad669',NULL,NULL,0,0,'2016-08-19 19:17:13',NULL,NULL,1),(70,'2016-08-19 19:17:39',NULL,NULL,18612297396,NULL,'92a3963f57324244661ce13471696c67',NULL,NULL,0,0,'2016-08-19 19:17:39',NULL,NULL,1),(71,'2016-08-19 19:18:06',NULL,NULL,18834000095,NULL,'b634f90536bc5d3732870e33839c1e7e',NULL,NULL,0,0,'2016-08-19 19:18:06',NULL,NULL,1),(72,'2016-08-19 19:21:47',NULL,NULL,18612297761,NULL,'290ad9e596b693779ba97240b58c31af',NULL,NULL,0,0,'2016-08-19 19:21:47',NULL,NULL,1),(73,'2016-08-19 19:22:24',NULL,NULL,18510736792,NULL,'90ea9a9b64efeecf7027e7464b89f822',NULL,NULL,0,0,'2016-08-19 19:22:24',NULL,NULL,1),(74,'2016-08-19 19:23:20',NULL,NULL,18618229517,NULL,'e807f1fcf82d132f9bb018ca6738a19f',NULL,NULL,0,0,'2016-08-19 19:23:20',NULL,NULL,1),(75,'2016-08-19 19:24:05',NULL,NULL,18510709375,NULL,'514e624eeb92e5d26fb9c0461462b32b',NULL,NULL,0,0,'2016-08-19 19:24:05',NULL,NULL,1),(76,'2016-08-19 19:26:33',NULL,NULL,18513196953,NULL,'b0675f9b3a941585eaa7723eb5ee9651',NULL,NULL,0,0,'2016-08-19 19:26:33',NULL,NULL,1),(77,'2016-08-19 19:26:38',NULL,NULL,15995730995,NULL,'2467d3744600858cc9026d5ac6005305',NULL,NULL,0,0,'2016-08-19 19:26:38',NULL,NULL,1),(78,'2016-08-19 19:26:47',NULL,'大柴小学',18611239323,'/resources/upload/image/2016/7/e209e38845d2f4fc7d2f69ff236e893b','26a58997070bcb241eeada9bae0b3e20',NULL,NULL,0,0,'2016-08-20 22:26:12',NULL,75,1),(79,'2016-08-19 19:27:43',NULL,NULL,18611239602,'/resources/upload/image/2016/7/577445d295129e7f8aa5884cd8df841a','6c7ba985fdc6a6d318641c809b344395',NULL,NULL,0,0,'2016-08-20 21:36:14',NULL,NULL,1),(80,'2016-08-19 19:28:01',NULL,NULL,18611239710,NULL,'8fbe2a0aa250bf7ee837b8db7fcc7673',NULL,NULL,0,0,'2016-08-19 19:28:01',NULL,NULL,1),(81,'2016-08-19 19:29:04',NULL,NULL,18612297362,NULL,'03d34e42201a9914ec5529f5b974eff2',NULL,NULL,0,0,'2016-08-19 19:29:04',NULL,NULL,1),(82,'2016-08-19 19:31:26',NULL,NULL,13020049722,NULL,'43504106b5312536018c232f60345f38',NULL,NULL,0,0,'2016-08-19 19:31:26',NULL,NULL,1),(83,'2016-08-19 19:32:56',NULL,NULL,18611262967,NULL,'18bd194a10ec4975f0179926ee72bea9',NULL,NULL,0,0,'2016-08-19 19:32:56',NULL,NULL,1),(84,'2016-08-19 19:42:22',NULL,NULL,18519014007,NULL,'3baa225f69baa8f5439684fee83d5c10',NULL,NULL,0,0,'2016-08-19 19:42:22',NULL,NULL,1),(85,'2016-08-19 19:54:20',NULL,NULL,18519854730,NULL,'25f9e794323b453885f5181f1b624d0b',NULL,NULL,0,0,'2016-08-19 19:54:20',NULL,NULL,1),(86,'2016-08-19 20:02:37',NULL,NULL,18811434749,NULL,'8895b8d320d6854957fdc97adc6d981d',NULL,NULL,0,0,'2016-08-19 20:02:37',NULL,NULL,1),(87,'2016-08-19 20:03:42',NULL,NULL,18337122825,NULL,'a9dfdb346dc06d124a8f82cde7442836',NULL,NULL,0,0,'2016-08-19 20:03:42',NULL,NULL,1),(88,'2016-08-19 20:17:21',NULL,NULL,18612297759,NULL,'70200e3ed4a7b030bf216f57ea1bd945',NULL,NULL,0,0,'2016-08-19 20:17:21',NULL,NULL,1),(89,'2016-08-19 20:35:59',NULL,NULL,18500733885,NULL,'61aa25ed053bb42a3fed5d7bf49771fb',NULL,NULL,0,0,'2016-08-19 20:35:59',NULL,NULL,1),(90,'2016-08-20 00:22:36',NULL,NULL,18612297756,NULL,'c785df6d8ddadbd3c85b2a379e4785ed',NULL,NULL,0,0,'2016-08-20 00:22:36',NULL,NULL,1),(91,'2016-08-20 00:27:58',NULL,NULL,18401470963,NULL,'cfe2d27283ba9a1cc38c7bce5e5e7687',NULL,NULL,0,0,'2016-08-20 00:27:58',NULL,NULL,1),(92,'2016-08-20 13:03:27',NULL,NULL,18510427515,NULL,'2c5b8045e8c0e524baeed277002b1ae5',NULL,NULL,0,0,'2016-08-20 13:03:27',NULL,NULL,1),(93,'2016-08-20 21:31:05',NULL,'天地人和蔡和廷',18611614933,'/resources/upload/image/2016/7/b19005898906b8b0a553688f10111457','9ddd73ed70beeb400f720f3d31cff341',NULL,NULL,0,0,'2016-08-25 19:01:57',NULL,NULL,1),(94,'2016-08-20 21:38:23',NULL,NULL,18611239315,NULL,'e230601dcc65529f66f9e5a370a876c4',NULL,NULL,0,0,'2016-08-20 21:38:23',NULL,NULL,1),(95,'2016-08-20 21:38:39',NULL,NULL,18519707891,NULL,'f68e7a423ed424319b0c794a995a1640',NULL,NULL,0,0,'2016-08-20 21:38:39',NULL,NULL,1),(96,'2016-08-20 21:40:06',NULL,NULL,18513239165,NULL,'f68e7a423ed424319b0c794a995a1640',NULL,NULL,0,0,'2016-08-20 21:40:06',NULL,NULL,1),(97,'2016-08-20 21:47:31',NULL,NULL,18611262712,NULL,'456deebf057087cfd9819f5a15278aa5',NULL,NULL,0,0,'2016-08-20 21:47:31',NULL,NULL,1),(98,'2016-08-20 21:49:12',NULL,'王龙艺术',18610321292,'/resources/upload/image/2016/7/8678823fc15911e48e92291ac65a2b87','abce6c5440e8e9a97f0c4850448ab7f2',NULL,NULL,0,0,'2016-08-20 21:59:03',NULL,74,1),(99,'2016-08-20 21:52:38',NULL,NULL,18211078082,NULL,'e15585f631df103da63f05f0955ba04c',NULL,NULL,0,0,'2016-08-20 21:52:38',NULL,NULL,1),(100,'2016-08-20 22:14:57',NULL,NULL,18519706805,NULL,'0a80de6d624b703afb0efaa38980af58',NULL,NULL,0,0,'2016-08-20 22:14:57',NULL,NULL,1),(101,'2016-08-20 22:28:13',NULL,NULL,18510736129,NULL,'19741de6170d721343d30536bd15cd54',NULL,NULL,0,0,'2016-08-20 22:28:13',NULL,NULL,1),(102,'2016-08-20 23:47:03',NULL,NULL,18610321527,NULL,'3f354c7022d5d1f9612b67f3b46d91fb',NULL,NULL,0,0,'2016-08-20 23:47:03',NULL,NULL,1),(103,'2016-08-21 16:37:23',NULL,'素雅艺术号',18510732683,NULL,'d0fb777eea99ca64a866ba156b0a96d3',NULL,NULL,0,0,'2016-08-21 16:39:28',NULL,77,1),(104,'2016-08-21 17:36:20',NULL,NULL,18612191784,NULL,'4104c2e10e1632926571ca667a3f401c',NULL,NULL,0,0,'2016-08-21 17:36:20',NULL,NULL,1),(105,'2016-08-21 17:41:29',NULL,NULL,15810718754,NULL,'e084359c0694ae50f14844fdf9773173',NULL,NULL,0,0,'2016-08-21 17:41:29',NULL,NULL,1),(106,'2016-08-21 17:50:41',NULL,NULL,18513239773,NULL,'43e838cd9a77b8f38a689fca75833ff2',NULL,NULL,0,0,'2016-08-21 17:50:41',NULL,NULL,1),(107,'2016-08-22 09:50:11',NULL,NULL,15116976407,NULL,'43c21c56415add374ccccbd3b5574162',NULL,NULL,0,0,'2016-08-22 09:50:11',NULL,NULL,1),(108,'2016-08-22 14:39:57',NULL,NULL,18647717268,NULL,'3b23d651648ac8bd2d593fa8e4d85766',NULL,NULL,0,0,'2016-08-22 14:39:57',NULL,NULL,1),(109,'2016-08-22 15:12:58',NULL,'阳光书法',18811213065,NULL,'bfef50a9f74b85f63523998c5a42a9e4',NULL,NULL,0,0,'2016-08-30 15:25:39',NULL,151,4),(110,'2016-08-22 15:35:34',NULL,'测试地址',13810778458,NULL,'f689c103b61479d958e1ab71abfe8f04',NULL,NULL,0,0,'2016-08-22 15:38:06',NULL,81,1),(111,'2016-08-22 17:38:38',NULL,NULL,17319053186,NULL,'e10adc3949ba59abbe56e057f20f883e',NULL,NULL,0,0,'2016-08-22 17:38:38',NULL,NULL,1),(112,'2016-08-22 18:27:37',NULL,NULL,13948956067,NULL,'b49b12001d9baec1d1a58e3cd8681500',NULL,NULL,0,0,'2016-08-22 18:27:37',NULL,NULL,1),(113,'2016-08-22 18:27:57',NULL,NULL,13347123183,NULL,'6866699d39d2d2d1823a2dff1b22ae37',NULL,NULL,0,0,'2016-08-22 18:27:57',NULL,NULL,1),(114,'2016-08-22 18:44:35',NULL,NULL,15315258028,NULL,'404ae0ae4296f4475cf9d11eb43230e4',NULL,NULL,0,0,'2016-08-22 18:44:35',NULL,NULL,1),(115,'2016-08-22 19:44:36',NULL,'西安乐学园文化艺术培训学校',17791834607,NULL,'d4f52605ec0f49fa5ccce44e56ae9174',NULL,NULL,0,0,'2016-08-22 19:46:12',NULL,90,1),(116,'2016-08-23 10:35:52',NULL,NULL,13240935977,NULL,'bdef179e9009b9939822a0b6d4816439',NULL,NULL,0,0,'2016-08-23 10:35:52',NULL,NULL,1),(117,'2016-08-23 10:57:35',NULL,NULL,15100330765,NULL,'a069530217177d7cd00902f73a196000',NULL,NULL,0,0,'2016-08-23 10:57:35',NULL,NULL,1),(118,'2016-08-23 19:00:21',NULL,'海盐智慧树培训',18967332402,'/resources/upload/image/2016/7/5fd86cb7de110d85668e575c7d55a08b','380de9d4c2f36aba96f88bb829bd69a9',NULL,NULL,0,0,'2016-08-25 17:08:16',NULL,105,1),(119,'2016-08-24 21:50:19',NULL,'济南市春之歌艺术学校',15966616715,NULL,'d028484ae59578c62f3c62efb98bee14',NULL,NULL,0,0,'2016-08-24 21:51:50',NULL,97,1),(120,'2016-08-24 21:51:17',NULL,NULL,15065790685,NULL,'dc16f41c38c1a6b00ff21dc12effb3f0',NULL,NULL,0,0,'2016-08-24 21:51:17',NULL,NULL,1),(121,'2016-08-25 13:56:17',NULL,'郓城爱育幼童学校',15853089998,NULL,'00bcd1b27a0bdd727839162be705d272',NULL,NULL,0,0,'2016-08-25 13:58:44',NULL,102,1),(122,'2016-08-25 14:32:56',NULL,NULL,15834386008,NULL,'514e624eeb92e5d26fb9c0461462b32b',NULL,NULL,0,0,'2016-08-25 14:32:56',NULL,NULL,1),(123,'2016-08-25 14:35:43',NULL,NULL,18510485276,NULL,'6cac005bd9eddabb747a40389869ea3a',NULL,NULL,0,0,'2016-08-25 14:35:43',NULL,NULL,1),(124,'2016-08-25 14:39:47',NULL,'淮滨乔迪少儿钢琴',13526082601,'/resources/upload/image/2016/7/cf1a79a9de79f7b78e99c493dcf85357','7f1219d0795d14cf9767b1fab086d118',NULL,NULL,0,0,'2016-08-25 21:48:08',NULL,NULL,1),(125,'2016-08-25 14:44:08',NULL,' 佐同音乐培训中心',18570028760,'/resources/upload/image/2016/7/7a93542f7473c50ea723254da2858239','16412aacbee5d1c10ed6fa1ceb167cf3',NULL,NULL,0,0,'2016-08-25 14:45:32',NULL,103,1),(126,'2016-08-25 14:47:17',NULL,'维思第一',18678290824,'/resources/upload/image/2016/7/c8dd1d232f282ed05625d34767e353bc','6ed6cbdcf22a65e29116763206531289',NULL,NULL,0,0,'2016-08-25 14:49:09',NULL,104,1),(127,'2016-08-25 14:47:41',NULL,NULL,13132113529,NULL,'190ad8042c6b36824a68537267e292fd',NULL,NULL,0,0,'2016-08-25 14:47:41',NULL,NULL,1),(128,'2016-08-25 14:47:56',NULL,'仪征博亚教育咨询有限公司',13651522613,NULL,'bdd46f56a1cb4f29f026e9b84bbe299d',NULL,NULL,0,0,'2016-08-25 14:49:57',NULL,NULL,1),(129,'2016-08-25 14:48:59',NULL,NULL,13736733309,NULL,'552ee495aee8d643a929fe8cf240008f',NULL,NULL,0,0,'2016-08-25 14:48:59',NULL,NULL,1),(130,'2016-08-25 14:50:00',NULL,'豁然教育',15945188589,NULL,'e681b9e5531cf521c0e9d590ea842451',NULL,NULL,0,0,'2016-08-25 20:31:05',NULL,124,1),(131,'2016-08-25 15:02:02',NULL,'朗文英语',13904366544,NULL,'a02f4ad7cc3381137a8a253dc1a381a3',NULL,NULL,0,0,'2016-08-25 15:03:03',NULL,NULL,1),(132,'2016-08-25 15:03:27',NULL,NULL,18514711843,NULL,'47373c4fe4fc702474d119b003ae01f1',NULL,NULL,0,0,'2016-08-25 15:03:27',NULL,NULL,1),(133,'2016-08-25 15:04:13',NULL,NULL,13922568047,NULL,'a46c882abc279ac04d515bf0f7581916',NULL,NULL,0,0,'2016-08-25 15:04:13',NULL,NULL,1),(134,'2016-08-25 15:05:00',NULL,NULL,18768891165,NULL,'cc867bd677a9e7fc7e861efba757deef',NULL,NULL,0,0,'2016-08-25 15:05:00',NULL,NULL,1),(135,'2016-08-25 15:05:43',NULL,NULL,13121642251,NULL,'d0c16904e21596fad9b63ae832845680',NULL,NULL,0,0,'2016-08-25 15:05:43',NULL,NULL,1),(136,'2016-08-25 15:06:01',NULL,NULL,18510708769,NULL,'302d951ff4776ff57dffb787a3b20d97',NULL,NULL,0,0,'2016-08-25 15:06:01',NULL,NULL,1),(137,'2016-08-25 15:06:30',NULL,NULL,18226388519,NULL,'00f24c5b3ba70ed2e31878092f696fa0',NULL,NULL,0,0,'2016-08-25 15:06:30',NULL,NULL,1),(138,'2016-08-25 15:06:44',NULL,NULL,15385762500,NULL,'c3cf4388fac6823ca17441584fe9bd60',NULL,NULL,0,0,'2016-08-25 15:06:44',NULL,NULL,1),(139,'2016-08-25 15:06:51',NULL,NULL,15991438911,NULL,'2748326fc8390b097dc6fbf64dd3dd2b',NULL,NULL,0,0,'2016-08-25 15:06:51',NULL,NULL,1),(140,'2016-08-25 15:07:14',NULL,'辅成教育',15935158270,NULL,'1afd9b823cec7d6909e0d07daf4d6bee',NULL,NULL,0,0,'2016-08-25 15:09:41',NULL,106,1),(141,'2016-08-25 15:07:20',NULL,NULL,18511604507,NULL,'f19118807a166300c77d47899f0fc6c4',NULL,NULL,0,0,'2016-08-25 15:07:20',NULL,NULL,1),(142,'2016-08-25 15:08:03',NULL,NULL,18404984248,'/resources/upload/image/2016/7/ebff2a541f60db2b1e03b8d21949cc65','f68e7a423ed424319b0c794a995a1640',NULL,NULL,0,0,'2016-08-25 15:08:58',NULL,NULL,1),(143,'2016-08-25 15:08:22',NULL,'英德爱学教育',18125982855,NULL,'27a58c5de0996cffa08faa30088dd3b8',NULL,NULL,0,0,'2016-08-25 15:12:15',NULL,107,1),(144,'2016-08-25 15:11:24',NULL,NULL,18510709251,NULL,'e10adc3949ba59abbe56e057f20f883e',NULL,NULL,0,0,'2016-08-25 15:11:24',NULL,NULL,1),(145,'2016-08-25 15:11:32',NULL,NULL,13241618697,'/resources/upload/image/2016/7/4f4703bea0d1d2f2e175fe011110d692','7c319f1f0a70cd68a59121c958bcceae',NULL,NULL,0,0,'2016-08-25 15:13:00',NULL,NULL,1),(146,'2016-08-25 15:13:27',NULL,'英德新航标教育',18998610154,NULL,'a46c882abc279ac04d515bf0f7581916',NULL,NULL,0,0,'2016-08-25 15:18:26',NULL,109,1),(147,'2016-08-25 15:13:47',NULL,'兰州海天知音教育机构',13669396223,NULL,'552734d50a9ec684b3a34de59fa8678f',NULL,NULL,0,0,'2016-08-25 15:15:30',NULL,108,1),(148,'2016-08-25 15:15:39',NULL,'长春脑立方教育',18943653286,NULL,'a95ec8bf9b71513420d340df48f1d8d1',NULL,NULL,0,0,'2016-08-25 15:19:48',NULL,110,1),(149,'2016-08-25 15:16:36',NULL,NULL,18611262871,NULL,'3d12ffa5e249178179b26285378457e1',NULL,NULL,0,0,'2016-08-25 15:16:36',NULL,NULL,1),(150,'2016-08-25 15:16:48',NULL,NULL,13041128833,NULL,'c6091428885d59621768176088293d95',NULL,NULL,0,0,'2016-08-25 15:16:48',NULL,NULL,1),(151,'2016-08-25 15:17:27',NULL,'晨曦智宝早教中心',13579228424,NULL,'14923edd880bd21eda7917858a66491b',NULL,NULL,0,0,'2016-08-27 19:56:39',NULL,140,1),(152,'2016-08-25 15:22:17',NULL,'库车领航教育',15009971765,NULL,'32f624468d678b64b1066b2972938aef',NULL,NULL,0,0,'2016-08-25 15:27:45',NULL,NULL,1),(153,'2016-08-25 15:26:18',NULL,'清松优教',17727986668,'/resources/upload/image/2016/7/3f6a76c2dcc6d82b351d08b7363e5a04','2b405b99ae4e8670bea564d4413a3bcb',NULL,NULL,0,0,'2016-08-25 20:05:20',NULL,111,1),(154,'2016-08-25 15:26:34',NULL,'优泽教育',15894787099,'/resources/upload/image/2016/7/0db180c94a823bfd12f9bd49c0f0324c','b3caefc7691c6c33473b1f55801cade5',NULL,NULL,0,0,'2016-08-31 01:28:52',NULL,154,1),(155,'2016-08-25 15:26:38',NULL,NULL,15109970636,NULL,'64dc3f750fc297ee612cf9396f25230e',NULL,NULL,0,0,'2016-08-25 15:26:38',NULL,NULL,1),(156,'2016-08-25 15:26:48',NULL,NULL,13679073844,NULL,'0dbb818188ba78c946128b44ce879d18',NULL,NULL,0,0,'2016-08-25 15:26:48',NULL,NULL,1),(157,'2016-08-25 15:28:10',NULL,'浙江台州玉环緑森琳教育·呼吸作文',13736225636,NULL,'e04fde2f93974582d0c373c8d54f4d86',NULL,NULL,0,0,'2016-08-25 15:30:58',NULL,112,1),(158,'2016-08-25 15:33:59',NULL,'森博教育',15958635908,'/resources/upload/image/2016/7/276687b78c56acbe7ca70558a0501e13','c2766c4bf39dee84d5fd0600512c3711',NULL,NULL,0,0,'2016-08-25 15:37:48',NULL,114,1),(159,'2016-08-25 15:34:14',NULL,'宁波新坐标教育',13857113651,NULL,'c9db4c09d7b66832f243bce411807928',NULL,NULL,0,0,'2016-08-25 15:38:51',NULL,115,1),(160,'2016-08-25 15:35:26',NULL,'慧增教育潜能训练',15528210703,NULL,'74eeb20be110b04a88638f77565c0ca3',NULL,NULL,0,0,'2016-08-25 15:36:44',NULL,113,1),(161,'2016-08-25 15:36:11',NULL,'英吉尔英语教育学校',13989184586,'/resources/upload/image/2016/7/b10d360c70d098c4b3afa3b1b35c0fdc','c874d5d76d94d669f73648c148846555',NULL,NULL,0,0,'2016-08-25 15:39:10',NULL,116,1),(162,'2016-08-25 15:37:35',NULL,NULL,13038018348,NULL,'3af763bf6de7cdb48d0ea8cefa40f625',NULL,NULL,0,0,'2016-08-25 15:37:35',NULL,NULL,1),(163,'2016-08-25 15:38:37',NULL,NULL,13007342511,NULL,'15c3d6031997f0e112170f562d7cf307',NULL,NULL,0,0,'2016-08-25 15:38:37',NULL,NULL,1),(164,'2016-08-25 15:39:06',NULL,'武汉音乐学院培训学院后湖基地',18062512120,'/resources/upload/image/2016/7/05e11c6f45d21f9657cb71957016e38c','e8ab29d23a8a214b5441e714ce1b360d',NULL,NULL,0,0,'2016-08-25 15:41:06',NULL,117,1),(165,'2016-08-25 15:44:18',NULL,'文曲星文化培训学校',18720628907,NULL,'152d6489b077eb5ac2c29d48bfeeecaf',NULL,NULL,0,0,'2016-08-25 15:45:48',NULL,119,1),(166,'2016-08-25 15:45:38',NULL,NULL,13727159130,NULL,'1dfcfb573fd40f0734eca6991e9484b3',NULL,NULL,0,0,'2016-08-25 15:45:38',NULL,NULL,1),(167,'2016-08-25 15:47:24',NULL,'仁德朗文英语',18963397176,NULL,'acb0bd7d62c4eb743423caeca9ef954b',NULL,NULL,0,0,'2016-08-25 15:48:33',NULL,120,1),(168,'2016-08-25 15:49:08',NULL,NULL,18645557586,NULL,'a2ce939ba66e68a752a186d1d260b3d9',NULL,NULL,0,0,'2016-08-25 15:49:08',NULL,NULL,1),(169,'2016-08-25 16:03:43',NULL,NULL,15197622320,NULL,'f5c82e0617eb4fbadea3d1aef8f4914d',NULL,NULL,0,0,'2016-08-25 16:03:43',NULL,NULL,1),(170,'2016-08-25 16:05:06',NULL,NULL,13834992300,NULL,'3157272c0429e6643fd19f9234dff3f7',NULL,NULL,0,0,'2016-08-25 16:05:06',NULL,NULL,1),(171,'2016-08-25 16:12:40',NULL,NULL,18944604796,NULL,'e10adc3949ba59abbe56e057f20f883e',NULL,NULL,0,0,'2016-08-25 16:12:40',NULL,NULL,1),(172,'2016-08-25 16:18:36',NULL,NULL,15827335251,NULL,'e30abe6199a2ba32d09d5ebaac1d49fa',NULL,NULL,0,0,'2016-08-25 16:18:36',NULL,NULL,1),(173,'2016-08-25 16:23:40',NULL,NULL,13555492238,NULL,'44c59e4934c79044faa953ad91bf7f45',NULL,NULL,0,0,'2016-08-25 16:23:40',NULL,NULL,1),(174,'2016-08-25 16:30:40',NULL,NULL,15870068205,NULL,'b39fb63440d535515f77220aafa4314e',NULL,NULL,0,0,'2016-08-25 16:30:40',NULL,NULL,1),(175,'2016-08-25 16:32:34',NULL,NULL,18641679888,NULL,'761c6d99d076d78623f340082129fadb',NULL,NULL,0,0,'2016-08-25 16:32:34',NULL,NULL,1),(176,'2016-08-25 16:43:00',NULL,NULL,13883503532,NULL,'3458b741439ce78c4bc438c85e7942ea',NULL,NULL,0,0,'2016-08-25 16:43:00',NULL,NULL,1),(177,'2016-08-25 16:46:24',NULL,NULL,15881799500,NULL,'796745cd44efa9f16ab23be240fcff9c',NULL,NULL,0,0,'2016-08-25 16:46:24',NULL,NULL,1),(178,'2016-08-25 16:48:10',NULL,'前锋星星幼儿园',15884946103,NULL,'21218cca77804d2ba1922c33e0151105',NULL,NULL,0,0,'2016-08-25 16:49:17',NULL,NULL,1),(179,'2016-08-25 16:56:09',NULL,NULL,15026812849,NULL,'51af5445578f47845a85beba3aa163c3',NULL,NULL,0,0,'2016-08-25 16:56:09',NULL,NULL,1),(180,'2016-08-25 17:04:54',NULL,'酒泉智东方教育',18009471299,NULL,'cd876be861b7911c8107c5dc50c29037',NULL,NULL,0,0,'2016-08-25 17:05:40',NULL,NULL,1),(181,'2016-08-25 17:06:56',NULL,NULL,15802519998,NULL,'978f0e3fd4261981e90041d90632f4ed',NULL,NULL,0,0,'2016-08-25 17:06:56',NULL,NULL,1),(182,'2016-08-25 17:07:50',NULL,NULL,18611239571,NULL,'0ffb901fab6a147c502344f4bcc34c39',NULL,NULL,0,0,'2016-08-25 17:07:50',NULL,NULL,1),(183,'2016-08-25 17:12:00',NULL,NULL,13777304806,NULL,'1850fbc5696edd4243ba59f499fcb28e',NULL,NULL,0,0,'2016-08-25 17:12:00',NULL,NULL,1),(184,'2016-08-25 17:13:02',NULL,NULL,18610320871,NULL,'a77d4236344d8574c91058fa71712873',NULL,NULL,0,0,'2016-08-25 17:13:02',NULL,NULL,1),(185,'2016-08-25 17:14:36',NULL,NULL,15073291165,NULL,'a6c4881179b627b7a9d1673bfdf19a98',NULL,NULL,0,0,'2016-08-25 17:14:36',NULL,NULL,1),(186,'2016-08-25 17:15:33',NULL,NULL,18910979245,NULL,'3763d533ec83124ab0132131d2ad4156',NULL,NULL,0,0,'2016-08-25 17:15:33',NULL,NULL,1),(187,'2016-08-25 17:19:13',NULL,NULL,15043816776,NULL,'d2cc1e6aeaf68ef007102c4374446625',NULL,NULL,0,0,'2016-08-25 17:19:13',NULL,NULL,1),(188,'2016-08-25 17:19:23',NULL,NULL,13896068960,NULL,'20e66f8cdede8c2932cb796efb593f27',NULL,NULL,0,0,'2016-08-25 17:19:23',NULL,NULL,1),(189,'2016-08-25 17:22:20',NULL,NULL,13669318709,NULL,'a02d1d3ea239c63e1d6325617582afce',NULL,NULL,0,0,'2016-08-25 17:22:20',NULL,NULL,1),(190,'2016-08-25 17:27:44',NULL,NULL,13593149699,NULL,'b0675f9b3a941585eaa7723eb5ee9651',NULL,NULL,0,0,'2016-08-25 17:27:44',NULL,NULL,1),(191,'2016-08-25 17:43:48',NULL,NULL,13020045211,NULL,'03b8caebaa5e6f92d15f7577685b55ee',NULL,NULL,0,0,'2016-08-25 17:43:48',NULL,NULL,1),(192,'2016-08-25 17:49:00',NULL,'昂立教育福安分校',15059388800,NULL,'62538c13445f4e0730aa1933ac2e782c',NULL,NULL,0,0,'2016-08-25 17:50:59',NULL,NULL,1),(193,'2016-08-25 18:13:03',NULL,NULL,18751333328,NULL,'7cd43d53428a1cde56061d7e5de8fe43',NULL,NULL,0,0,'2016-08-25 18:13:03',NULL,NULL,1),(194,'2016-08-25 18:34:41',NULL,NULL,18603150302,NULL,'aa49879c533fa0b7e92164736e6fc635',NULL,NULL,0,0,'2016-08-25 18:34:41',NULL,NULL,1),(195,'2016-08-25 18:43:14',NULL,'圣上作文',13963727101,NULL,'603a3e80246d468f1b1885626cadba19',NULL,NULL,0,0,'2016-08-25 18:45:03',NULL,123,1),(196,'2016-08-25 19:01:03',NULL,NULL,13084569792,NULL,'d11313582429eff8db501bb3a08146e0',NULL,NULL,0,0,'2016-08-25 19:01:03',NULL,NULL,1),(197,'2016-08-25 19:35:29',NULL,NULL,13985562331,NULL,'05bb28d8484284b65052ce93a7de3b02',NULL,NULL,0,0,'2016-08-25 19:35:29',NULL,NULL,1),(198,'2016-08-25 20:32:06',NULL,'河南省信阳市新星教育',15837604586,NULL,'de08377e2e82e71a3f6a138f3238841f',NULL,NULL,0,0,'2016-08-25 20:35:30',NULL,125,1),(199,'2016-08-25 20:40:19',NULL,NULL,18045604422,NULL,'3e6773ee295d2daf0cc483fa5ff13a6a',NULL,NULL,0,0,'2016-08-25 20:40:19',NULL,NULL,1),(200,'2016-08-25 20:44:07',NULL,NULL,15324876033,NULL,'f254d472875656cee69cad03f91490ee',NULL,NULL,0,0,'2016-08-25 20:44:07',NULL,NULL,1),(201,'2016-08-25 21:00:09',NULL,NULL,13734081118,NULL,'0d2003419500b9f0f26fc50fc8a4fcbb',NULL,NULL,0,0,'2016-08-25 21:00:09',NULL,NULL,1),(202,'2016-08-25 21:18:53',NULL,'山水文化艺术培训中心',13658305682,NULL,'967179c80e88aecfdb1a9de946ee22c1',NULL,NULL,0,0,'2016-08-25 21:26:57',NULL,126,1),(203,'2016-08-25 21:29:59',NULL,NULL,18080550251,NULL,'39aa515a91460828a33ce151f963f21b',NULL,NULL,0,0,'2016-08-25 21:29:59',NULL,NULL,1),(204,'2016-08-25 21:55:43',NULL,'吉县直映双语教育',13753772199,NULL,'fc0a2860e03b17454c87132929e6d83a',NULL,NULL,0,0,'2016-08-25 21:57:41',NULL,127,1),(205,'2016-08-25 22:00:20',NULL,NULL,13781837998,NULL,'f12469a0cba04c362e602b193e0ec53c',NULL,NULL,0,0,'2016-08-25 22:00:20',NULL,NULL,1),(206,'2016-08-25 22:11:32',NULL,'鄂州志高教育培训学校',18972963733,NULL,'809828a3b106efa72eb004440eee5cc7',NULL,NULL,0,0,'2016-08-25 22:14:31',NULL,NULL,1),(207,'2016-08-25 22:30:02',NULL,'濮阳小书童教育',13030304168,'/resources/upload/image/2016/7/56d8c741d3ce68d4380e051fb268750a','c1a25319e37ee7c093615dd84ded996b',NULL,NULL,0,0,'2016-08-25 22:33:57',NULL,128,1),(208,'2016-08-25 22:58:38',NULL,NULL,15353592292,NULL,'41751d18285aa8ba2e77ee25f613541f',NULL,NULL,0,0,'2016-08-25 22:58:38',NULL,NULL,1),(209,'2016-08-26 00:23:19',NULL,NULL,15168475083,NULL,'898d9be8ec3482e9c30740ba28be16a6',NULL,NULL,0,0,'2016-08-26 00:23:19',NULL,NULL,1),(210,'2016-08-26 05:16:31',NULL,NULL,15841961034,NULL,'3e9ce6f74e105f9c5458a0358b57ca4f',NULL,NULL,0,0,'2016-08-26 05:16:31',NULL,NULL,1),(211,'2016-08-26 10:14:41',NULL,NULL,18519659316,NULL,'287b5da5e4a79440706999afef7aac38',NULL,NULL,0,0,'2016-08-26 10:14:41',NULL,NULL,1),(212,'2016-08-26 11:48:56',NULL,NULL,13673544683,NULL,'ed6f7581a329a0f279e3812496e2b710',NULL,NULL,0,0,'2016-08-26 11:48:56',NULL,NULL,1),(213,'2016-08-26 11:51:36',NULL,'广西南宁环美通教育',13768448313,NULL,'21218cca77804d2ba1922c33e0151105',NULL,NULL,0,0,'2016-08-26 11:55:38',NULL,129,1),(214,'2016-08-26 11:54:22',NULL,NULL,13895960811,NULL,'adfd192e3fb5eb96d72d37514db223f4',NULL,NULL,0,0,'2016-08-26 11:54:22',NULL,NULL,1),(215,'2016-08-26 11:55:42',NULL,NULL,13824857488,NULL,'d9434f103129624a83d4532e2e566653',NULL,NULL,0,0,'2016-08-26 11:55:42',NULL,NULL,1),(216,'2016-08-26 11:56:48',NULL,NULL,17755438905,NULL,'521b54658330ecc1e8f618f6aad799cc',NULL,NULL,0,0,'2016-08-26 11:56:48',NULL,NULL,1),(217,'2016-08-26 11:57:27',NULL,NULL,18949121122,NULL,'f9bff827b5fd53d72f2cbd4bc6addc97',NULL,NULL,0,0,'2016-08-26 11:57:27',NULL,NULL,1),(218,'2016-08-26 12:03:51',NULL,NULL,15241019070,NULL,'de39a7b477bda27de355214e396813d5',NULL,NULL,0,0,'2016-08-26 12:03:51',NULL,NULL,1),(219,'2016-08-26 12:06:19',NULL,'童德教育馆',15692098708,NULL,'cde0177f657616705c05a56574cac805',NULL,NULL,0,0,'2016-08-26 12:16:07',NULL,130,1),(220,'2016-08-26 12:11:53',NULL,NULL,15305355443,NULL,'afafca51525541cae73bf4c6b087f309',NULL,NULL,0,0,'2016-08-26 12:11:53',NULL,NULL,1),(221,'2016-08-26 12:16:28',NULL,NULL,15901128824,NULL,'e10adc3949ba59abbe56e057f20f883e',NULL,NULL,0,0,'2016-08-26 12:16:28',NULL,NULL,1),(222,'2016-08-26 12:24:28',NULL,NULL,15038316158,NULL,'65456e56c6df01e8541b39c234abdab7',NULL,NULL,0,0,'2016-08-26 12:24:28',NULL,NULL,1),(223,'2016-08-26 12:25:06',NULL,NULL,15853112888,NULL,'cd65dcd40c74ff81a7833c25b3e1f7c8',NULL,NULL,0,0,'2016-08-26 12:25:06',NULL,NULL,1),(224,'2016-08-26 12:32:19',NULL,NULL,18678571737,NULL,'066fd3f35434b047ffb7297b557f46fd',NULL,NULL,0,0,'2016-08-26 12:32:19',NULL,NULL,1),(225,'2016-08-26 12:36:44',NULL,NULL,15501892802,NULL,'0478e740f53c9fa2b84e560155d2d9e5',NULL,NULL,0,0,'2016-08-26 12:36:44',NULL,NULL,1),(226,'2016-08-26 13:05:22',NULL,'西江康城幼儿园',15997531431,NULL,'3ee279cd0b50aeeeb2b0fae625d10560',NULL,NULL,0,0,'2016-08-26 13:06:34',NULL,NULL,1),(227,'2016-08-26 13:20:17',NULL,NULL,13805382152,NULL,'62c82f490e553ebcf37394624a7b8596',NULL,NULL,0,0,'2016-08-26 13:20:17',NULL,NULL,1),(228,'2016-08-26 13:33:00',NULL,'N+1纳舞艺术培训中心',13811713451,NULL,'5a9cbb5ae5933d673b17f0cca5deee83',NULL,NULL,0,0,'2016-08-26 13:37:28',NULL,NULL,1),(229,'2016-08-26 13:40:17',NULL,'广西横县礼尚跆拳道馆',18074718818,'/resources/upload/image/2016/7/44a41f37fd074004c9e3f0b7b65eb832','1a8614f4d7b319864690957a8619817f',NULL,NULL,0,0,'2016-08-26 13:41:56',NULL,131,1),(230,'2016-08-26 13:57:31',NULL,NULL,13072749636,NULL,'525d171fc58c690b97e367cbded8f107',NULL,NULL,0,0,'2016-08-26 13:57:31',NULL,NULL,1),(231,'2016-08-26 14:10:31',NULL,NULL,15035595647,NULL,'09a3929f03eeecf8910d4dc890d8c209',NULL,NULL,0,0,'2016-08-26 14:10:31',NULL,NULL,1),(232,'2016-08-26 14:14:52',NULL,NULL,13009192564,NULL,'ed4bd8a541c442ed8a76b43e14111b03',NULL,NULL,0,0,'2016-08-26 14:14:52',NULL,NULL,1),(233,'2016-08-26 14:20:04',NULL,NULL,13500953210,NULL,'ed4bd8a541c442ed8a76b43e14111b03',NULL,NULL,0,0,'2016-08-26 14:20:04',NULL,NULL,1),(234,'2016-08-26 14:30:18',NULL,NULL,18114400888,NULL,'c470bcc83470d2be541fd1752d1fc35c',NULL,NULL,0,0,'2016-08-26 14:30:18',NULL,NULL,1),(235,'2016-08-26 14:42:25',NULL,NULL,18075066678,NULL,'6d071901727aec1ba6d8e2497ef5b709',NULL,NULL,0,0,'2016-08-26 14:42:25',NULL,NULL,1),(236,'2016-08-26 14:59:41',NULL,NULL,18274698666,NULL,'29a7c24885ebe2d68e8dc9373059f9b1',NULL,NULL,0,0,'2016-08-26 14:59:41',NULL,NULL,1),(237,'2016-08-26 15:23:52',NULL,NULL,18535605122,NULL,'2c8cd7052c604889876e8f2d6928307c',NULL,NULL,0,0,'2016-08-26 15:23:52',NULL,NULL,1),(238,'2016-08-26 15:27:29',NULL,NULL,15376619637,NULL,'73b8e8d405824903c7281be72cd6e814',NULL,NULL,0,0,'2016-08-26 15:27:29',NULL,NULL,1),(239,'2016-08-26 15:31:33',NULL,'百佳艺术教育',13607328885,'/resources/upload/image/2016/7/de961266894f6ea75543e698d84840ca','5d365fc93f4fddeaef9725449125b0a2',NULL,NULL,0,0,'2016-08-26 15:34:54',NULL,NULL,1),(240,'2016-08-26 16:04:11',NULL,'天鸿艺术培训中心',18103102009,NULL,'cf7dc97b617793faf82a8681152253b2',NULL,NULL,0,0,'2016-08-26 16:06:07',NULL,132,1),(241,'2016-08-26 16:19:03',NULL,NULL,15135419168,NULL,'347ce215f11b2594d04ffd494033c382',NULL,NULL,0,0,'2016-08-26 16:19:03',NULL,NULL,1),(242,'2016-08-26 17:44:29',NULL,'定州市青少年活动中心',18632229276,'/resources/upload/image/2016/7/23860381e64e40e2a4f59d777fd1025a','29a9ff7eb1175d2852afd3b991fa5c4e',NULL,NULL,0,0,'2016-08-26 17:52:04',NULL,133,1),(243,'2016-08-26 18:23:11',NULL,NULL,13750635511,NULL,'9b3e56e2b70bc7338cff423d8bdb757f',NULL,NULL,0,0,'2016-08-26 18:23:11',NULL,NULL,1),(244,'2016-08-26 19:41:01',NULL,'朔州聚能教育',13903493053,NULL,'1359ee4bec0ec48bc5f520cbcf4c7518',NULL,NULL,0,0,'2016-08-26 19:44:15',NULL,134,1),(245,'2016-08-26 20:37:38',NULL,NULL,15255731188,NULL,'87771a10bc4ba638302bc3596928e448',NULL,NULL,0,0,'2016-08-26 20:37:38',NULL,NULL,1),(246,'2016-08-26 21:08:08',NULL,'萌慧教育',13507483635,NULL,'2aba527f0fd78049d678c40d599c0396',NULL,NULL,0,0,'2016-08-26 21:10:04',NULL,135,1),(247,'2016-08-26 21:19:15',NULL,'江苏泰州姜堰马力英语',15380708699,'/resources/upload/image/2016/7/def9fb34ba77f2a1b8af686a5c0cd0e6','cbbbdd851c60627b4785e3ecedc8ff3e',NULL,NULL,0,0,'2016-08-26 21:23:20',NULL,NULL,1),(248,'2016-08-26 22:18:36',NULL,NULL,18935380193,NULL,'c3e2ae30fdfcb580c94135bef780c339',NULL,NULL,0,0,'2016-08-26 22:18:36',NULL,NULL,1),(249,'2016-08-26 22:40:37',NULL,NULL,13050878100,NULL,'2c46f9b0bfa0a218149333916494500a',NULL,NULL,0,0,'2016-08-26 22:40:37',NULL,NULL,1),(250,'2016-08-26 23:02:28',NULL,NULL,18358431972,NULL,'d39e8f9fdc5751a35a0ca9a44477047d',NULL,NULL,0,0,'2016-08-26 23:02:28',NULL,NULL,1),(251,'2016-08-26 23:19:54',NULL,NULL,13847899691,NULL,'684beed181075dd3fac2eda62693ec0b',NULL,NULL,0,0,'2016-08-26 23:19:54',NULL,NULL,1),(252,'2016-08-26 23:32:31',NULL,NULL,15835921330,NULL,'7cad75c727ce4e738404104a7d4cc3cc',NULL,NULL,0,0,'2016-08-26 23:32:31',NULL,NULL,1),(253,'2016-08-26 23:49:01',NULL,NULL,15210940630,NULL,'cbd3cbc2cbd6ae9c6c2d751739a82c85',NULL,NULL,0,0,'2016-08-26 23:49:01',NULL,NULL,1),(254,'2016-08-27 00:47:38',NULL,NULL,15364866176,NULL,'6fc028ff35e44b287d1777bf9fa88e7c',NULL,NULL,0,0,'2016-08-27 00:47:38',NULL,NULL,1),(255,'2016-08-27 01:16:18',NULL,NULL,13516965826,NULL,'367d1553313e087f429dd45a9c0bf9da',NULL,NULL,0,0,'2016-08-27 01:16:18',NULL,NULL,1),(256,'2016-08-27 06:56:25',NULL,NULL,15939012227,NULL,'1367611ca9599993691eca998096f454',NULL,NULL,0,0,'2016-08-27 06:56:25',NULL,NULL,1),(257,'2016-08-27 07:48:25',NULL,NULL,18604562066,NULL,'59d8d1078a1e5ffe78b00a244cc0f86f',NULL,NULL,0,0,'2016-08-27 07:48:25',NULL,NULL,1),(258,'2016-08-27 08:49:35',NULL,NULL,18510633912,NULL,'8275c562485682a2f53301ae08703b57',NULL,NULL,0,0,'2016-08-27 08:49:35',NULL,NULL,1),(259,'2016-08-27 08:50:02',NULL,NULL,18678359525,NULL,'03fc23b6b03444931867c11d8d9bb22a',NULL,NULL,0,0,'2016-08-27 08:50:02',NULL,NULL,1),(260,'2016-08-27 11:07:06',NULL,NULL,18336798336,NULL,'6ebd350cd49c51047976e333c6a672c5',NULL,NULL,0,0,'2016-08-27 11:07:06',NULL,NULL,1),(261,'2016-08-27 11:16:20',NULL,'乐贝',18137886032,'/resources/upload/image/2016/7/88ea266380dd83a4f7c45b4e5390444f','56fbf5389e030b7b44216e6f247d8486',NULL,NULL,0,0,'2016-08-27 11:18:34',NULL,136,1),(262,'2016-08-27 13:48:26',NULL,NULL,13639600588,NULL,'8a4fec4464f197956d51ac99d07386ef',NULL,NULL,0,0,'2016-08-27 13:48:26',NULL,NULL,1),(263,'2016-08-27 14:04:38',NULL,'长子盖伦教育',18635565779,NULL,'81f32b9a2d626c63905aeec5cd44b901',NULL,NULL,0,0,'2016-08-27 14:06:08',NULL,NULL,1),(264,'2016-08-27 15:01:08',NULL,'启航假日学校',13753790894,NULL,'c5623ec7c5a5c4c905686440e38b58a9',NULL,NULL,0,0,'2016-08-27 15:05:13',NULL,137,1),(265,'2016-08-27 17:00:53',NULL,NULL,13563668500,NULL,'e10adc3949ba59abbe56e057f20f883e',NULL,NULL,0,0,'2016-08-27 17:00:53',NULL,NULL,1),(266,'2016-08-27 17:10:31',NULL,'沙洋乐童教育',13797977747,NULL,'7d13cff4a15cf15a688e92ee4135f95d',NULL,NULL,0,0,'2016-08-27 17:12:22',NULL,138,1),(267,'2016-08-27 21:20:34',NULL,'知行教育',15875040166,'/resources/upload/image/2016/7/688208cc2382aa2c9dadbe00644fd6b8','4aac2b036effb5e1fa8d66a54b2f5913',NULL,NULL,0,0,'2016-08-27 21:25:30',NULL,NULL,1),(268,'2016-08-27 21:21:19',NULL,NULL,13367777100,NULL,'0820f660f1fa1050f221003e55e89cc7',NULL,NULL,0,0,'2016-08-27 21:21:19',NULL,NULL,1),(269,'2016-08-27 21:22:44',NULL,'知行教育',15697500125,NULL,'4b2db22562957d89b2d7a79c1c18b8b5',NULL,NULL,0,0,'2016-08-27 21:24:14',NULL,141,1),(270,'2016-08-27 21:22:50',NULL,NULL,13855814646,NULL,'af8a6d86e6d2e7d69fdcc59564c884a2',NULL,NULL,0,0,'2016-08-27 21:22:50',NULL,NULL,1),(271,'2016-08-27 21:23:20',NULL,NULL,13968658116,NULL,'61714eb058e087ed3e039513fa745e8f',NULL,NULL,0,0,'2016-08-27 21:23:20',NULL,NULL,1),(272,'2016-08-27 21:23:45',NULL,NULL,15173201571,NULL,'fbe06159adcc78934b47f830ddc10d4f',NULL,NULL,0,0,'2016-08-27 21:23:45',NULL,NULL,1),(273,'2016-08-27 21:28:23',NULL,NULL,13638441723,NULL,'75e266f182b4fa3625d4a4f4f779af54',NULL,NULL,0,0,'2016-08-27 21:28:23',NULL,NULL,1),(274,'2016-08-27 21:37:09',NULL,NULL,18665919411,NULL,'8f9a456ebf3d79af42ae1c40594ea548',NULL,NULL,0,0,'2016-08-27 21:37:09',NULL,NULL,1),(275,'2016-08-27 21:58:05',NULL,NULL,13327931116,NULL,'cc0b40fd29884b7c00f7250fecc9d80d',NULL,NULL,0,0,'2016-08-27 21:58:05',NULL,NULL,1),(276,'2016-08-27 22:08:07',NULL,'湖北省荆门市京山县七色花艺术',13986962568,NULL,'5c2a906e3d6332bf5333ff0070579054',NULL,NULL,0,0,'2016-08-27 22:10:37',NULL,NULL,1),(277,'2016-08-27 22:15:22',NULL,NULL,13614338585,NULL,'91029e981e7a78f33830a351c2145a52',NULL,NULL,0,0,'2016-08-27 22:15:22',NULL,NULL,1),(278,'2016-08-27 22:23:32',NULL,NULL,18763636983,NULL,'1037ed8d63c6f160627ad3090767c652',NULL,NULL,0,0,'2016-08-27 22:23:32',NULL,NULL,1),(279,'2016-08-27 22:30:03',NULL,NULL,18637582690,NULL,'ee49cce95669bad8c9936ba46128c436',NULL,NULL,0,0,'2016-08-27 22:30:03',NULL,NULL,1),(280,'2016-08-27 22:45:12',NULL,NULL,15825737277,NULL,'4f5c3b658e341523afdb7b3bc4a50edb',NULL,NULL,0,0,'2016-08-27 22:45:12',NULL,NULL,1),(281,'2016-08-27 22:47:20',NULL,NULL,18722561531,NULL,'99482d5eef431c0ad7c417994699036e',NULL,NULL,0,0,'2016-08-27 22:47:20',NULL,NULL,1),(282,'2016-08-27 23:29:49',NULL,'起点精品教育',15939615899,'/resources/upload/image/2016/7/f7725252ef3f57cdbda433007acc99bb','8a0c80a6968bb2511bbc5112ada9e1f1',NULL,NULL,0,0,'2016-08-27 23:32:30',NULL,142,1),(283,'2016-08-27 23:31:05',NULL,'起点精品教育',13513986277,NULL,'c88fb03d8318341d88ca76ab48d1d234',NULL,NULL,0,0,'2016-08-27 23:32:11',NULL,NULL,1),(284,'2016-08-28 00:35:57',NULL,NULL,18778875182,NULL,'71067f69f5e4d6460102a57acd849b4e',NULL,NULL,0,0,'2016-08-28 00:35:57',NULL,NULL,1),(285,'2016-08-28 07:10:46',NULL,NULL,18545346838,NULL,'149a6e7f1f5984b95cb79cb3bb51a7ba',NULL,NULL,0,0,'2016-08-28 07:10:46',NULL,NULL,1),(286,'2016-08-28 08:07:46',NULL,NULL,15207990112,NULL,'321cf165f8303d7825db7f70b194b3c4',NULL,NULL,0,0,'2016-08-28 08:07:46',NULL,NULL,1),(287,'2016-08-28 08:51:50',NULL,NULL,15176856499,NULL,'810368562ca12845687b3134d6fb7db9',NULL,NULL,0,0,'2016-08-28 08:51:50',NULL,NULL,1),(288,'2016-08-28 08:54:53',NULL,NULL,15005549773,NULL,'d9fd53ef79670f15ab002110d51da320',NULL,NULL,0,0,'2016-08-28 08:54:53',NULL,NULL,1),(289,'2016-08-28 09:01:44',NULL,NULL,13932003025,NULL,'0e831779388258b21d35ba9ec7ec2ce9',NULL,NULL,0,0,'2016-08-28 09:01:44',NULL,NULL,1),(290,'2016-08-28 09:04:32',NULL,'白城市舞林之星舞蹈培训学校',13204366115,NULL,'59375b9ce71db96c397ac01961cf2b1e',NULL,NULL,0,0,'2016-08-28 09:07:21',NULL,144,1),(291,'2016-08-28 09:17:39',NULL,NULL,13466641033,NULL,'930722432813146da82742d7ff9ce259',NULL,NULL,0,0,'2016-08-28 09:17:39',NULL,NULL,1),(292,'2016-08-28 09:31:26',NULL,'江苏省邳州市直线画室',15852129198,'/resources/upload/image/2016/7/21dd3b7458afcb6338737aa9dc30d96a','3e2f2b14bdc23da602350f9b41801e96',NULL,NULL,0,0,'2016-08-28 09:36:39',NULL,145,1),(293,'2016-08-28 09:34:56',NULL,'博远教育',15990327277,NULL,'f500f6de5426bd053d6a5d8c0402148c',NULL,NULL,0,0,'2016-08-28 09:37:16',NULL,146,1),(294,'2016-08-28 10:14:32',NULL,NULL,18307996112,NULL,'70a8b12f19a219394983b5444aec289d',NULL,NULL,0,0,'2016-08-28 10:14:32',NULL,NULL,1),(295,'2016-08-28 13:38:21',NULL,'高平市水墨书法学校',18635627980,NULL,'3759ba160850f617b647e908b02d6ff4',NULL,NULL,0,0,'2016-08-28 13:45:04',NULL,147,1),(296,'2016-08-28 13:47:00',NULL,NULL,15147469635,NULL,'50bdc595eab632d955b9d86811cf3903',NULL,NULL,0,0,'2016-08-28 13:47:00',NULL,NULL,1),(297,'2016-08-28 14:07:03',NULL,NULL,13863544260,NULL,'b28f6a0fd5ad13d9a6a069a5785a2599',NULL,NULL,0,0,'2016-08-28 14:07:03',NULL,NULL,1),(298,'2016-08-28 16:04:16',NULL,NULL,13969618313,NULL,'e6327bc9330fe824ef0982f96b6a1454',NULL,NULL,0,0,'2016-08-28 16:04:16',NULL,NULL,1),(299,'2016-08-28 16:50:57',NULL,NULL,13212926208,NULL,'ed1c8ea20b1f9d07c9f0ea22d87f945e',NULL,NULL,0,0,'2016-08-28 16:50:57',NULL,NULL,1),(300,'2016-08-28 19:31:26',NULL,NULL,13633498849,NULL,'bb2ffde836f533ecdda83cd73c8f5003',NULL,NULL,0,0,'2016-08-28 19:31:26',NULL,NULL,1),(301,'2016-08-28 20:48:52',NULL,'阳光教育～小荷书院',18950971289,'/resources/upload/image/2016/7/4e425e59bfcb46c0f43698ac9c12c589','b900339f48b86ec753111092b5a70a2f',NULL,NULL,0,0,'2016-08-28 20:52:48',NULL,148,1),(302,'2016-08-29 10:08:11',NULL,NULL,15010202683,NULL,'e10adc3949ba59abbe56e057f20f883e',NULL,NULL,0,0,'2016-08-29 10:08:11',NULL,NULL,1),(303,'2016-08-29 11:50:08',NULL,'发到付',18301410831,NULL,'5b87142047ca8e6f4013bc29bd8aeed6',NULL,NULL,0,0,'2016-08-30 15:50:32',NULL,153,1),(304,'2016-08-29 14:11:10',NULL,NULL,18234911285,NULL,'ec204be809599a865ce77454acf2a4e9',NULL,NULL,0,0,'2016-08-29 14:11:10',NULL,NULL,1),(305,'2016-08-29 14:29:42',NULL,NULL,13336697123,NULL,'ae0e7a9b5a46091dd97837eba00cf700',NULL,NULL,0,0,'2016-08-29 14:29:42',NULL,NULL,1),(306,'2016-08-29 14:33:56',NULL,NULL,13644631695,NULL,'befe9f8a14346e3e52c762f333395796',NULL,NULL,0,0,'2016-08-29 14:33:56',NULL,NULL,1),(307,'2016-08-29 17:01:16',NULL,NULL,18069735997,NULL,'bb86480e4ab99e043889d6e13089e206',NULL,NULL,0,0,'2016-08-29 17:01:16',NULL,NULL,1),(308,'2016-08-29 20:21:30',NULL,NULL,18510706375,NULL,'a1f4608dee40eec8935570a3c455dc3e',NULL,NULL,0,0,'2016-08-29 20:21:30',NULL,NULL,1),(309,'2016-08-29 20:45:49',NULL,NULL,13356221212,NULL,'dfbfbc7839ed9bc549bc5839b492aa95',NULL,NULL,0,0,'2016-08-29 20:45:49',NULL,NULL,1),(310,'2016-08-29 21:41:45',NULL,NULL,15071917555,NULL,'4f8ca62684fa231ec22264da2fcae9fa',NULL,NULL,0,0,'2016-08-29 21:41:45',NULL,NULL,1),(311,'2016-08-29 23:21:41',NULL,NULL,18963406175,NULL,'6ca0d9de43b5356d3328c809629652bc',NULL,NULL,0,0,'2016-08-29 23:21:41',NULL,NULL,1),(312,'2016-08-30 07:24:26',NULL,'慧明教育',18635843841,'/resources/upload/image/2016/7/07961da41e0e2b141b64e5aaf64439bc','c8837b23ff8aaa8a2dde915473ce0991',NULL,NULL,0,0,'2016-08-30 07:26:59',NULL,NULL,1),(313,'2016-08-30 09:18:57',NULL,'湖北十堰心飞扬舞蹈培训中心',13593741314,'/resources/upload/image/2016/7/365d4ff1f0bf367cd4edc9ff0f33860f','a15f5011b0695d6af5dec84bfdd79567',NULL,NULL,0,0,'2016-08-30 09:22:07',NULL,NULL,1),(314,'2016-08-30 21:29:23',NULL,NULL,18686958338,NULL,'0229a4523db5f6efc079969a44320aad',NULL,NULL,0,0,'2016-08-30 21:29:23',NULL,NULL,1),(315,'2016-08-30 23:11:55',NULL,'一鸣琴行',13140681233,NULL,'53df206953c4f9ce18c5bf28d597f081',NULL,NULL,0,0,'2016-08-30 23:12:44',NULL,NULL,1),(316,'2016-08-31 08:13:37',NULL,NULL,13303975133,NULL,'9accfbf295f343ba3a0045f771705c43',NULL,NULL,0,0,'2016-08-31 08:13:37',NULL,NULL,1);
/*!40000 ALTER TABLE `user` ENABLE KEYS */;
UNLOCK TABLES;

--
-- Table structure for table `user_level`
--

DROP TABLE IF EXISTS `user_level`;
/*!40101 SET @saved_cs_client     = @@character_set_client */;
/*!40101 SET character_set_client = utf8 */;
CREATE TABLE `user_level` (
  `id` int(11) NOT NULL AUTO_INCREMENT,
  `create_time` datetime DEFAULT NULL,
  `flag` int(11) DEFAULT NULL,
  `name` varchar(255) COLLATE utf8_unicode_ci NOT NULL,
  `thumb` varchar(255) COLLATE utf8_unicode_ci DEFAULT NULL,
  `type` int(11) NOT NULL,
  `update_time` datetime DEFAULT NULL,
  PRIMARY KEY (`id`),
  UNIQUE KEY `UK_9hg40vkmmjg0l4y05x2aulrxt` (`flag`)
) ENGINE=InnoDB AUTO_INCREMENT=9 DEFAULT CHARSET=utf8 COLLATE=utf8_unicode_ci;
/*!40101 SET character_set_client = @saved_cs_client */;

--
-- Dumping data for table `user_level`
--

LOCK TABLES `user_level` WRITE;
/*!40000 ALTER TABLE `user_level` DISABLE KEYS */;
INSERT INTO `user_level` VALUES (1,'2016-06-23 17:18:38',0,'免费会员','member_0.png',0,NULL),(2,'2016-06-23 17:18:38',10,'普通会员','member_10.png',0,NULL),(3,'2016-06-23 17:18:38',20,'黄金会员','member_20.png',0,NULL),(4,'2016-06-23 17:18:38',30,'vip会员','member_30.png',0,NULL),(5,'2016-06-23 17:18:38',100,'顾问','member_100.png',1,NULL),(6,'2016-06-23 17:18:38',200,'导师','member_200.png',1,NULL),(7,'2016-06-23 17:18:38',300,'财务','member_300.png',1,NULL),(8,'2016-06-23 11:29:05',400,'管理员','member_400.png',1,NULL);
/*!40000 ALTER TABLE `user_level` ENABLE KEYS */;
UNLOCK TABLES;

--
-- Table structure for table `user_token`
--

DROP TABLE IF EXISTS `user_token`;
/*!40101 SET @saved_cs_client     = @@character_set_client */;
/*!40101 SET character_set_client = utf8 */;
CREATE TABLE `user_token` (
  `device_type` varchar(255) NOT NULL,
  `create_time` datetime DEFAULT NULL,
  `device_id` varchar(255) DEFAULT NULL,
  `last_access_time` datetime DEFAULT NULL,
  `token` varchar(255) NOT NULL,
  `user_id` bigint(20) NOT NULL,
  PRIMARY KEY (`device_type`,`user_id`),
  UNIQUE KEY `UK_rif72qe73gbnjan23nhglof67` (`token`),
  KEY `FKraru0qloxyh7wacxneiam2hi7` (`user_id`),
  CONSTRAINT `FKraru0qloxyh7wacxneiam2hi7` FOREIGN KEY (`user_id`) REFERENCES `user` (`id`)
) ENGINE=InnoDB DEFAULT CHARSET=latin1;
/*!40101 SET character_set_client = @saved_cs_client */;

--
-- Dumping data for table `user_token`
--

LOCK TABLES `user_token` WRITE;
/*!40000 ALTER TABLE `user_token` DISABLE KEYS */;
/*!40000 ALTER TABLE `user_token` ENABLE KEYS */;
UNLOCK TABLES;
/*!40103 SET TIME_ZONE=@OLD_TIME_ZONE */;

/*!40101 SET SQL_MODE=@OLD_SQL_MODE */;
/*!40014 SET FOREIGN_KEY_CHECKS=@OLD_FOREIGN_KEY_CHECKS */;
/*!40014 SET UNIQUE_CHECKS=@OLD_UNIQUE_CHECKS */;
/*!40101 SET CHARACTER_SET_CLIENT=@OLD_CHARACTER_SET_CLIENT */;
/*!40101 SET CHARACTER_SET_RESULTS=@OLD_CHARACTER_SET_RESULTS */;
/*!40101 SET COLLATION_CONNECTION=@OLD_COLLATION_CONNECTION */;
/*!40111 SET SQL_NOTES=@OLD_SQL_NOTES */;

-- Dump completed on 2016-09-01  0:00:01
